genus,species,accession,phenotype,antibiotic,measurement_sign,measurement_value,measurement_unit,laboratory_typing_method,laboratory_typing_platform,testing_standard,testing_standard_year,publication,isolation_source,isolation_country,collection_date
Neisseria,gonorrhoeae,DRR124693,Intermediate,TET,Neisseria gonorrhoeae,0.5,mg/L,Disk diffusion,E-test,CLSI,2013,32602459,NA,Japan,NA
Staphylococcus,aureus,DRR170693,Intermediate,ERY,NA,4,mg/L,Broth dilution,NA,CLSI,2013,31474962,blood specimens of a persistent bacteremia patient,Japan,NA
Staphylococcus,aureus,DRR170697,Intermediate,ERY,NA,4,mg/L,Broth dilution,NA,CLSI,2013,31474962,NA,2015,NA
Staphylococcus,aureus,DRR170701,Intermediate,ERY,NA,4,mg/L,Broth dilution,NA,CLSI,2013,31474962,NA,2015,NA
Streptococcus,pneumoniae,ERR016635,Resistant,ERY,NA,256,mg/L,Broth dilution,NA,CLSI,2013,NA,Blood,Viet Nam,NA
Streptococcus,pneumoniae,ERR016637,Resistant,ERY,NA,256,mg/L,Broth dilution,NA,CLSI,2013,NA,CSF,Viet Nam,NA
Streptococcus,pneumoniae,ERR016639,Resistant,ERY,NA,128,mg/L,Broth dilution,NA,CLSI,2013,NA,Blood,Viet Nam,NA
Streptococcus,pneumoniae,ERR016640,Resistant,ERY,NA,128,mg/L,Broth dilution,NA,CLSI,2013,NA,Blood,Viet Nam,NA
Streptococcus,pneumoniae,ERR016645,Resistant,ERY,NA,4,mg/L,Broth dilution,NA,CLSI,2013,NA,Sputum,Thailand,NA
Streptococcus,pneumoniae,ERR016646,Resistant,ERY,NA,128,mg/L,Broth dilution,NA,CLSI,2013,NA,Sputum,South Korea,NA
Streptococcus,pneumoniae,ERR016648,Resistant,ERY,NA,4,mg/L,Broth dilution,NA,CLSI,2013,NA,Tracheal aspirate,South Korea,NA
Streptococcus,pneumoniae,ERR016650,Resistant,ERY,NA,128,mg/L,Broth dilution,NA,CLSI,2013,NA,Sputum,South Korea,NA
Streptococcus,pneumoniae,ERR016652,Resistant,ERY,NA,128,mg/L,Broth dilution,NA,CLSI,2013,NA,NA,Thailand,NA
Streptococcus,pneumoniae,ERR016653,Resistant,ERY,NA,4,mg/L,Broth dilution,NA,CLSI,2013,NA,Sputum,Thailand,NA
Streptococcus,pneumoniae,ERR016654,Resistant,ERY,NA,4,mg/L,Broth dilution,NA,CLSI,2013,NA,Blood,Taiwan,NA
Streptococcus,pneumoniae,ERR016655,Resistant,ERY,NA,128,mg/L,Broth dilution,NA,CLSI,2013,NA,Blood,Viet Nam,NA
Streptococcus,pneumoniae,ERR016656,Resistant,ERY,NA,8,mg/L,Broth dilution,NA,CLSI,2013,NA,Sputum,South Korea,NA
Streptococcus,pneumoniae,ERR016658,Resistant,ERY,NA,128,mg/L,Broth dilution,NA,CLSI,2013,NA,Sputum,South Korea,NA
Streptococcus,pneumoniae,ERR016663,Resistant,ERY,NA,8,mg/L,Broth dilution,NA,CLSI,2013,NA,Sputum,South Korea,NA
Streptococcus,pneumoniae,ERR016664,Resistant,ERY,NA,128,mg/L,Broth dilution,NA,CLSI,2013,NA,Tracheal aspirate,South Korea,NA
Streptococcus,pneumoniae,ERR016666,Resistant,ERY,NA,1,mg/L,Broth dilution,NA,CLSI,2013,NA,Nasal/Nasopharynx,South Korea,NA
Streptococcus,pneumoniae,ERR016668,Resistant,ERY,NA,128,mg/L,Broth dilution,NA,CLSI,2013,NA,Blood,South Korea,NA
Streptococcus,pneumoniae,ERR016669,Resistant,ERY,NA,32,mg/L,Broth dilution,NA,CLSI,2013,NA,Blood,Georgia,NA
Streptococcus,pneumoniae,ERR016670,Resistant,ERY,NA,32,mg/L,Broth dilution,NA,CLSI,2013,NA,Blood,USA,NA
Streptococcus,pneumoniae,ERR016672,Resistant,ERY,NA,4,mg/L,Broth dilution,NA,CLSI,2013,NA,Blood,USA,NA
Streptococcus,pneumoniae,ERR016679,Resistant,ERY,NA,32,mg/L,Broth dilution,NA,CLSI,2013,NA,Blood,USA,NA
Streptococcus,pneumoniae,ERR016681,Resistant,ERY,NA,32,mg/L,Broth dilution,NA,CLSI,2013,NA,Blood,USA,NA
Streptococcus,pneumoniae,ERR016694,Resistant,ERY,NA,1,mg/L,Broth dilution,NA,CLSI,2013,NA,Blood & CSF,Singapore,NA
Streptococcus,pneumoniae,ERR016695,Resistant,ERY,NA,4,mg/L,Broth dilution,NA,CLSI,2013,NA,NA,Singapore,NA
Streptococcus,pneumoniae,ERR016699,Resistant,ERY,NA,4,mg/L,Broth dilution,NA,CLSI,2013,NA,Sputum,Hong Kong,NA
Streptococcus,pneumoniae,ERR016700,Resistant,ERY,NA,4,mg/L,Broth dilution,NA,CLSI,2013,NA,Sputum,Hong Kong,NA
Streptococcus,pneumoniae,ERR016713,Resistant,ERY,NA,32,mg/L,Broth dilution,NA,CLSI,2013,NA,Blood,USA,NA
Streptococcus,pneumoniae,ERR016721,Resistant,ERY,NA,32,mg/L,Broth dilution,NA,CLSI,2013,NA,Blood,USA,NA
Streptococcus,pneumoniae,ERR016725,Susceptible,ERY,NA,0.125,mg/L,Broth dilution,NA,CLSI,2013,NA,Blood,Denmark,NA
Streptococcus,pneumoniae,ERR016728,Resistant,ERY,NA,256,mg/L,Broth dilution,NA,CLSI,2013,NA,Nasopharynx,Denmark,NA
Streptococcus,pneumoniae,ERR016729,Resistant,ERY,NA,256,mg/L,Broth dilution,NA,CLSI,2013,NA,Sputum,Denmark,NA
Streptococcus,pneumoniae,ERR016736,Susceptible,ERY,NA,0.12,mg/L,Broth dilution,NA,CLSI,2013,NA,NA,Germany,NA
Streptococcus,pneumoniae,ERR016745,Intermediate,ERY,NA,0.5,mg/L,Broth dilution,NA,CLSI,2013,NA,NA,Spain,NA
Streptococcus,pneumoniae,ERR016746,Resistant,ERY,NA,64,mg/L,Broth dilution,NA,CLSI,2013,NA,Blood,South Africa,NA
Streptococcus,pneumoniae,ERR016747,Resistant,ERY,NA,64,mg/L,Broth dilution,NA,CLSI,2013,NA,Blood,South Africa,NA
Streptococcus,pneumoniae,ERR016750,Resistant,ERY,NA,64,mg/L,Broth dilution,NA,CLSI,2013,NA,Blood,South Africa,NA
Streptococcus,pneumoniae,ERR016751,Resistant,ERY,NA,64,mg/L,Broth dilution,NA,CLSI,2013,NA,Blood,South Africa,NA
Streptococcus,pneumoniae,ERR016753,Resistant,ERY,NA,64,mg/L,Broth dilution,NA,CLSI,2013,NA,Blood & CSF,South Africa,NA
Streptococcus,pneumoniae,ERR016756,Resistant,ERY,NA,64,mg/L,Broth dilution,NA,CLSI,2013,NA,Blood,South Africa,NA
Streptococcus,pneumoniae,ERR016758,Resistant,ERY,NA,64,mg/L,Broth dilution,NA,CLSI,2013,NA,Blood,South Africa,NA
Streptococcus,pneumoniae,ERR016759,Resistant,ERY,NA,256,mg/L,Broth dilution,NA,CLSI,2013,NA,Blood,South Africa,NA
Streptococcus,pneumoniae,ERR016766,Resistant,ERY,NA,256,mg/L,Broth dilution,NA,CLSI,2013,NA,Blood & CSF,South Africa,NA
Streptococcus,pneumoniae,ERR016769,Resistant,ERY,NA,256,mg/L,Broth dilution,NA,CLSI,2013,NA,Blood,South Africa,NA
Streptococcus,pneumoniae,ERR016772,Resistant,ERY,NA,256,mg/L,Broth dilution,NA,CLSI,2013,NA,Pleural fluid,South Africa,NA
Streptococcus,pneumoniae,ERR016777,Resistant,ERY,NA,256,mg/L,Broth dilution,NA,CLSI,2013,NA,Blood & Pleural,South Africa,NA
Streptococcus,pneumoniae,ERR016782,Resistant,ERY,NA,256,mg/L,Broth dilution,NA,CLSI,2013,NA,Blood,South Africa,NA
Streptococcus,pneumoniae,ERR016794,Resistant,ERY,NA,3,mg/L,Broth dilution,NA,CLSI,2013,NA,Blood,South Africa,NA
Streptococcus,pneumoniae,ERR016798,Resistant,ERY,NA,256,mg/L,Broth dilution,NA,CLSI,2013,NA,CSF,South Africa,NA
Streptococcus,pneumoniae,ERR016800,Resistant,ERY,NA,256,mg/L,Broth dilution,NA,CLSI,2013,NA,Blood,South Africa,NA
Streptococcus,pneumoniae,ERR016802,Resistant,ERY,NA,256,mg/L,Broth dilution,NA,CLSI,2013,NA,CSF,South Africa,NA
Streptococcus,pneumoniae,ERR016839,Susceptible,ERY,NA,0.12,mg/L,Broth dilution,NA,CLSI,2013,NA,Blood,Germany,NA
Streptococcus,pneumoniae,ERR016840,Resistant,ERY,NA,32,mg/L,Broth dilution,NA,CLSI,2013,NA,Blood,Germany,NA
Streptococcus,pneumoniae,ERR016843,Susceptible,ERY,NA,0.12,mg/L,Broth dilution,NA,CLSI,2013,NA,NA,Germany,NA
Streptococcus,pneumoniae,ERR016847,Susceptible,ERY,NA,0.06,mg/L,Broth dilution,NA,CLSI,2013,NA,CSF,Germany,NA
Streptococcus,pneumoniae,ERR016857,Resistant,ERY,NA,4,mg/L,Broth dilution,NA,CLSI,2013,NA,Blood,USA,NA
Streptococcus,pneumoniae,ERR016860,Resistant,ERY,NA,32,mg/L,Broth dilution,NA,CLSI,2013,NA,Blood,USA,NA
Streptococcus,pneumoniae,ERR018818,Resistant,ERY,NA,32,mg/L,Broth dilution,NA,CLSI,2013,NA,NA,Russia,NA
Streptococcus,pneumoniae,ERR018823,Resistant,ERY,NA,32,mg/L,Broth dilution,NA,CLSI,2013,NA,Sputum,Russia,NA
Streptococcus,pneumoniae,ERR018826,Resistant,ERY,NA,32,mg/L,Broth dilution,NA,CLSI,2013,NA,Tracheal secretion,Russia,NA
Streptococcus,pneumoniae,ERR019702,Resistant,ERY,NA,128,mg/L,Broth dilution,NA,CLSI,2013,NA,Blood,Viet Nam,NA
Streptococcus,pneumoniae,ERR019703,Resistant,ERY,NA,512,mg/L,Broth dilution,NA,CLSI,2013,NA,CSF,Viet Nam,NA
Streptococcus,pneumoniae,ERR019710,Resistant,ERY,NA,256,mg/L,Broth dilution,NA,CLSI,2013,NA,NA,Viet Nam,NA
Streptococcus,pneumoniae,ERR019714,Resistant,ERY,NA,32,mg/L,Broth dilution,NA,CLSI,2013,NA,Blood,USA,NA
Streptococcus,pneumoniae,ERR019719,Resistant,ERY,NA,4,mg/L,Broth dilution,NA,CLSI,2013,NA,Blood,USA,NA
Streptococcus,pneumoniae,ERR019720,Resistant,ERY,NA,4,mg/L,Broth dilution,NA,CLSI,2013,NA,Blood,USA,NA
Streptococcus,pneumoniae,ERR019723,Resistant,ERY,NA,32,mg/L,Broth dilution,NA,CLSI,2013,NA,Blood,USA,NA
Streptococcus,pneumoniae,ERR019725,Resistant,ERY,NA,32,mg/L,Broth dilution,NA,CLSI,2013,NA,Blood,USA,NA
Streptococcus,pneumoniae,ERR019731,Resistant,ERY,NA,4,mg/L,Broth dilution,NA,CLSI,2013,NA,Blood,USA,NA
Streptococcus,pneumoniae,ERR019734,Resistant,ERY,NA,32,mg/L,Broth dilution,NA,CLSI,2013,NA,Blood,USA,NA
Streptococcus,pneumoniae,ERR023417,Resistant,ERY,NA,16,mg/L,Broth dilution,NA,CLSI,2013,NA,Blood,United Kingdom,NA
Streptococcus,pneumoniae,ERR023426,Resistant,ERY,NA,16,mg/L,Broth dilution,NA,CLSI,2013,NA,Blood,United Kingdom,NA
Streptococcus,pneumoniae,ERR023429,Resistant,ERY,NA,16,mg/L,Broth dilution,NA,CLSI,2013,NA,Blood,United Kingdom,NA
Streptococcus,pneumoniae,ERR023434,Susceptible,ERY,<=,0.125,mg/L,Broth dilution,NA,CLSI,2013,NA,Sputum,United Kingdom,NA
Streptococcus,pneumoniae,ERR023438,Resistant,ERY,NA,2,mg/L,Broth dilution,NA,CLSI,2013,NA,Blood,USA,NA
Streptococcus,pneumoniae,ERR023439,Resistant,ERY,NA,16,mg/L,Broth dilution,NA,CLSI,2013,NA,Blood,United Kingdom,NA
Streptococcus,pneumoniae,ERR023449,Resistant,ERY,NA,16,mg/L,Broth dilution,NA,CLSI,2013,NA,Blood,United Kingdom,NA
Streptococcus,pneumoniae,ERR023451,Resistant,ERY,NA,16,mg/L,Broth dilution,NA,CLSI,2013,NA,Blood,United Kingdom,NA
Streptococcus,pneumoniae,ERR023453,Resistant,ERY,NA,16,mg/L,Broth dilution,NA,CLSI,2013,NA,Blood,United Kingdom,NA
Streptococcus,pneumoniae,ERR023457,Susceptible,ERY,<=,0.125,mg/L,Broth dilution,NA,CLSI,2013,NA,Nasopharynx,United Kingdom,NA
Streptococcus,pneumoniae,ERR024211,Resistant,ERY,NA,64,mg/L,Broth dilution,NA,CLSI,2013,NA,Lung,France,NA
Streptococcus,pneumoniae,ERR024218,Resistant,ERY,NA,64,mg/L,Broth dilution,NA,CLSI,2013,NA,Respiratory tract,France,NA
Streptococcus,pneumoniae,ERR024225,Resistant,ERY,NA,4,mg/L,Broth dilution,NA,CLSI,2013,NA,Respiratory tract,Spain,NA
Streptococcus,pneumoniae,ERR024232,Resistant,ERY,NA,64,mg/L,Broth dilution,NA,CLSI,2013,NA,Respiratory tract,Spain,NA
Streptococcus,pneumoniae,ERR024276,Intermediate,ERY,NA,0.5,mg/L,Broth dilution,NA,CLSI,2013,NA,NA,Canada,NA
Streptococcus,pneumoniae,ERR024277,Resistant,ERY,NA,2,mg/L,Broth dilution,NA,CLSI,2013,NA,NA,Canada,NA
Streptococcus,pneumoniae,ERR024278,Resistant,ERY,NA,1,mg/L,Broth dilution,NA,CLSI,2013,NA,NA,Canada,NA
Staphylococcus,aureus,ERR029343,Resistant,ERY,NA,NA,NA,Disk diffusion,NA,CLSI,2013,25903077,NA,Singapore,NA
Staphylococcus,aureus,ERR029344,Susceptible,ERY,NA,NA,NA,Disk diffusion,NA,CLSI,2013,25903077,NA,Singapore,NA
Staphylococcus,aureus,ERR029345,Resistant,ERY,NA,NA,NA,Disk diffusion,NA,CLSI,2013,25903077,NA,Singapore,NA
Staphylococcus,aureus,ERR029347,Resistant,ERY,NA,NA,NA,Disk diffusion,NA,CLSI,2013,25903077,NA,Singapore,NA
Staphylococcus,aureus,ERR029348,Susceptible,ERY,NA,NA,NA,Disk diffusion,NA,CLSI,2013,25903077,NA,Singapore,NA
Staphylococcus,aureus,ERR029350,Resistant,ERY,NA,NA,NA,Disk diffusion,NA,CLSI,2013,25903077,NA,Singapore,NA
Staphylococcus,aureus,ERR029351,Resistant,ERY,NA,NA,NA,Disk diffusion,NA,CLSI,2013,25903077,NA,Singapore,NA
Staphylococcus,aureus,ERR029353,Resistant,ERY,NA,NA,NA,Disk diffusion,NA,CLSI,2013,25903077,NA,Singapore,NA
Staphylococcus,aureus,ERR029357,Resistant,ERY,NA,NA,NA,Disk diffusion,NA,CLSI,2013,25903077,NA,Singapore,NA
Staphylococcus,aureus,ERR029358,Resistant,ERY,NA,NA,NA,Disk diffusion,NA,CLSI,2013,25903077,NA,Singapore,NA
Staphylococcus,aureus,ERR029359,Resistant,ERY,NA,NA,NA,Disk diffusion,NA,CLSI,2013,25903077,NA,Singapore,NA
Staphylococcus,aureus,ERR029360,Resistant,ERY,NA,NA,NA,Disk diffusion,NA,CLSI,2013,25903077,NA,Singapore,NA
Staphylococcus,aureus,ERR029363,Resistant,ERY,NA,NA,NA,Disk diffusion,NA,CLSI,2013,25903077,NA,Singapore,NA
Staphylococcus,aureus,ERR029367,Resistant,ERY,NA,NA,NA,Disk diffusion,NA,CLSI,2013,25903077,NA,Singapore,NA
Staphylococcus,aureus,ERR029369,Resistant,ERY,NA,NA,NA,Disk diffusion,NA,CLSI,2013,25903077,NA,Singapore,NA
Staphylococcus,aureus,ERR029373,Resistant,ERY,NA,NA,NA,Disk diffusion,NA,CLSI,2013,25903077,NA,Singapore,NA
Staphylococcus,aureus,ERR029374,Resistant,ERY,NA,NA,NA,Disk diffusion,NA,CLSI,2013,25903077,NA,Singapore,NA
Staphylococcus,aureus,ERR029376,Resistant,ERY,NA,NA,NA,Disk diffusion,NA,CLSI,2013,25903077,NA,Singapore,NA
Staphylococcus,aureus,ERR029378,Resistant,ERY,NA,NA,NA,Disk diffusion,NA,CLSI,2013,25903077,NA,Singapore,NA
Staphylococcus,aureus,ERR029379,Susceptible,ERY,NA,NA,NA,Disk diffusion,NA,CLSI,2013,25903077,NA,Singapore,NA
Staphylococcus,aureus,ERR029380,Resistant,ERY,NA,NA,NA,Disk diffusion,NA,CLSI,2013,25903077,NA,Singapore,NA
Staphylococcus,aureus,ERR029388,Resistant,ERY,NA,NA,NA,Disk diffusion,NA,CLSI,2013,25903077,NA,Singapore,NA
Staphylococcus,aureus,ERR029389,Resistant,ERY,NA,NA,NA,Disk diffusion,NA,CLSI,2013,25903077,NA,Singapore,NA
Staphylococcus,aureus,ERR029456,Resistant,ERY,NA,NA,NA,Disk diffusion,NA,CLSI,2013,25903077,NA,Singapore,NA
Staphylococcus,aureus,ERR029462,Resistant,ERY,NA,NA,NA,Disk diffusion,NA,CLSI,2013,25903077,NA,Singapore,NA
Staphylococcus,aureus,ERR029463,Resistant,ERY,NA,NA,NA,Disk diffusion,NA,CLSI,2013,25903077,NA,Singapore,NA
Staphylococcus,aureus,ERR029464,Resistant,ERY,NA,NA,NA,Disk diffusion,NA,CLSI,2013,25903077,NA,Singapore,NA
Staphylococcus,aureus,ERR029465,Resistant,ERY,NA,NA,NA,Disk diffusion,NA,CLSI,2013,25903077,NA,Singapore,NA
Staphylococcus,aureus,ERR029472,Resistant,ERY,NA,NA,NA,Disk diffusion,NA,CLSI,2013,25903077,NA,Singapore,NA
Staphylococcus,aureus,ERR029473,Resistant,ERY,NA,NA,NA,Disk diffusion,NA,CLSI,2013,25903077,NA,Singapore,NA
Staphylococcus,aureus,ERR029476,Resistant,ERY,NA,NA,NA,Disk diffusion,NA,CLSI,2013,25903077,NA,Singapore,NA
Staphylococcus,aureus,ERR029478,Resistant,ERY,NA,NA,NA,Disk diffusion,NA,CLSI,2013,25903077,NA,Singapore,NA
Staphylococcus,aureus,ERR030145,Resistant,ERY,NA,NA,NA,Disk diffusion,NA,CLSI,2013,25903077,NA,Singapore,NA
Staphylococcus,aureus,ERR030148,Resistant,ERY,NA,NA,NA,Disk diffusion,NA,CLSI,2013,25903077,NA,Singapore,NA
Staphylococcus,aureus,ERR030150,Resistant,ERY,NA,NA,NA,Disk diffusion,NA,CLSI,2013,25903077,NA,Singapore,NA
Staphylococcus,aureus,ERR030153,Susceptible,ERY,NA,NA,NA,Disk diffusion,NA,CLSI,2013,25903077,NA,Singapore,NA
Staphylococcus,aureus,ERR030158,Resistant,ERY,NA,NA,NA,Disk diffusion,NA,CLSI,2013,25903077,NA,Singapore,NA
Staphylococcus,aureus,ERR030159,Resistant,ERY,NA,NA,NA,Disk diffusion,NA,CLSI,2013,25903077,NA,Singapore,NA
Staphylococcus,aureus,ERR030161,Resistant,ERY,NA,NA,NA,Disk diffusion,NA,CLSI,2013,25903077,NA,Singapore,NA
Staphylococcus,aureus,ERR030162,Resistant,ERY,NA,NA,NA,Disk diffusion,NA,CLSI,2013,25903077,NA,Singapore,NA
Staphylococcus,aureus,ERR030167,Resistant,ERY,NA,NA,NA,Disk diffusion,NA,CLSI,2013,25903077,NA,Singapore,NA
Staphylococcus,aureus,ERR030168,Resistant,ERY,NA,NA,NA,Disk diffusion,NA,CLSI,2013,25903077,NA,Singapore,NA
Staphylococcus,aureus,ERR030170,Resistant,ERY,NA,NA,NA,Disk diffusion,NA,CLSI,2013,25903077,NA,Singapore,NA
Staphylococcus,aureus,ERR030171,Resistant,ERY,NA,NA,NA,Disk diffusion,NA,CLSI,2013,25903077,NA,Singapore,NA
Staphylococcus,aureus,ERR030172,Resistant,ERY,NA,NA,NA,Disk diffusion,NA,CLSI,2013,25903077,NA,Singapore,NA
Staphylococcus,aureus,ERR030175,Resistant,ERY,NA,NA,NA,Disk diffusion,NA,CLSI,2013,25903077,NA,Singapore,NA
Staphylococcus,aureus,ERR030181,Resistant,ERY,NA,NA,NA,Disk diffusion,NA,CLSI,2013,25903077,NA,Singapore,NA
Staphylococcus,aureus,ERR030183,Resistant,ERY,NA,NA,NA,Disk diffusion,NA,CLSI,2013,25903077,NA,Singapore,NA
Staphylococcus,aureus,ERR030184,Resistant,ERY,NA,NA,NA,Disk diffusion,NA,CLSI,2013,25903077,NA,Singapore,NA
Staphylococcus,aureus,ERR030186,Resistant,ERY,NA,NA,NA,Disk diffusion,NA,CLSI,2013,25903077,NA,Singapore,NA
Staphylococcus,aureus,ERR030189,Resistant,ERY,NA,NA,NA,Disk diffusion,NA,CLSI,2013,25903077,NA,Singapore,NA
Staphylococcus,aureus,ERR030191,Resistant,ERY,NA,NA,NA,Disk diffusion,NA,CLSI,2013,25903077,NA,Singapore,NA
Staphylococcus,aureus,ERR030193,Resistant,ERY,NA,NA,NA,Disk diffusion,NA,CLSI,2013,25903077,NA,Singapore,NA
Staphylococcus,aureus,ERR030194,Resistant,ERY,NA,NA,NA,Disk diffusion,NA,CLSI,2013,25903077,NA,Singapore,NA
Staphylococcus,aureus,ERR030197,Resistant,ERY,NA,NA,NA,Disk diffusion,NA,CLSI,2013,25903077,NA,Singapore,NA
Staphylococcus,aureus,ERR030201,Resistant,ERY,NA,NA,NA,Disk diffusion,NA,CLSI,2013,25903077,NA,Singapore,NA
Staphylococcus,aureus,ERR030202,Resistant,ERY,NA,NA,NA,Disk diffusion,NA,CLSI,2013,25903077,NA,Singapore,NA
Staphylococcus,aureus,ERR030204,Resistant,ERY,NA,NA,NA,Disk diffusion,NA,CLSI,2013,25903077,NA,Singapore,NA
Staphylococcus,aureus,ERR030210,Resistant,ERY,NA,NA,NA,Disk diffusion,NA,CLSI,2013,25903077,NA,Singapore,NA
Staphylococcus,aureus,ERR030213,Resistant,ERY,NA,NA,NA,Disk diffusion,NA,CLSI,2013,25903077,NA,Singapore,NA
Staphylococcus,aureus,ERR030214,Resistant,ERY,NA,NA,NA,Disk diffusion,NA,CLSI,2013,25903077,NA,Singapore,NA
Staphylococcus,aureus,ERR030215,Resistant,ERY,NA,NA,NA,Disk diffusion,NA,CLSI,2013,25903077,NA,Singapore,NA
Staphylococcus,aureus,ERR030222,Resistant,ERY,NA,NA,NA,Disk diffusion,NA,CLSI,2013,25903077,NA,Singapore,NA
Staphylococcus,aureus,ERR030226,Susceptible,ERY,NA,NA,NA,Disk diffusion,NA,CLSI,2013,25903077,NA,Singapore,NA
Staphylococcus,aureus,ERR030231,Resistant,ERY,NA,NA,NA,Disk diffusion,NA,CLSI,2013,25903077,NA,Singapore,NA
Staphylococcus,aureus,ERR030234,Resistant,ERY,NA,NA,NA,Disk diffusion,NA,CLSI,2013,25903077,NA,Singapore,NA
Staphylococcus,aureus,ERR030238,Resistant,ERY,NA,NA,NA,Disk diffusion,NA,CLSI,2013,25903077,NA,Singapore,NA
Staphylococcus,aureus,ERR030239,Resistant,ERY,NA,NA,NA,Disk diffusion,NA,CLSI,2013,25903077,NA,Singapore,NA
Staphylococcus,aureus,ERR030241,Resistant,ERY,NA,NA,NA,Disk diffusion,NA,CLSI,2013,25903077,NA,Singapore,NA
Staphylococcus,aureus,ERR030242,Resistant,ERY,NA,NA,NA,Disk diffusion,NA,CLSI,2013,25903077,NA,Singapore,NA
Staphylococcus,aureus,ERR030244,Resistant,ERY,NA,NA,NA,Disk diffusion,NA,CLSI,2013,25903077,NA,Singapore,NA
Staphylococcus,aureus,ERR030245,Resistant,ERY,NA,NA,NA,Disk diffusion,NA,CLSI,2013,25903077,NA,Singapore,NA
Staphylococcus,aureus,ERR030246,Resistant,ERY,NA,NA,NA,Disk diffusion,NA,CLSI,2013,25903077,NA,Singapore,NA
Staphylococcus,aureus,ERR030247,Resistant,ERY,NA,NA,NA,Disk diffusion,NA,CLSI,2013,25903077,NA,Singapore,NA
Staphylococcus,aureus,ERR030250,Resistant,ERY,NA,NA,NA,Disk diffusion,NA,CLSI,2013,25903077,NA,Singapore,NA
Staphylococcus,aureus,ERR030251,Resistant,ERY,NA,NA,NA,Disk diffusion,NA,CLSI,2013,25903077,NA,Singapore,NA
Staphylococcus,aureus,ERR030252,Resistant,ERY,NA,NA,NA,Disk diffusion,NA,CLSI,2013,25903077,NA,Singapore,NA
Staphylococcus,aureus,ERR030253,Resistant,ERY,NA,NA,NA,Disk diffusion,NA,CLSI,2013,25903077,NA,Singapore,NA
Staphylococcus,aureus,ERR030254,Resistant,ERY,NA,NA,NA,Disk diffusion,NA,CLSI,2013,25903077,NA,Singapore,NA
Staphylococcus,aureus,ERR030258,Resistant,ERY,NA,NA,NA,Disk diffusion,NA,CLSI,2013,25903077,NA,Singapore,NA
Staphylococcus,aureus,ERR030265,Resistant,ERY,NA,NA,NA,Disk diffusion,NA,CLSI,2013,25903077,NA,Singapore,NA
Staphylococcus,aureus,ERR030268,Resistant,ERY,NA,NA,NA,Disk diffusion,NA,CLSI,2013,25903077,NA,Singapore,NA
Staphylococcus,aureus,ERR030270,Resistant,ERY,NA,NA,NA,Disk diffusion,NA,CLSI,2013,25903077,NA,Singapore,NA
Staphylococcus,aureus,ERR030276,Resistant,ERY,NA,NA,NA,Disk diffusion,NA,CLSI,2013,25903077,NA,Singapore,NA
Staphylococcus,aureus,ERR030277,Resistant,ERY,NA,NA,NA,Disk diffusion,NA,CLSI,2013,25903077,NA,Singapore,NA
Staphylococcus,aureus,ERR030278,Resistant,ERY,NA,NA,NA,Disk diffusion,NA,CLSI,2013,25903077,NA,Singapore,NA
Staphylococcus,aureus,ERR030280,Resistant,ERY,NA,NA,NA,Disk diffusion,NA,CLSI,2013,25903077,NA,Singapore,NA
Staphylococcus,aureus,ERR030281,Resistant,ERY,NA,NA,NA,Disk diffusion,NA,CLSI,2013,25903077,NA,Singapore,NA
Staphylococcus,aureus,ERR031661,Resistant,ERY,NA,NA,NA,Disk diffusion,NA,CLSI,2013,25903077,NA,Singapore,NA
Staphylococcus,aureus,ERR031665,Resistant,ERY,NA,NA,NA,Disk diffusion,NA,CLSI,2013,25903077,NA,Singapore,NA
Staphylococcus,aureus,ERR031670,Resistant,ERY,NA,NA,NA,Disk diffusion,NA,CLSI,2013,25903077,NA,Singapore,NA
Streptococcus,pneumoniae,ERR051794,Resistant,ERY,NA,16,mg/L,Broth dilution,NA,CLSI,2013,NA,Otitis media,USA,NA
Streptococcus,pneumoniae,ERR051801,Resistant,ERY,NA,32,mg/L,Broth dilution,NA,CLSI,2013,NA,Bacteremia,USA,NA
Streptococcus,pneumoniae,ERR051829,Resistant,ERY,NA,16,mg/L,Broth dilution,NA,CLSI,2013,24957517,Meningitis,USA,NA
Streptococcus,pneumoniae,ERR051833,Resistant,ERY,NA,16,mg/L,Broth dilution,NA,CLSI,2013,24957517,Bacteremia,USA,NA
Streptococcus,pneumoniae,ERR051858,Resistant,ERY,NA,8,mg/L,Broth dilution,NA,CLSI,2013,NA,Bacteremia,USA,NA
Streptococcus,pneumoniae,ERR051871,Resistant,ERY,NA,32,mg/L,Broth dilution,NA,CLSI,2013,NA,Arthritis,USA,NA
Streptococcus,pneumoniae,ERR051878,Resistant,ERY,NA,4,mg/L,Broth dilution,NA,CLSI,2013,NA,Sepsis,USA,NA
Streptococcus,pneumoniae,ERR051896,Resistant,ERY,NA,64,mg/L,Broth dilution,NA,CLSI,2013,NA,NA,China,NA
Streptococcus,pneumoniae,ERR051902,Resistant,ERY,NA,64,mg/L,Broth dilution,NA,CLSI,2013,NA,NA,China,NA
Streptococcus,pneumoniae,ERR051924,Resistant,ERY,NA,32,mg/L,Broth dilution,NA,CLSI,2013,24957517,NA,Oman,NA
Streptococcus,pneumoniae,ERR051930,Resistant,ERY,NA,256,mg/L,Broth dilution,NA,CLSI,2013,24957517,NA,China,NA
Streptococcus,pneumoniae,ERR051948,Resistant,ERY,NA,64,mg/L,Broth dilution,NA,CLSI,2013,24957517,Pneumonia,USA,NA
Streptococcus,pneumoniae,ERR051978,Resistant,ERY,NA,1,mg/L,Broth dilution,NA,CLSI,2013,NA,Pneumonia,Turkey,NA
Streptococcus,pneumoniae,ERR051982,Resistant,ERY,NA,8,mg/L,Broth dilution,NA,CLSI,2013,NA,NA,Turkey,NA
Streptococcus,pneumoniae,ERR051990,Resistant,ERY,NA,64,mg/L,Broth dilution,NA,CLSI,2013,NA,NA,China,NA
Streptococcus,pneumoniae,ERR051993,Resistant,ERY,NA,64,mg/L,Broth dilution,NA,CLSI,2013,NA,NA,China,NA
Streptococcus,pneumoniae,ERR051994,Resistant,ERY,NA,32,mg/L,Broth dilution,NA,CLSI,2013,NA,NA,China,NA
Streptococcus,pneumoniae,ERR051995,Resistant,ERY,NA,8,mg/L,Broth dilution,NA,CLSI,2013,NA,NA,China,NA
Streptococcus,pneumoniae,ERR051996,Resistant,ERY,NA,32,mg/L,Broth dilution,NA,CLSI,2013,NA,NA,China,NA
Streptococcus,pneumoniae,ERR051999,Resistant,ERY,NA,16,mg/L,Broth dilution,NA,CLSI,2013,NA,NA,China,NA
Streptococcus,pneumoniae,ERR052017,Resistant,ERY,NA,256,mg/L,Broth dilution,NA,CLSI,2013,24957517,NA,USA,NA
Streptococcus,pneumoniae,ERR052023,Resistant,ERY,NA,256,mg/L,Broth dilution,NA,CLSI,2013,24957517,NA,China,NA
Streptococcus,pneumoniae,ERR052024,Resistant,ERY,NA,4,mg/L,Broth dilution,NA,CLSI,2013,NA,NA,China,NA
Streptococcus,pneumoniae,ERR052039,Resistant,ERY,NA,2,mg/L,Broth dilution,NA,CLSI,2013,NA,NA,China,NA
Streptococcus,pneumoniae,ERR052325,Resistant,ERY,NA,128,mg/L,Broth dilution,NA,CLSI,2013,24957517,Meningitis,NA,NA
Streptococcus,pneumoniae,ERR052331,Resistant,ERY,NA,128,mg/L,Broth dilution,NA,CLSI,2013,24957517,Pneumonia,NA,NA
Streptococcus,pneumoniae,ERR052438,Resistant,ERY,NA,32,mg/L,Broth dilution,NA,CLSI,2013,24957517,NA,Spain,NA
Streptococcus,pneumoniae,ERR052464,Resistant,ERY,NA,128,mg/L,Broth dilution,NA,CLSI,2013,24957517,Sepsis,Germany,NA
Streptococcus,pneumoniae,ERR052465,Resistant,ERY,NA,16,mg/L,Broth dilution,NA,CLSI,2013,24957517,Fever,Germany,NA
Streptococcus,pneumoniae,ERR052466,Resistant,ERY,NA,64,mg/L,Broth dilution,NA,CLSI,2013,24957517,Meningitis,Germany,NA
Streptococcus,pneumoniae,ERR052467,Resistant,ERY,NA,128,mg/L,Broth dilution,NA,CLSI,2013,24957517,NA,Germany,NA
Streptococcus,pneumoniae,ERR052526,Resistant,ERY,NA,32,mg/L,Broth dilution,NA,CLSI,2013,24957517,NA,Spain,NA
Staphylococcus,aureus,ERR053008,Resistant,ERY,NA,NA,NA,Disk diffusion,NA,CLSI,2013,25903077,NA,Singapore,NA
Staphylococcus,aureus,ERR053016,Resistant,ERY,NA,NA,NA,Disk diffusion,NA,CLSI,2013,25903077,NA,Singapore,NA
Staphylococcus,aureus,ERR053018,Resistant,ERY,NA,NA,NA,Disk diffusion,NA,CLSI,2013,25903077,NA,Singapore,NA
Staphylococcus,aureus,ERR053022,Resistant,ERY,NA,NA,NA,Disk diffusion,NA,CLSI,2013,25903077,NA,Singapore,NA
Staphylococcus,aureus,ERR053025,Resistant,ERY,NA,NA,NA,Disk diffusion,NA,CLSI,2013,25903077,NA,Singapore,NA
Staphylococcus,aureus,ERR053031,Resistant,ERY,NA,NA,NA,Disk diffusion,NA,CLSI,2013,25903077,NA,Singapore,NA
Staphylococcus,aureus,ERR053032,Resistant,ERY,NA,NA,NA,Disk diffusion,NA,CLSI,2013,25903077,NA,Singapore,NA
Staphylococcus,aureus,ERR053034,Resistant,ERY,NA,NA,NA,Disk diffusion,NA,CLSI,2013,25903077,NA,Singapore,NA
Staphylococcus,aureus,ERR053035,Resistant,ERY,NA,NA,NA,Disk diffusion,NA,CLSI,2013,25903077,NA,Singapore,NA
Staphylococcus,aureus,ERR053039,Resistant,ERY,NA,NA,NA,Disk diffusion,NA,CLSI,2013,25903077,NA,Singapore,NA
Staphylococcus,aureus,ERR053046,Resistant,ERY,NA,NA,NA,Disk diffusion,NA,CLSI,2013,25903077,NA,Singapore,NA
Streptococcus,pneumoniae,ERR065293,Susceptible,ERY,<=,0.06,mg/L,Broth dilution,NA,CLSI,2013,23644493,nasopharynx,USA,NA
Streptococcus,pneumoniae,ERR065294,Intermediate,ERY,NA,0.50,mg/L,Broth dilution,NA,CLSI,2013,23644493,nasopharynx,USA,NA
Streptococcus,pneumoniae,ERR065295,Susceptible,ERY,<=,0.06,mg/L,Broth dilution,NA,CLSI,2013,23644493,nasopharynx,USA,NA
Streptococcus,pneumoniae,ERR065296,Susceptible,ERY,<=,0.06,mg/L,Broth dilution,NA,CLSI,2013,23644493,nasopharynx,USA,NA
Streptococcus,pneumoniae,ERR065297,Intermediate,ERY,NA,0.50,mg/L,Broth dilution,NA,CLSI,2013,23644493,nasopharynx,USA,NA
Streptococcus,pneumoniae,ERR065300,Susceptible,ERY,<=,0.06,mg/L,Broth dilution,NA,CLSI,2013,23644493,nasopharynx,USA,NA
Streptococcus,pneumoniae,ERR065301,Susceptible,ERY,<=,0.06,mg/L,Broth dilution,NA,CLSI,2013,23644493,nasopharynx,USA,NA
Streptococcus,pneumoniae,ERR065304,Susceptible,ERY,<=,0.06,mg/L,Broth dilution,NA,CLSI,2013,23644493,nasopharynx,USA,NA
Streptococcus,pneumoniae,ERR065307,Susceptible,ERY,<=,0.06,mg/L,Broth dilution,NA,CLSI,2013,23644493,nasopharynx,USA,NA
Streptococcus,pneumoniae,ERR065309,Intermediate,ERY,NA,0.50,mg/L,Broth dilution,NA,CLSI,2013,23644493,nasopharynx,USA,NA
Streptococcus,pneumoniae,ERR065310,Susceptible,ERY,<=,0.06,mg/L,Broth dilution,NA,CLSI,2013,23644493,nasopharynx,USA,NA
Streptococcus,pneumoniae,ERR065311,Susceptible,ERY,<=,0.06,mg/L,Broth dilution,NA,CLSI,2013,23644493,nasopharynx,USA,NA
Streptococcus,pneumoniae,ERR065312,Susceptible,ERY,<=,0.06,mg/L,Broth dilution,NA,CLSI,2013,23644493,nasopharynx,USA,NA
Streptococcus,pneumoniae,ERR065314,Intermediate,ERY,NA,0.50,mg/L,Broth dilution,NA,CLSI,2013,23644493,nasopharynx,USA,NA
Streptococcus,pneumoniae,ERR065316,Susceptible,ERY,<=,0.06,mg/L,Broth dilution,NA,CLSI,2013,23644493,nasopharynx,USA,NA
Streptococcus,pneumoniae,ERR065317,Susceptible,ERY,<=,0.06,mg/L,Broth dilution,NA,CLSI,2013,23644493,nasopharynx,USA,NA
Streptococcus,pneumoniae,ERR065318,Susceptible,ERY,<=,0.06,mg/L,Broth dilution,NA,CLSI,2013,23644493,nasopharynx,USA,NA
Streptococcus,pneumoniae,ERR065320,Intermediate,ERY,NA,0.50,mg/L,Broth dilution,NA,CLSI,2013,23644493,nasopharynx,USA,NA
Streptococcus,pneumoniae,ERR065325,Susceptible,ERY,<=,0.06,mg/L,Broth dilution,NA,CLSI,2013,23644493,nasopharynx,USA,NA
Streptococcus,pneumoniae,ERR065326,Susceptible,ERY,<=,0.06,mg/L,Broth dilution,NA,CLSI,2013,23644493,nasopharynx,USA,NA
Streptococcus,pneumoniae,ERR065327,Susceptible,ERY,<=,0.06,mg/L,Broth dilution,NA,CLSI,2013,23644493,nasopharynx,USA,NA
Streptococcus,pneumoniae,ERR065328,Susceptible,ERY,<=,0.06,mg/L,Broth dilution,NA,CLSI,2013,23644493,nasopharynx,USA,NA
Streptococcus,pneumoniae,ERR065332,Intermediate,ERY,NA,0.50,mg/L,Broth dilution,NA,CLSI,2013,23644493,nasopharynx,USA,NA
Streptococcus,pneumoniae,ERR065337,Intermediate,ERY,NA,0.50,mg/L,Broth dilution,NA,CLSI,2013,23644493,nasopharynx,USA,NA
Streptococcus,pneumoniae,ERR065339,Susceptible,ERY,<=,0.06,mg/L,Broth dilution,NA,CLSI,2013,23644493,nasopharynx,USA,NA
Streptococcus,pneumoniae,ERR065340,Intermediate,ERY,NA,0.50,mg/L,Broth dilution,NA,CLSI,2013,23644493,nasopharynx,USA,NA
Streptococcus,pneumoniae,ERR065342,Susceptible,ERY,<=,0.06,mg/L,Broth dilution,NA,CLSI,2013,23644493,nasopharynx,USA,NA
Streptococcus,pneumoniae,ERR065344,Intermediate,ERY,NA,0.50,mg/L,Broth dilution,NA,CLSI,2013,23644493,nasopharynx,USA,NA
Streptococcus,pneumoniae,ERR065348,Susceptible,ERY,<=,0.06,mg/L,Broth dilution,NA,CLSI,2013,23644493,nasopharynx,USA,NA
Streptococcus,pneumoniae,ERR065352,Intermediate,ERY,NA,0.50,mg/L,Broth dilution,NA,CLSI,2013,23644493,nasopharynx,USA,NA
Streptococcus,pneumoniae,ERR065353,Intermediate,ERY,NA,0.50,mg/L,Broth dilution,NA,CLSI,2013,23644493,nasopharynx,USA,NA
Streptococcus,pneumoniae,ERR065355,Susceptible,ERY,<=,0.06,mg/L,Broth dilution,NA,CLSI,2013,23644493,nasopharynx,USA,NA
Streptococcus,pneumoniae,ERR065953,Resistant,ERY,NA,1,mg/L,Broth dilution,NA,CLSI,2013,23644493,nasopharynx,USA,NA
Streptococcus,pneumoniae,ERR065958,Susceptible,ERY,<,0.03,mg/L,Broth dilution,NA,CLSI,2013,23644493,nasopharynx,USA,NA
Streptococcus,pneumoniae,ERR065959,Susceptible,ERY,<,0.03,mg/L,Broth dilution,NA,CLSI,2013,23644493,nasopharynx,USA,NA
Streptococcus,pneumoniae,ERR065964,Susceptible,ERY,NA,0.06,mg/L,Broth dilution,NA,CLSI,2013,23644493,nasopharynx,USA,NA
Streptococcus,pneumoniae,ERR065969,Susceptible,ERY,<,0.03,mg/L,Broth dilution,NA,CLSI,2013,23644493,nasopharynx,USA,NA
Streptococcus,pneumoniae,ERR065971,Susceptible,ERY,<,0.03,mg/L,Broth dilution,NA,CLSI,2013,23644493,nasopharynx,USA,NA
Streptococcus,pneumoniae,ERR067960,Susceptible,ERY,<=,0.06,mg/L,Broth dilution,NA,CLSI,2013,23644493,nasopharynx,USA,NA
Streptococcus,pneumoniae,ERR067961,Susceptible,ERY,<=,0.06,mg/L,Broth dilution,NA,CLSI,2013,23644493,nasopharynx,USA,NA
Streptococcus,pneumoniae,ERR067962,Susceptible,ERY,<=,0.06,mg/L,Broth dilution,NA,CLSI,2013,23644493,nasopharynx,USA,NA
Streptococcus,pneumoniae,ERR067963,Intermediate,ERY,NA,0.50,mg/L,Broth dilution,NA,CLSI,2013,23644493,nasopharynx,USA,NA
Streptococcus,pneumoniae,ERR067966,Intermediate,ERY,NA,0.50,mg/L,Broth dilution,NA,CLSI,2013,23644493,nasopharynx,USA,NA
Streptococcus,pneumoniae,ERR067967,Susceptible,ERY,<=,0.06,mg/L,Broth dilution,NA,CLSI,2013,23644493,nasopharynx,USA,NA
Streptococcus,pneumoniae,ERR067969,Intermediate,ERY,NA,0.50,mg/L,Broth dilution,NA,CLSI,2013,23644493,nasopharynx,USA,NA
Streptococcus,pneumoniae,ERR067970,Intermediate,ERY,NA,0.50,mg/L,Broth dilution,NA,CLSI,2013,23644493,nasopharynx,USA,NA
Streptococcus,pneumoniae,ERR067974,Susceptible,ERY,<=,0.06,mg/L,Broth dilution,NA,CLSI,2013,23644493,nasopharynx,USA,NA
Streptococcus,pneumoniae,ERR067975,Susceptible,ERY,<=,0.06,mg/L,Broth dilution,NA,CLSI,2013,23644493,nasopharynx,USA,NA
Streptococcus,pneumoniae,ERR067976,Susceptible,ERY,<=,0.06,mg/L,Broth dilution,NA,CLSI,2013,23644493,nasopharynx,USA,NA
Streptococcus,pneumoniae,ERR067978,Intermediate,ERY,NA,0.50,mg/L,Broth dilution,NA,CLSI,2013,23644493,nasopharynx,USA,NA
Streptococcus,pneumoniae,ERR067979,Susceptible,ERY,<=,0.06,mg/L,Broth dilution,NA,CLSI,2013,23644493,nasopharynx,USA,NA
Streptococcus,pneumoniae,ERR067982,Intermediate,ERY,NA,0.50,mg/L,Broth dilution,NA,CLSI,2013,23644493,nasopharynx,USA,NA
Streptococcus,pneumoniae,ERR067983,Susceptible,ERY,<=,0.06,mg/L,Broth dilution,NA,CLSI,2013,23644493,nasopharynx,USA,NA
Streptococcus,pneumoniae,ERR067985,Susceptible,ERY,<=,0.06,mg/L,Broth dilution,NA,CLSI,2013,23644493,nasopharynx,USA,NA
Streptococcus,pneumoniae,ERR067986,Susceptible,ERY,<=,0.06,mg/L,Broth dilution,NA,CLSI,2013,23644493,nasopharynx,USA,NA
Streptococcus,pneumoniae,ERR067988,Susceptible,ERY,<=,0.06,mg/L,Broth dilution,NA,CLSI,2013,23644493,nasopharynx,USA,NA
Streptococcus,pneumoniae,ERR067990,Intermediate,ERY,NA,0.50,mg/L,Broth dilution,NA,CLSI,2013,23644493,nasopharynx,USA,NA
Streptococcus,pneumoniae,ERR067995,Susceptible,ERY,<=,0.06,mg/L,Broth dilution,NA,CLSI,2013,23644493,nasopharynx,USA,NA
Streptococcus,pneumoniae,ERR067998,Intermediate,ERY,NA,0.50,mg/L,Broth dilution,NA,CLSI,2013,23644493,nasopharynx,USA,NA
Streptococcus,pneumoniae,ERR067999,Intermediate,ERY,NA,0.50,mg/L,Broth dilution,NA,CLSI,2013,23644493,nasopharynx,USA,NA
Streptococcus,pneumoniae,ERR068000,Susceptible,ERY,<=,0.06,mg/L,Broth dilution,NA,CLSI,2013,23644493,nasopharynx,USA,NA
Streptococcus,pneumoniae,ERR068001,Intermediate,ERY,NA,0.50,mg/L,Broth dilution,NA,CLSI,2013,23644493,nasopharynx,USA,NA
Streptococcus,pneumoniae,ERR068003,Intermediate,ERY,NA,0.50,mg/L,Broth dilution,NA,CLSI,2013,23644493,nasopharynx,USA,NA
Streptococcus,pneumoniae,ERR068004,Intermediate,ERY,NA,0.50,mg/L,Broth dilution,NA,CLSI,2013,23644493,nasopharynx,USA,NA
Streptococcus,pneumoniae,ERR068005,Susceptible,ERY,<=,0.06,mg/L,Broth dilution,NA,CLSI,2013,23644493,nasopharynx,USA,NA
Streptococcus,pneumoniae,ERR068007,Intermediate,ERY,NA,0.50,mg/L,Broth dilution,NA,CLSI,2013,23644493,nasopharynx,USA,NA
Streptococcus,pneumoniae,ERR068012,Susceptible,ERY,<=,0.06,mg/L,Broth dilution,NA,CLSI,2013,23644493,nasopharynx,USA,NA
Streptococcus,pneumoniae,ERR068019,Susceptible,ERY,<=,0.06,mg/L,Broth dilution,NA,CLSI,2013,23644493,nasopharynx,USA,NA
Streptococcus,pneumoniae,ERR068021,Susceptible,ERY,<=,0.06,mg/L,Broth dilution,NA,CLSI,2013,23644493,nasopharynx,USA,NA
Streptococcus,pneumoniae,ERR068023,Susceptible,ERY,<=,0.06,mg/L,Broth dilution,NA,CLSI,2013,23644493,nasopharynx,USA,NA
Streptococcus,pneumoniae,ERR068026,Intermediate,ERY,NA,0.50,mg/L,Broth dilution,NA,CLSI,2013,23644493,nasopharynx,USA,NA
Streptococcus,pneumoniae,ERR068028,Intermediate,ERY,NA,0.50,mg/L,Broth dilution,NA,CLSI,2013,23644493,nasopharynx,USA,NA
Streptococcus,pneumoniae,ERR068029,Susceptible,ERY,<=,0.06,mg/L,Broth dilution,NA,CLSI,2013,23644493,nasopharynx,USA,NA
Streptococcus,pneumoniae,ERR068030,Intermediate,ERY,NA,0.50,mg/L,Broth dilution,NA,CLSI,2013,23644493,nasopharynx,USA,NA
Streptococcus,pneumoniae,ERR068031,Susceptible,ERY,<=,0.06,mg/L,Broth dilution,NA,CLSI,2013,23644493,nasopharynx,USA,NA
Streptococcus,pneumoniae,ERR068032,Intermediate,ERY,NA,0.50,mg/L,Broth dilution,NA,CLSI,2013,23644493,nasopharynx,USA,NA
Streptococcus,pneumoniae,ERR068033,Susceptible,ERY,<=,0.06,mg/L,Broth dilution,NA,CLSI,2013,23644493,nasopharynx,USA,NA
Streptococcus,pneumoniae,ERR068035,Intermediate,ERY,NA,0.50,mg/L,Broth dilution,NA,CLSI,2013,23644493,nasopharynx,USA,NA
Streptococcus,pneumoniae,ERR068036,Intermediate,ERY,NA,0.50,mg/L,Broth dilution,NA,CLSI,2013,23644493,nasopharynx,USA,NA
Streptococcus,pneumoniae,ERR068038,Intermediate,ERY,NA,0.50,mg/L,Broth dilution,NA,CLSI,2013,23644493,nasopharynx,USA,NA
Streptococcus,pneumoniae,ERR068039,Susceptible,ERY,<=,0.06,mg/L,Broth dilution,NA,CLSI,2013,23644493,nasopharynx,USA,NA
Streptococcus,pneumoniae,ERR068043,Intermediate,ERY,NA,0.50,mg/L,Broth dilution,NA,CLSI,2013,23644493,nasopharynx,USA,NA
Streptococcus,pneumoniae,ERR068044,Susceptible,ERY,<=,0.06,mg/L,Broth dilution,NA,CLSI,2013,23644493,nasopharynx,USA,NA
Streptococcus,pneumoniae,ERR068046,Susceptible,ERY,<=,0.06,mg/L,Broth dilution,NA,CLSI,2013,23644493,nasopharynx,USA,NA
Streptococcus,pneumoniae,ERR068049,Intermediate,ERY,NA,0.50,mg/L,Broth dilution,NA,CLSI,2013,23644493,nasopharynx,USA,NA
Streptococcus,pneumoniae,ERR069683,Susceptible,ERY,<=,0.06,mg/L,Broth dilution,NA,CLSI,2013,23644493,nasopharynx,USA,NA
Streptococcus,pneumoniae,ERR069691,Susceptible,ERY,<=,0.06,mg/L,Broth dilution,NA,CLSI,2013,23644493,nasopharynx,USA,NA
Streptococcus,pneumoniae,ERR069693,Susceptible,ERY,<=,0.06,mg/L,Broth dilution,NA,CLSI,2013,23644493,nasopharynx,USA,NA
Streptococcus,pneumoniae,ERR069694,Intermediate,ERY,NA,0.50,mg/L,Broth dilution,NA,CLSI,2013,23644493,nasopharynx,USA,NA
Streptococcus,pneumoniae,ERR069698,Intermediate,ERY,NA,0.50,mg/L,Broth dilution,NA,CLSI,2013,23644493,nasopharynx,USA,NA
Streptococcus,pneumoniae,ERR069699,Intermediate,ERY,NA,0.50,mg/L,Broth dilution,NA,CLSI,2013,23644493,nasopharynx,USA,NA
Streptococcus,pneumoniae,ERR069700,Intermediate,ERY,NA,0.50,mg/L,Broth dilution,NA,CLSI,2013,23644493,nasopharynx,USA,NA
Streptococcus,pneumoniae,ERR069704,Susceptible,ERY,<=,0.06,mg/L,Broth dilution,NA,CLSI,2013,23644493,nasopharynx,USA,NA
Streptococcus,pneumoniae,ERR069705,Susceptible,ERY,<=,0.06,mg/L,Broth dilution,NA,CLSI,2013,23644493,nasopharynx,USA,NA
Streptococcus,pneumoniae,ERR069706,Intermediate,ERY,NA,0.50,mg/L,Broth dilution,NA,CLSI,2013,23644493,nasopharynx,USA,NA
Streptococcus,pneumoniae,ERR069707,Susceptible,ERY,<=,0.06,mg/L,Broth dilution,NA,CLSI,2013,23644493,nasopharynx,USA,NA
Streptococcus,pneumoniae,ERR069708,Susceptible,ERY,<=,0.06,mg/L,Broth dilution,NA,CLSI,2013,23644493,nasopharynx,USA,NA
Streptococcus,pneumoniae,ERR069709,Intermediate,ERY,NA,0.50,mg/L,Broth dilution,NA,CLSI,2013,23644493,nasopharynx,USA,NA
Streptococcus,pneumoniae,ERR069710,Intermediate,ERY,NA,0.50,mg/L,Broth dilution,NA,CLSI,2013,23644493,nasopharynx,USA,NA
Streptococcus,pneumoniae,ERR069712,Susceptible,ERY,<=,0.06,mg/L,Broth dilution,NA,CLSI,2013,23644493,nasopharynx,USA,NA
Streptococcus,pneumoniae,ERR069713,Susceptible,ERY,<=,0.06,mg/L,Broth dilution,NA,CLSI,2013,23644493,nasopharynx,USA,NA
Streptococcus,pneumoniae,ERR069714,Intermediate,ERY,NA,0.50,mg/L,Broth dilution,NA,CLSI,2013,23644493,nasopharynx,USA,NA
Streptococcus,pneumoniae,ERR069716,Susceptible,ERY,<=,0.06,mg/L,Broth dilution,NA,CLSI,2013,23644493,nasopharynx,USA,NA
Streptococcus,pneumoniae,ERR069720,Intermediate,ERY,NA,0.50,mg/L,Broth dilution,NA,CLSI,2013,23644493,nasopharynx,USA,NA
Streptococcus,pneumoniae,ERR069724,Intermediate,ERY,NA,0.50,mg/L,Broth dilution,NA,CLSI,2013,23644493,nasopharynx,USA,NA
Streptococcus,pneumoniae,ERR069725,Intermediate,ERY,NA,0.50,mg/L,Broth dilution,NA,CLSI,2013,23644493,nasopharynx,USA,NA
Streptococcus,pneumoniae,ERR069732,Susceptible,ERY,<,0.03,mg/L,Broth dilution,NA,CLSI,2013,23644493,nasopharynx,USA,NA
Streptococcus,pneumoniae,ERR069733,Resistant,ERY,NA,1,mg/L,Broth dilution,NA,CLSI,2013,23644493,nasopharynx,USA,NA
Streptococcus,pneumoniae,ERR069734,Resistant,ERY,NA,1,mg/L,Broth dilution,NA,CLSI,2013,23644493,nasopharynx,USA,NA
Streptococcus,pneumoniae,ERR069735,Resistant,ERY,NA,1,mg/L,Broth dilution,NA,CLSI,2013,23644493,nasopharynx,USA,NA
Streptococcus,pneumoniae,ERR069740,Resistant,ERY,NA,1,mg/L,Broth dilution,NA,CLSI,2013,23644493,nasopharynx,USA,NA
Streptococcus,pneumoniae,ERR069741,Susceptible,ERY,<,0.03,mg/L,Broth dilution,NA,CLSI,2013,23644493,nasopharynx,USA,NA
Streptococcus,pneumoniae,ERR069744,Resistant,ERY,NA,1,mg/L,Broth dilution,NA,CLSI,2013,23644493,nasopharynx,USA,NA
Streptococcus,pneumoniae,ERR069747,Resistant,ERY,NA,1,mg/L,Broth dilution,NA,CLSI,2013,23644493,nasopharynx,USA,NA
Streptococcus,pneumoniae,ERR069748,Susceptible,ERY,<,0.03,mg/L,Broth dilution,NA,CLSI,2013,23644493,nasopharynx,USA,NA
Streptococcus,pneumoniae,ERR069749,Susceptible,ERY,<,0.03,mg/L,Broth dilution,NA,CLSI,2013,23644493,nasopharynx,USA,NA
Streptococcus,pneumoniae,ERR069755,Susceptible,ERY,<,0.03,mg/L,Broth dilution,NA,CLSI,2013,23644493,nasopharynx,USA,NA
Streptococcus,pneumoniae,ERR069757,Susceptible,ERY,<,0.03,mg/L,Broth dilution,NA,CLSI,2013,23644493,nasopharynx,USA,NA
Streptococcus,pneumoniae,ERR069759,Susceptible,ERY,<,0.03,mg/L,Broth dilution,NA,CLSI,2013,23644493,nasopharynx,USA,NA
Streptococcus,pneumoniae,ERR069760,Susceptible,ERY,<,0.03,mg/L,Broth dilution,NA,CLSI,2013,23644493,nasopharynx,USA,NA
Streptococcus,pneumoniae,ERR069761,Intermediate,ERY,NA,0.5,mg/L,Broth dilution,NA,CLSI,2013,23644493,nasopharynx,USA,NA
Streptococcus,pneumoniae,ERR069762,Susceptible,ERY,<,0.03,mg/L,Broth dilution,NA,CLSI,2013,23644493,nasopharynx,USA,NA
Streptococcus,pneumoniae,ERR069765,Susceptible,ERY,<,0.03,mg/L,Broth dilution,NA,CLSI,2013,23644493,nasopharynx,USA,NA
Streptococcus,pneumoniae,ERR069766,Susceptible,ERY,<,0.03,mg/L,Broth dilution,NA,CLSI,2013,23644493,nasopharynx,USA,NA
Streptococcus,pneumoniae,ERR069767,Susceptible,ERY,<,0.03,mg/L,Broth dilution,NA,CLSI,2013,23644493,nasopharynx,USA,NA
Streptococcus,pneumoniae,ERR069773,Susceptible,ERY,<,0.03,mg/L,Broth dilution,NA,CLSI,2013,23644493,nasopharynx,USA,NA
Streptococcus,pneumoniae,ERR069777,Resistant,ERY,NA,1,mg/L,Broth dilution,NA,CLSI,2013,23644493,nasopharynx,USA,NA
Streptococcus,pneumoniae,ERR069780,Susceptible,ERY,<,0.03,mg/L,Broth dilution,NA,CLSI,2013,23644493,nasopharynx,USA,NA
Streptococcus,pneumoniae,ERR069781,Susceptible,ERY,<,0.03,mg/L,Broth dilution,NA,CLSI,2013,23644493,nasopharynx,USA,NA
Streptococcus,pneumoniae,ERR069782,Susceptible,ERY,NA,0.06,mg/L,Broth dilution,NA,CLSI,2013,23644493,nasopharynx,USA,NA
Streptococcus,pneumoniae,ERR069786,Susceptible,ERY,<,0.03,mg/L,Broth dilution,NA,CLSI,2013,23644493,nasopharynx,USA,NA
Streptococcus,pneumoniae,ERR069789,Susceptible,ERY,<,0.03,mg/L,Broth dilution,NA,CLSI,2013,23644493,nasopharynx,USA,NA
Streptococcus,pneumoniae,ERR069791,Susceptible,ERY,NA,0.25,mg/L,Broth dilution,NA,CLSI,2013,23644493,nasopharynx,USA,NA
Streptococcus,pneumoniae,ERR069792,Susceptible,ERY,<,0.03,mg/L,Broth dilution,NA,CLSI,2013,23644493,nasopharynx,USA,NA
Streptococcus,pneumoniae,ERR069793,Resistant,ERY,NA,1,mg/L,Broth dilution,NA,CLSI,2013,23644493,nasopharynx,USA,NA
Streptococcus,pneumoniae,ERR069796,Susceptible,ERY,<,0.03,mg/L,Broth dilution,NA,CLSI,2013,23644493,nasopharynx,USA,NA
Streptococcus,pneumoniae,ERR069799,Susceptible,ERY,<,0.03,mg/L,Broth dilution,NA,CLSI,2013,23644493,nasopharynx,USA,NA
Streptococcus,pneumoniae,ERR069801,Susceptible,ERY,<,0.03,mg/L,Broth dilution,NA,CLSI,2013,23644493,nasopharynx,USA,NA
Streptococcus,pneumoniae,ERR069806,Susceptible,ERY,NA,0.06,mg/L,Broth dilution,NA,CLSI,2013,23644493,nasopharynx,USA,NA
Streptococcus,pneumoniae,ERR069809,Susceptible,ERY,<,0.03,mg/L,Broth dilution,NA,CLSI,2013,23644493,nasopharynx,USA,NA
Streptococcus,pneumoniae,ERR069812,Susceptible,ERY,<,0.03,mg/L,Broth dilution,NA,CLSI,2013,23644493,nasopharynx,USA,NA
Streptococcus,pneumoniae,ERR069813,Resistant,ERY,NA,1,mg/L,Broth dilution,NA,CLSI,2013,23644493,nasopharynx,USA,NA
Streptococcus,pneumoniae,ERR069815,Susceptible,ERY,<,0.03,mg/L,Broth dilution,NA,CLSI,2013,23644493,nasopharynx,USA,NA
Streptococcus,pneumoniae,ERR069817,Resistant,ERY,NA,1,mg/L,Broth dilution,NA,CLSI,2013,23644493,nasopharynx,USA,NA
Streptococcus,pneumoniae,ERR069819,Susceptible,ERY,<,0.03,mg/L,Broth dilution,NA,CLSI,2013,23644493,nasopharynx,USA,NA
Streptococcus,pneumoniae,ERR069820,Susceptible,ERY,<,0.03,mg/L,Broth dilution,NA,CLSI,2013,23644493,nasopharynx,USA,NA
Streptococcus,pneumoniae,ERR069822,Susceptible,ERY,<,0.03,mg/L,Broth dilution,NA,CLSI,2013,23644493,nasopharynx,USA,NA
Streptococcus,pneumoniae,ERR069824,Susceptible,ERY,<,0.03,mg/L,Broth dilution,NA,CLSI,2013,23644493,nasopharynx,USA,NA
Streptococcus,pneumoniae,ERR069830,Susceptible,ERY,<,0.03,mg/L,Broth dilution,NA,CLSI,2013,23644493,nasopharynx,USA,NA
Streptococcus,pneumoniae,ERR069835,Susceptible,ERY,<,0.03,mg/L,Broth dilution,NA,CLSI,2013,23644493,nasopharynx,USA,NA
Streptococcus,pneumoniae,ERR069837,Susceptible,ERY,<,0.03,mg/L,Broth dilution,NA,CLSI,2013,23644493,nasopharynx,USA,NA
Streptococcus,pneumoniae,ERR069838,Resistant,ERY,NA,1,mg/L,Broth dilution,NA,CLSI,2013,23644493,nasopharynx,USA,NA
Streptococcus,pneumoniae,ERR069842,Resistant,ERY,NA,1,mg/L,Broth dilution,NA,CLSI,2013,23644493,nasopharynx,USA,NA
Streptococcus,pneumoniae,ERR069843,Resistant,ERY,NA,1,mg/L,Broth dilution,NA,CLSI,2013,23644493,nasopharynx,USA,NA
Staphylococcus,aureus,ERR1069824,Susceptible,ERY,NA,NA,NA,NA,NA,CLSI,2013,26806258,NA,Thailand,NA
Staphylococcus,aureus,ERR1069828,Susceptible,ERY,NA,NA,NA,NA,NA,CLSI,2013,26806258,NA,Thailand,NA
Staphylococcus,aureus,ERR1069833,Susceptible,ERY,NA,NA,NA,NA,NA,CLSI,2013,26806258,NA,Thailand,NA
Staphylococcus,aureus,ERR1069836,Susceptible,ERY,NA,NA,NA,NA,NA,CLSI,2013,26806258,NA,Thailand,NA
Staphylococcus,aureus,ERR1069837,Susceptible,ERY,NA,NA,NA,NA,NA,CLSI,2013,26806258,NA,Thailand,NA
Staphylococcus,aureus,ERR1069847,Susceptible,ERY,NA,NA,NA,NA,NA,CLSI,2013,26806258,NA,Thailand,NA
Staphylococcus,aureus,ERR1069871,Resistant,ERY,NA,NA,NA,NA,NA,CLSI,2013,26806258,NA,Thailand,NA
Staphylococcus,aureus,ERR1069877,Intermediate,ERY,NA,NA,NA,NA,NA,CLSI,2013,26806258,NA,Thailand,NA
Staphylococcus,aureus,ERR1069883,Susceptible,ERY,NA,NA,NA,NA,NA,CLSI,2013,26806258,NA,Thailand,NA
Staphylococcus,aureus,ERR1069887,Susceptible,ERY,NA,NA,NA,NA,NA,CLSI,2013,26806258,NA,Thailand,NA
Staphylococcus,aureus,ERR1069892,Susceptible,ERY,NA,NA,NA,NA,NA,CLSI,2013,26806258,NA,Thailand,NA
Staphylococcus,aureus,ERR1069937,Susceptible,ERY,NA,NA,NA,NA,NA,CLSI,2013,26806258,NA,Thailand,NA
Staphylococcus,aureus,ERR1069939,Susceptible,ERY,NA,NA,NA,NA,NA,CLSI,2013,26806258,NA,Thailand,NA
Staphylococcus,aureus,ERR1069942,Susceptible,ERY,NA,NA,NA,NA,NA,CLSI,2013,26806258,NA,Thailand,NA
Staphylococcus,aureus,ERR1069971,Resistant,ERY,NA,NA,NA,NA,NA,CLSI,2013,26806258,NA,Thailand,NA
Staphylococcus,aureus,ERR1069975,Susceptible,ERY,NA,NA,NA,NA,NA,CLSI,2013,26806258,NA,Thailand,NA
Staphylococcus,aureus,ERR1069976,Susceptible,ERY,NA,NA,NA,NA,NA,CLSI,2013,26806258,NA,Thailand,NA
Staphylococcus,aureus,ERR1069982,Susceptible,ERY,NA,NA,NA,NA,NA,CLSI,2013,26806258,NA,Thailand,NA
Staphylococcus,aureus,ERR1069985,Susceptible,ERY,NA,NA,NA,NA,NA,CLSI,2013,26806258,NA,Thailand,NA
Staphylococcus,aureus,ERR1069995,Susceptible,ERY,NA,NA,NA,NA,NA,CLSI,2013,26806258,NA,Thailand,NA
Staphylococcus,aureus,ERR1070008,Susceptible,ERY,NA,NA,NA,NA,NA,CLSI,2013,26806258,NA,Thailand,NA
Staphylococcus,aureus,ERR1070011,Susceptible,ERY,NA,NA,NA,NA,NA,CLSI,2013,26806258,NA,Thailand,NA
Staphylococcus,aureus,ERR1070024,Susceptible,ERY,NA,NA,NA,NA,NA,CLSI,2013,26806258,NA,Thailand,NA
Staphylococcus,aureus,ERR1070032,Susceptible,ERY,NA,NA,NA,NA,NA,CLSI,2013,26806258,NA,Thailand,NA
Staphylococcus,aureus,ERR1070042,Resistant,ERY,NA,NA,NA,NA,NA,CLSI,2013,26806258,NA,Thailand,NA
Staphylococcus,aureus,ERR1070066,Susceptible,ERY,NA,NA,NA,NA,NA,CLSI,2013,26806258,NA,Thailand,NA
Staphylococcus,aureus,ERR1070067,Susceptible,ERY,NA,NA,NA,NA,NA,CLSI,2013,26806258,NA,Thailand,NA
Staphylococcus,aureus,ERR1070103,Susceptible,ERY,NA,NA,NA,NA,NA,CLSI,2013,26806258,NA,Thailand,NA
Neisseria,gonorrhoeae,ERR1143670,Susceptible,TET,NA,0.25,mg/L,Broth dilution,NA,CLSI,2013,29701830,NA,Kenya,NA
Neisseria,gonorrhoeae,ERR1143686,Resistant,TET,NA,16,mg/L,Broth dilution,NA,CLSI,2013,29701830,NA,Kenya,NA
Salmonella,enterica,ERR1197666,Resistant,GEN,NA,28,mm,Disk diffusion,NA,CLSI,2013,28931025,NA,Cambodia,NA
Salmonella,enterica,ERR1197668,Resistant,GEN,NA,26,mm,Disk diffusion,NA,CLSI,2013,28931025,NA,Cambodia,NA
Salmonella,enterica,ERR1197669,Resistant,GEN,NA,26,mm,Disk diffusion,NA,CLSI,2013,28931025,NA,Cambodia,NA
Salmonella,enterica,ERR1197670,Resistant,GEN,NA,26,mm,Disk diffusion,NA,CLSI,2013,28931025,NA,Cambodia,NA
Salmonella,enterica,ERR1197672,Resistant,GEN,NA,28,mm,Disk diffusion,NA,CLSI,2013,28931025,NA,Cambodia,NA
Salmonella,enterica,ERR1197677,Resistant,GEN,NA,26,mm,Disk diffusion,NA,CLSI,2013,28931025,NA,Cambodia,NA
Salmonella,enterica,ERR1197682,Resistant,GEN,NA,24,mm,Disk diffusion,NA,CLSI,2013,28931025,NA,Cambodia,NA
Salmonella,enterica,ERR1197694,Resistant,GEN,NA,26,mm,Disk diffusion,NA,CLSI,2013,28931025,NA,Cambodia,NA
Klebsiella,pneumoniae,ERR1218574,Resistant,GEN,NA,16,mg/L,NA,VITEK 2,CLSI,2013,28118859,blood,Thailand,NA
Escherichia,coli,ERR1218638,Susceptible,GEN,<=,1,mg/L,NA,VITEK 2,CLSI,2013,28118859,urine,Thailand,NA
Escherichia,coli,ERR1218722,Resistant,GEN,NA,16,mg/L,NA,VITEK 2,CLSI,2013,28118859,Farm,Thailand,NA
Klebsiella,pneumoniae,ERR1218738,Resistant,GEN,NA,16,mg/L,NA,VITEK 2,CLSI,2013,28118859,urine,Thailand,NA
Klebsiella,pneumoniae,ERR1218765,Resistant,GEN,NA,16,mg/L,NA,VITEK 2,CLSI,2013,28118859,Canal,Thailand,NA
Klebsiella,pneumoniae,ERR1218771,Resistant,GEN,NA,8,mg/L,NA,VITEK 2,CLSI,2013,28118859,Canal,Thailand,NA
Klebsiella,pneumoniae,ERR1218772,Resistant,GEN,NA,16,mg/L,NA,VITEK 2,CLSI,2013,28118859,Canal,Thailand,NA
Klebsiella,pneumoniae,ERR1218779,Susceptible,GEN,<=,1,mg/L,NA,VITEK 2,CLSI,2013,28118859,Canal,Thailand,NA
Streptococcus,pneumoniae,ERR124220,Susceptible,ERY,NA,0.032,mg/L,Broth dilution,NA,CLSI,2013,23644493,nasopharynx,USA,NA
Streptococcus,pneumoniae,ERR124222,Resistant,ERY,NA,256,mg/L,Broth dilution,NA,CLSI,2013,23644493,nasopharynx,USA,NA
Streptococcus,pneumoniae,ERR124223,Susceptible,ERY,NA,0.064,mg/L,Broth dilution,NA,CLSI,2013,23644493,nasopharynx,USA,NA
Streptococcus,pneumoniae,ERR124225,Susceptible,ERY,NA,0.094,mg/L,Broth dilution,NA,CLSI,2013,23644493,nasopharynx,USA,NA
Streptococcus,pneumoniae,ERR124226,Susceptible,ERY,NA,0.094,mg/L,Broth dilution,NA,CLSI,2013,23644493,nasopharynx,USA,NA
Streptococcus,pneumoniae,ERR124227,Susceptible,ERY,NA,0.064,mg/L,Broth dilution,NA,CLSI,2013,23644493,nasopharynx,USA,NA
Streptococcus,pneumoniae,ERR124233,Resistant,ERY,NA,256,mg/L,Broth dilution,NA,CLSI,2013,23644493,nasopharynx,USA,NA
Streptococcus,pneumoniae,ERR124237,Susceptible,ERY,NA,0.064,mg/L,Broth dilution,NA,CLSI,2013,23644493,nasopharynx,USA,NA
Streptococcus,pneumoniae,ERR124238,Susceptible,ERY,NA,0.094,mg/L,Broth dilution,NA,CLSI,2013,23644493,nasopharynx,USA,NA
Streptococcus,pneumoniae,ERR124239,Resistant,ERY,NA,256,mg/L,Broth dilution,NA,CLSI,2013,23644493,nasopharynx,USA,NA
Streptococcus,pneumoniae,ERR124243,Susceptible,ERY,NA,0.094,mg/L,Broth dilution,NA,CLSI,2013,23644493,nasopharynx,USA,NA
Streptococcus,pneumoniae,ERR124244,Susceptible,ERY,NA,0.064,mg/L,Broth dilution,NA,CLSI,2013,23644493,nasopharynx,USA,NA
Streptococcus,pneumoniae,ERR124247,Susceptible,ERY,NA,0.094,mg/L,Broth dilution,NA,CLSI,2013,23644493,nasopharynx,USA,NA
Streptococcus,pneumoniae,ERR124249,Resistant,ERY,NA,256,mg/L,Broth dilution,NA,CLSI,2013,23644493,nasopharynx,USA,NA
Streptococcus,pneumoniae,ERR124250,Resistant,ERY,NA,6,mg/L,Broth dilution,NA,CLSI,2013,23644493,nasopharynx,USA,NA
Streptococcus,pneumoniae,ERR124251,Susceptible,ERY,NA,0.094,mg/L,Broth dilution,NA,CLSI,2013,23644493,nasopharynx,USA,NA
Streptococcus,pneumoniae,ERR124252,Susceptible,ERY,NA,0.094,mg/L,Broth dilution,NA,CLSI,2013,23644493,nasopharynx,USA,NA
Streptococcus,pneumoniae,ERR124253,Susceptible,ERY,NA,0.094,mg/L,Broth dilution,NA,CLSI,2013,23644493,nasopharynx,USA,NA
Streptococcus,pneumoniae,ERR124256,Susceptible,ERY,NA,0.094,mg/L,Broth dilution,NA,CLSI,2013,23644493,nasopharynx,USA,NA
Streptococcus,pneumoniae,ERR124258,Susceptible,ERY,NA,0.064,mg/L,Broth dilution,NA,CLSI,2013,23644493,nasopharynx,USA,NA
Streptococcus,pneumoniae,ERR124265,Susceptible,ERY,NA,0.032,mg/L,Broth dilution,NA,CLSI,2013,23644493,nasopharynx,USA,NA
Streptococcus,pneumoniae,ERR124267,Resistant,ERY,NA,6,mg/L,Broth dilution,NA,CLSI,2013,23644493,nasopharynx,USA,NA
Streptococcus,pneumoniae,ERR124269,Susceptible,ERY,NA,0.047,mg/L,Broth dilution,NA,CLSI,2013,23644493,nasopharynx,USA,NA
Streptococcus,pneumoniae,ERR124271,Susceptible,ERY,NA,0.064,mg/L,Broth dilution,NA,CLSI,2013,23644493,nasopharynx,USA,NA
Streptococcus,pneumoniae,ERR124272,Resistant,ERY,NA,256,mg/L,Broth dilution,NA,CLSI,2013,23644493,nasopharynx,USA,NA
Streptococcus,pneumoniae,ERR124274,Resistant,ERY,NA,256,mg/L,Broth dilution,NA,CLSI,2013,23644493,nasopharynx,USA,NA
Streptococcus,pneumoniae,ERR124277,Susceptible,ERY,NA,0.094,mg/L,Broth dilution,NA,CLSI,2013,23644493,nasopharynx,USA,NA
Streptococcus,pneumoniae,ERR124278,Susceptible,ERY,NA,0.094,mg/L,Broth dilution,NA,CLSI,2013,23644493,nasopharynx,USA,NA
Streptococcus,pneumoniae,ERR124279,Susceptible,ERY,NA,0.094,mg/L,Broth dilution,NA,CLSI,2013,23644493,nasopharynx,USA,NA
Streptococcus,pneumoniae,ERR124281,Susceptible,ERY,NA,0.094,mg/L,Broth dilution,NA,CLSI,2013,23644493,nasopharynx,USA,NA
Streptococcus,pneumoniae,ERR124286,Intermediate,ERY,NA,0.5,mg/L,Broth dilution,NA,CLSI,2013,23644493,nasopharynx,USA,NA
Streptococcus,pneumoniae,ERR124294,Intermediate,ERY,NA,0.38,mg/L,Broth dilution,NA,CLSI,2013,23644493,nasopharynx,USA,NA
Streptococcus,pneumoniae,ERR124299,Susceptible,ERY,NA,0.064,mg/L,Broth dilution,NA,CLSI,2013,23644493,nasopharynx,USA,NA
Streptococcus,pneumoniae,ERR124300,Resistant,ERY,NA,32,mg/L,Broth dilution,NA,CLSI,2013,23644493,nasopharynx,USA,NA
Streptococcus,pneumoniae,ERR124302,Susceptible,ERY,NA,0.047,mg/L,Broth dilution,NA,CLSI,2013,23644493,nasopharynx,USA,NA
Streptococcus,pneumoniae,ERR124303,Resistant,ERY,NA,3,mg/L,Broth dilution,NA,CLSI,2013,23644493,nasopharynx,USA,NA
Streptococcus,pneumoniae,ERR124308,Susceptible,ERY,NA,0.047,mg/L,Broth dilution,NA,CLSI,2013,23644493,nasopharynx,USA,NA
Streptococcus,pneumoniae,ERR124311,Susceptible,ERY,NA,0.047,mg/L,Broth dilution,NA,CLSI,2013,23644493,nasopharynx,USA,NA
Streptococcus,pneumoniae,ERR124317,Susceptible,ERY,NA,0.094,mg/L,Broth dilution,NA,CLSI,2013,23644493,nasopharynx,USA,NA
Streptococcus,pneumoniae,ERR124319,Intermediate,ERY,NA,0.5,mg/L,Broth dilution,NA,CLSI,2013,23644493,nasopharynx,USA,NA
Streptococcus,pneumoniae,ERR129029,Susceptible,ERY,NA,0.064,mg/L,Broth dilution,NA,CLSI,2013,23644493,nasopharynx,USA,NA
Streptococcus,pneumoniae,ERR129031,Resistant,ERY,NA,256,mg/L,Broth dilution,NA,CLSI,2013,23644493,nasopharynx,USA,NA
Streptococcus,pneumoniae,ERR129036,Resistant,ERY,NA,256,mg/L,Broth dilution,NA,CLSI,2013,23644493,nasopharynx,USA,NA
Streptococcus,pneumoniae,ERR129037,Susceptible,ERY,NA,0.047,mg/L,Broth dilution,NA,CLSI,2013,23644493,nasopharynx,USA,NA
Streptococcus,pneumoniae,ERR129038,Susceptible,ERY,NA,0.064,mg/L,Broth dilution,NA,CLSI,2013,23644493,nasopharynx,USA,NA
Streptococcus,pneumoniae,ERR129041,Susceptible,ERY,NA,0.047,mg/L,Broth dilution,NA,CLSI,2013,23644493,nasopharynx,USA,NA
Streptococcus,pneumoniae,ERR129042,Susceptible,ERY,NA,0.047,mg/L,Broth dilution,NA,CLSI,2013,23644493,nasopharynx,USA,NA
Streptococcus,pneumoniae,ERR129044,Susceptible,ERY,NA,0.064,mg/L,Broth dilution,NA,CLSI,2013,23644493,nasopharynx,USA,NA
Streptococcus,pneumoniae,ERR129047,Susceptible,ERY,NA,0.032,mg/L,Broth dilution,NA,CLSI,2013,23644493,nasopharynx,USA,NA
Streptococcus,pneumoniae,ERR129049,Resistant,ERY,NA,256,mg/L,Broth dilution,NA,CLSI,2013,23644493,nasopharynx,USA,NA
Streptococcus,pneumoniae,ERR129051,Susceptible,ERY,NA,0.064,mg/L,Broth dilution,NA,CLSI,2013,23644493,nasopharynx,USA,NA
Streptococcus,pneumoniae,ERR129055,Susceptible,ERY,NA,0.094,mg/L,Broth dilution,NA,CLSI,2013,23644493,nasopharynx,USA,NA
Streptococcus,pneumoniae,ERR129060,Resistant,ERY,NA,256,mg/L,Broth dilution,NA,CLSI,2013,23644493,nasopharynx,USA,NA
Streptococcus,pneumoniae,ERR129063,Susceptible,ERY,NA,0.094,mg/L,Broth dilution,NA,CLSI,2013,23644493,nasopharynx,USA,NA
Streptococcus,pneumoniae,ERR129066,Susceptible,ERY,NA,0.064,mg/L,Broth dilution,NA,CLSI,2013,23644493,nasopharynx,USA,NA
Streptococcus,pneumoniae,ERR129067,Susceptible,ERY,NA,0.064,mg/L,Broth dilution,NA,CLSI,2013,23644493,nasopharynx,USA,NA
Streptococcus,pneumoniae,ERR129073,Susceptible,ERY,NA,0.094,mg/L,Broth dilution,NA,CLSI,2013,23644493,nasopharynx,USA,NA
Streptococcus,pneumoniae,ERR129076,Susceptible,ERY,NA,0.064,mg/L,Broth dilution,NA,CLSI,2013,23644493,nasopharynx,USA,NA
Streptococcus,pneumoniae,ERR129079,Susceptible,ERY,NA,0.032,mg/L,Broth dilution,NA,CLSI,2013,23644493,nasopharynx,USA,NA
Streptococcus,pneumoniae,ERR129082,Susceptible,ERY,NA,0.094,mg/L,Broth dilution,NA,CLSI,2013,23644493,nasopharynx,USA,NA
Streptococcus,pneumoniae,ERR129090,Susceptible,ERY,NA,0.094,mg/L,Broth dilution,NA,CLSI,2013,23644493,nasopharynx,USA,NA
Streptococcus,pneumoniae,ERR129092,Resistant,ERY,NA,3,mg/L,Broth dilution,NA,CLSI,2013,23644493,nasopharynx,USA,NA
Streptococcus,pneumoniae,ERR129093,Susceptible,ERY,NA,0.064,mg/L,Broth dilution,NA,CLSI,2013,23644493,nasopharynx,USA,NA
Streptococcus,pneumoniae,ERR129095,Resistant,ERY,NA,256,mg/L,Broth dilution,NA,CLSI,2013,23644493,nasopharynx,USA,NA
Streptococcus,pneumoniae,ERR129098,Susceptible,ERY,NA,0.094,mg/L,Broth dilution,NA,CLSI,2013,23644493,nasopharynx,USA,NA
Streptococcus,pneumoniae,ERR129099,Susceptible,ERY,NA,0.064,mg/L,Broth dilution,NA,CLSI,2013,23644493,nasopharynx,USA,NA
Streptococcus,pneumoniae,ERR129104,Susceptible,ERY,NA,0.064,mg/L,Broth dilution,NA,CLSI,2013,23644493,nasopharynx,USA,NA
Streptococcus,pneumoniae,ERR129106,Resistant,ERY,NA,12,mg/L,Broth dilution,NA,CLSI,2013,23644493,nasopharynx,USA,NA
Streptococcus,pneumoniae,ERR129108,Resistant,ERY,NA,6,mg/L,Broth dilution,NA,CLSI,2013,23644493,nasopharynx,USA,NA
Streptococcus,pneumoniae,ERR129117,Susceptible,ERY,NA,0.064,mg/L,Broth dilution,NA,CLSI,2013,23644493,nasopharynx,USA,NA
Streptococcus,pneumoniae,ERR129118,Susceptible,ERY,NA,0.064,mg/L,Broth dilution,NA,CLSI,2013,23644493,nasopharynx,USA,NA
Streptococcus,pneumoniae,ERR129134,Susceptible,ERY,NA,0.064,mg/L,Broth dilution,NA,CLSI,2013,23644493,nasopharynx,USA,NA
Streptococcus,pneumoniae,ERR129135,Susceptible,ERY,NA,0.094,mg/L,Broth dilution,NA,CLSI,2013,23644493,nasopharynx,USA,NA
Streptococcus,pneumoniae,ERR129136,Susceptible,ERY,NA,0.094,mg/L,Broth dilution,NA,CLSI,2013,23644493,nasopharynx,USA,NA
Streptococcus,pneumoniae,ERR129139,Susceptible,ERY,NA,0.094,mg/L,Broth dilution,NA,CLSI,2013,23644493,nasopharynx,USA,NA
Streptococcus,pneumoniae,ERR129140,Susceptible,ERY,NA,0.094,mg/L,Broth dilution,NA,CLSI,2013,23644493,nasopharynx,USA,NA
Streptococcus,pneumoniae,ERR129142,Susceptible,ERY,NA,0.094,mg/L,Broth dilution,NA,CLSI,2013,23644493,nasopharynx,USA,NA
Streptococcus,pneumoniae,ERR129144,Susceptible,ERY,NA,0.064,mg/L,Broth dilution,NA,CLSI,2013,23644493,nasopharynx,USA,NA
Streptococcus,pneumoniae,ERR129152,Susceptible,ERY,NA,0.064,mg/L,Broth dilution,NA,CLSI,2013,23644493,nasopharynx,USA,NA
Streptococcus,pneumoniae,ERR129158,Susceptible,ERY,NA,0.047,mg/L,Broth dilution,NA,CLSI,2013,23644493,nasopharynx,USA,NA
Streptococcus,pneumoniae,ERR129160,Resistant,ERY,NA,4,mg/L,Broth dilution,NA,CLSI,2013,23644493,nasopharynx,USA,NA
Streptococcus,pneumoniae,ERR129161,Susceptible,ERY,NA,0.032,mg/L,Broth dilution,NA,CLSI,2013,23644493,nasopharynx,USA,NA
Streptococcus,pneumoniae,ERR129163,Susceptible,ERY,NA,0.064,mg/L,Broth dilution,NA,CLSI,2013,23644493,nasopharynx,USA,NA
Streptococcus,pneumoniae,ERR129169,Susceptible,ERY,NA,0.064,mg/L,Broth dilution,NA,CLSI,2013,23644493,nasopharynx,USA,NA
Streptococcus,pneumoniae,ERR129171,Susceptible,ERY,NA,0.094,mg/L,Broth dilution,NA,CLSI,2013,23644493,nasopharynx,USA,NA
Streptococcus,pneumoniae,ERR129172,Susceptible,ERY,NA,0.047,mg/L,Broth dilution,NA,CLSI,2013,23644493,nasopharynx,USA,NA
Streptococcus,pneumoniae,ERR129176,Susceptible,ERY,NA,0.032,mg/L,Broth dilution,NA,CLSI,2013,23644493,nasopharynx,USA,NA
Streptococcus,pneumoniae,ERR129177,Susceptible,ERY,NA,0.032,mg/L,Broth dilution,NA,CLSI,2013,23644493,nasopharynx,USA,NA
Streptococcus,pneumoniae,ERR129179,Susceptible,ERY,NA,0.094,mg/L,Broth dilution,NA,CLSI,2013,23644493,nasopharynx,USA,NA
Streptococcus,pneumoniae,ERR129185,Resistant,ERY,NA,2,mg/L,Broth dilution,NA,CLSI,2013,23644493,nasopharynx,USA,NA
Streptococcus,pneumoniae,ERR129187,Susceptible,ERY,NA,0.094,mg/L,Broth dilution,NA,CLSI,2013,23644493,nasopharynx,USA,NA
Streptococcus,pneumoniae,ERR129188,Susceptible,ERY,NA,0.094,mg/L,Broth dilution,NA,CLSI,2013,23644493,nasopharynx,USA,NA
Streptococcus,pneumoniae,ERR129193,Resistant,ERY,NA,256,mg/L,Broth dilution,NA,CLSI,2013,23644493,nasopharynx,USA,NA
Streptococcus,pneumoniae,ERR129195,Resistant,ERY,NA,12,mg/L,Broth dilution,NA,CLSI,2013,23644493,nasopharynx,USA,NA
Streptococcus,pneumoniae,ERR129198,Resistant,ERY,NA,256,mg/L,Broth dilution,NA,CLSI,2013,23644493,nasopharynx,USA,NA
Streptococcus,pneumoniae,ERR129201,Susceptible,ERY,NA,0.094,mg/L,Broth dilution,NA,CLSI,2013,23644493,nasopharynx,USA,NA
Streptococcus,pneumoniae,ERR129204,Intermediate,ERY,NA,0.64,mg/L,Broth dilution,NA,CLSI,2013,23644493,nasopharynx,USA,NA
Streptococcus,pneumoniae,ERR129205,Susceptible,ERY,NA,0.064,mg/L,Broth dilution,NA,CLSI,2013,23644493,nasopharynx,USA,NA
Streptococcus,pneumoniae,ERR129208,Susceptible,ERY,NA,0.064,mg/L,Broth dilution,NA,CLSI,2013,23644493,nasopharynx,USA,NA
Streptococcus,pneumoniae,ERR129215,Susceptible,ERY,NA,0.047,mg/L,Broth dilution,NA,CLSI,2013,23644493,nasopharynx,USA,NA
Escherichia,coli,ERR1359224,Susceptible,GEN,<,1,mg/L,Broth dilution,NA,CLSI,2013,27322919,Turkey hen meat,Germany,NA
Escherichia,coli,ERR1407278,Susceptible,GEN,<,1,mg/L,Broth dilution,NA,CLSI,2013,27322919,Chicken breast,Germany,NA
Escherichia,coli,ERR1407279,Susceptible,GEN,<,1,mg/L,Broth dilution,NA,CLSI,2013,27322919,Minced meat,NA,NA
Escherichia,coli,ERR1407280,Susceptible,GEN,<,1,mg/L,Broth dilution,NA,CLSI,2013,27322919,Turkey hen Schnitzel,Germany,NA
Neisseria,gonorrhoeae,ERR1447948,Resistant,TET,NA,2,mg/L,Disk diffusion,E-test,CLSI,2013,29553335,NA,2009,NA
Neisseria,gonorrhoeae,ERR1448254,Susceptible,TET,NA,0.25,mg/L,Disk diffusion,E-test,CLSI,2013,31358980,NA,Sweden,NA
Salmonella,enterica,ERR1877610,Resistant,GEN,NA,24,mm,Disk diffusion,NA,CLSI,2013,28931025,NA,Cambodia,NA
Salmonella,enterica,ERR1877999,Resistant,GEN,NA,26,mm,Disk diffusion,NA,CLSI,2013,28931025,NA,Cambodia,NA
Salmonella,enterica,ERR1878020,Resistant,GEN,NA,24,mm,Disk diffusion,NA,CLSI,2013,28931025,NA,Cambodia,NA
Salmonella,enterica,ERR1878055,Resistant,GEN,NA,26,mm,Disk diffusion,NA,CLSI,2013,28931025,NA,Cambodia,NA
Salmonella,enterica,ERR1878068,Resistant,GEN,NA,24,mm,Disk diffusion,NA,CLSI,2013,28931025,NA,Cambodia,NA
Salmonella,enterica,ERR1878071,Resistant,GEN,NA,24,mm,Disk diffusion,NA,CLSI,2013,28931025,NA,Cambodia,NA
Escherichia,coli,ERR1912619,Susceptible,GEN,=,2,mg/L,Broth dilution,VITEK 2,CLSI,2013,29112974,blood,Norway,NA
Neisseria,gonorrhoeae,ERR191730,Resistant,TET,NA,4,mg/L,Broth dilution,NA,CLSI,2013,24462211,urethra,USA,NA
Neisseria,gonorrhoeae,ERR191734,Resistant,TET,NA,4,mg/L,Broth dilution,NA,CLSI,2013,24462211,urethra,USA,NA
Neisseria,gonorrhoeae,ERR191737,Resistant,TET,NA,16,mg/L,Broth dilution,NA,CLSI,2013,24462211,urethra,USA,NA
Neisseria,gonorrhoeae,ERR191738,Resistant,TET,NA,2,mg/L,Broth dilution,NA,CLSI,2013,24462211,urethra,USA,NA
Neisseria,gonorrhoeae,ERR191739,Intermediate,TET,NA,0.5,mg/L,Broth dilution,NA,CLSI,2013,24462211,urethra,USA,NA
Neisseria,gonorrhoeae,ERR191741,Resistant,TET,NA,2,mg/L,Broth dilution,NA,CLSI,2013,24462211,urethra,USA,NA
Neisseria,gonorrhoeae,ERR191746,Resistant,TET,NA,4,mg/L,Broth dilution,NA,CLSI,2013,24462211,urethra,USA,NA
Neisseria,gonorrhoeae,ERR191749,Intermediate,TET,NA,0.5,mg/L,Broth dilution,NA,CLSI,2013,24462211,urethra,USA,NA
Neisseria,gonorrhoeae,ERR191750,Resistant,TET,NA,2,mg/L,Broth dilution,NA,CLSI,2013,24462211,urethra,USA,NA
Neisseria,gonorrhoeae,ERR191753,Resistant,TET,NA,16,mg/L,Broth dilution,NA,CLSI,2013,24462211,urethra,USA,NA
Neisseria,gonorrhoeae,ERR191756,Resistant,TET,NA,4,mg/L,Broth dilution,NA,CLSI,2013,24462211,urethra,USA,NA
Neisseria,gonorrhoeae,ERR191758,Resistant,TET,NA,4,mg/L,Broth dilution,NA,CLSI,2013,24462211,urethra,USA,NA
Neisseria,gonorrhoeae,ERR191760,Resistant,TET,NA,4,mg/L,Broth dilution,NA,CLSI,2013,24462211,urethra,USA,NA
Neisseria,gonorrhoeae,ERR191761,Resistant,TET,NA,2,mg/L,Broth dilution,NA,CLSI,2013,24462211,urethra,USA,NA
Neisseria,gonorrhoeae,ERR191762,Intermediate,TET,NA,0.5,mg/L,Broth dilution,NA,CLSI,2013,24462211,urethra,USA,NA
Neisseria,gonorrhoeae,ERR191763,Resistant,TET,NA,2,mg/L,Broth dilution,NA,CLSI,2013,24462211,urethra,USA,NA
Neisseria,gonorrhoeae,ERR191764,Resistant,TET,NA,4,mg/L,Broth dilution,NA,CLSI,2013,24462211,urethra,USA,NA
Neisseria,gonorrhoeae,ERR191766,Resistant,TET,NA,16,mg/L,Broth dilution,NA,CLSI,2013,24462211,urethra,USA,NA
Neisseria,gonorrhoeae,ERR191768,Resistant,TET,NA,4,mg/L,Broth dilution,NA,CLSI,2013,24462211,urethra,USA,NA
Neisseria,gonorrhoeae,ERR191770,Intermediate,TET,NA,1,mg/L,Broth dilution,NA,CLSI,2013,24462211,urethra,USA,NA
Neisseria,gonorrhoeae,ERR191772,Resistant,TET,NA,2,mg/L,Broth dilution,NA,CLSI,2013,24462211,urethra,USA,NA
Neisseria,gonorrhoeae,ERR191773,Resistant,TET,NA,4,mg/L,Broth dilution,NA,CLSI,2013,24462211,urethra,USA,NA
Neisseria,gonorrhoeae,ERR191774,Resistant,TET,NA,2,mg/L,Broth dilution,NA,CLSI,2013,24462211,urethra,USA,NA
Neisseria,gonorrhoeae,ERR191775,Resistant,TET,NA,4,mg/L,Broth dilution,NA,CLSI,2013,24462211,urethra,USA,NA
Neisseria,gonorrhoeae,ERR191776,Resistant,TET,NA,4,mg/L,Broth dilution,NA,CLSI,2013,24462211,urethra,USA,NA
Neisseria,gonorrhoeae,ERR191779,Susceptible,TET,NA,0.25,mg/L,Broth dilution,NA,CLSI,2013,24462211,urethra,USA,NA
Neisseria,gonorrhoeae,ERR191781,Resistant,TET,NA,2,mg/L,Broth dilution,NA,CLSI,2013,24462211,urethra,USA,NA
Neisseria,gonorrhoeae,ERR191783,Resistant,TET,NA,4,mg/L,Broth dilution,NA,CLSI,2013,24462211,urethra,USA,NA
Neisseria,gonorrhoeae,ERR191785,Resistant,TET,NA,2,mg/L,Broth dilution,NA,CLSI,2013,24462211,urethra,USA,NA
Neisseria,gonorrhoeae,ERR191786,Resistant,TET,NA,2,mg/L,Broth dilution,NA,CLSI,2013,24462211,urethra,USA,NA
Neisseria,gonorrhoeae,ERR191788,Resistant,TET,NA,4,mg/L,Broth dilution,NA,CLSI,2013,24462211,urethra,USA,NA
Neisseria,gonorrhoeae,ERR191789,Resistant,TET,NA,2,mg/L,Broth dilution,NA,CLSI,2013,24462211,urethra,USA,NA
Neisseria,gonorrhoeae,ERR191790,Resistant,TET,NA,2,mg/L,Broth dilution,NA,CLSI,2013,24462211,urethra,USA,NA
Neisseria,gonorrhoeae,ERR191793,Resistant,TET,NA,32,mg/L,Broth dilution,NA,CLSI,2013,24462211,urethra,USA,NA
Neisseria,gonorrhoeae,ERR191795,Resistant,TET,NA,4,mg/L,Broth dilution,NA,CLSI,2013,24462211,urethra,USA,NA
Neisseria,gonorrhoeae,ERR191797,Resistant,TET,NA,32,mg/L,Broth dilution,NA,CLSI,2013,24462211,urethra,USA,NA
Neisseria,gonorrhoeae,ERR191798,Resistant,TET,NA,4,mg/L,Broth dilution,NA,CLSI,2013,24462211,urethra,USA,NA
Neisseria,gonorrhoeae,ERR191799,Intermediate,TET,NA,1,mg/L,Broth dilution,NA,CLSI,2013,24462211,urethra,USA,NA
Neisseria,gonorrhoeae,ERR191800,Resistant,TET,NA,4,mg/L,Broth dilution,NA,CLSI,2013,24462211,urethra,USA,NA
Neisseria,gonorrhoeae,ERR191802,Intermediate,TET,NA,0.5,mg/L,Broth dilution,NA,CLSI,2013,24462211,urethra,USA,NA
Neisseria,gonorrhoeae,ERR191803,Intermediate,TET,NA,0.5,mg/L,Broth dilution,NA,CLSI,2013,24462211,urethra,USA,NA
Neisseria,gonorrhoeae,ERR191805,Resistant,TET,NA,2,mg/L,Broth dilution,NA,CLSI,2013,24462211,urethra,USA,NA
Neisseria,gonorrhoeae,ERR191807,Susceptible,TET,NA,0.25,mg/L,Broth dilution,NA,CLSI,2013,24462211,urethra,USA,NA
Neisseria,gonorrhoeae,ERR191809,Resistant,TET,NA,4,mg/L,Broth dilution,NA,CLSI,2013,24462211,urethra,USA,NA
Neisseria,gonorrhoeae,ERR191810,Intermediate,TET,NA,1,mg/L,Broth dilution,NA,CLSI,2013,24462211,urethra,USA,NA
Neisseria,gonorrhoeae,ERR191811,Resistant,TET,NA,2,mg/L,Broth dilution,NA,CLSI,2013,24462211,urethra,USA,NA
Neisseria,gonorrhoeae,ERR191812,Resistant,TET,NA,2,mg/L,Broth dilution,NA,CLSI,2013,24462211,urethra,USA,NA
Neisseria,gonorrhoeae,ERR191817,Intermediate,TET,NA,0.5,mg/L,Broth dilution,NA,CLSI,2013,24462211,urethra,USA,NA
Neisseria,gonorrhoeae,ERR191818,Resistant,TET,NA,2,mg/L,Broth dilution,NA,CLSI,2013,24462211,urethra,USA,NA
Neisseria,gonorrhoeae,ERR191819,Resistant,TET,NA,32,mg/L,Broth dilution,NA,CLSI,2013,24462211,urethra,USA,NA
Neisseria,gonorrhoeae,ERR191821,Intermediate,TET,NA,1,mg/L,Broth dilution,NA,CLSI,2013,24462211,urethra,USA,NA
Neisseria,gonorrhoeae,ERR191822,Resistant,TET,NA,2,mg/L,Broth dilution,NA,CLSI,2013,24462211,urethra,USA,NA
Neisseria,gonorrhoeae,ERR191824,Resistant,TET,NA,4,mg/L,Broth dilution,NA,CLSI,2013,24462211,urethra,USA,NA
Neisseria,gonorrhoeae,ERR191825,Intermediate,TET,NA,1,mg/L,Broth dilution,NA,CLSI,2013,24462211,urethra,USA,NA
Neisseria,gonorrhoeae,ERR2133894,Susceptible,TET,<=,0.08,mg/L,Broth dilution,NA,CLSI,2013,29247013,Pharyngeal,Australia,NA
Neisseria,gonorrhoeae,ERR2133895,Susceptible,TET,<=,0.08,mg/L,Broth dilution,NA,CLSI,2013,29247013,urethra,Australia,NA
Neisseria,gonorrhoeae,ERR2133896,Susceptible,TET,<=,0.08,mg/L,Broth dilution,NA,CLSI,2013,29247013,Rectal,Australia,NA
Neisseria,gonorrhoeae,ERR2133897,Susceptible,TET,<=,0.08,mg/L,Broth dilution,NA,CLSI,2013,29247013,urethra,Australia,NA
Neisseria,gonorrhoeae,ERR2133898,Susceptible,TET,<=,0.08,mg/L,Broth dilution,NA,CLSI,2013,29247013,urethra,Australia,NA
Neisseria,gonorrhoeae,ERR2133899,Susceptible,TET,<=,0.08,mg/L,Broth dilution,NA,CLSI,2013,29247013,Pharyngeal,Australia,NA
Neisseria,gonorrhoeae,ERR2133900,Susceptible,TET,<=,0.08,mg/L,Broth dilution,NA,CLSI,2013,29247013,Rectal,Australia,NA
Neisseria,gonorrhoeae,ERR2133901,Susceptible,TET,<=,0.08,mg/L,Broth dilution,NA,CLSI,2013,29247013,urethra,Australia,NA
Neisseria,gonorrhoeae,ERR2133902,Susceptible,TET,<=,0.08,mg/L,Broth dilution,NA,CLSI,2013,29247013,Rectal,Australia,NA
Neisseria,gonorrhoeae,ERR2133903,Susceptible,TET,<=,0.08,mg/L,Broth dilution,NA,CLSI,2013,29247013,urethra,Australia,NA
Neisseria,gonorrhoeae,ERR2133904,Susceptible,TET,<=,0.08,mg/L,Broth dilution,NA,CLSI,2013,29247013,Pharyngeal,Australia,NA
Neisseria,gonorrhoeae,ERR2133905,Susceptible,TET,<=,0.08,mg/L,Broth dilution,NA,CLSI,2013,29247013,urethra,Australia,NA
Neisseria,gonorrhoeae,ERR2133906,Susceptible,TET,<=,0.08,mg/L,Broth dilution,NA,CLSI,2013,29247013,Rectal,Australia,NA
Neisseria,gonorrhoeae,ERR2133907,Susceptible,TET,<=,0.08,mg/L,Broth dilution,NA,CLSI,2013,29247013,Pharyngeal,Australia,NA
Neisseria,gonorrhoeae,ERR2133908,Susceptible,TET,<=,0.08,mg/L,Broth dilution,NA,CLSI,2013,29247013,Rectal,Australia,NA
Neisseria,gonorrhoeae,ERR2133909,Susceptible,TET,<=,0.08,mg/L,Broth dilution,NA,CLSI,2013,29247013,urethra,Australia,NA
Neisseria,gonorrhoeae,ERR2133910,Susceptible,TET,<=,0.08,mg/L,Broth dilution,NA,CLSI,2013,29247013,Pharyngeal,Australia,NA
Neisseria,gonorrhoeae,ERR2133911,Susceptible,TET,<=,0.08,mg/L,Broth dilution,NA,CLSI,2013,29247013,Pharyngeal,Australia,NA
Neisseria,gonorrhoeae,ERR2133912,Susceptible,TET,<=,0.08,mg/L,Broth dilution,NA,CLSI,2013,29247013,Rectal,Australia,NA
Neisseria,gonorrhoeae,ERR2133913,Susceptible,TET,<=,0.08,mg/L,Broth dilution,NA,CLSI,2013,29247013,Pharyngeal,Australia,NA
Neisseria,gonorrhoeae,ERR2133914,Susceptible,TET,<=,0.08,mg/L,Broth dilution,NA,CLSI,2013,29247013,urethra,Australia,NA
Neisseria,gonorrhoeae,ERR2133915,Susceptible,TET,<=,0.08,mg/L,Broth dilution,NA,CLSI,2013,29247013,urethra,Australia,NA
Neisseria,gonorrhoeae,ERR2133916,Susceptible,TET,<=,0.08,mg/L,Broth dilution,NA,CLSI,2013,29247013,Pharyngeal,Australia,NA
Neisseria,gonorrhoeae,ERR2133917,Susceptible,TET,<=,0.08,mg/L,Broth dilution,NA,CLSI,2013,29247013,Rectal,Australia,NA
Neisseria,gonorrhoeae,ERR2133918,Susceptible,TET,<=,0.08,mg/L,Broth dilution,NA,CLSI,2013,29247013,Rectal,Australia,NA
Neisseria,gonorrhoeae,ERR2133919,Susceptible,TET,<=,0.08,mg/L,Broth dilution,NA,CLSI,2013,29247013,Pharyngeal,Australia,NA
Neisseria,gonorrhoeae,ERR2133920,Susceptible,TET,<=,0.08,mg/L,Broth dilution,NA,CLSI,2013,29247013,urethra,Australia,NA
Neisseria,gonorrhoeae,ERR2133921,Susceptible,TET,<=,0.08,mg/L,Broth dilution,NA,CLSI,2013,29247013,Pharyngeal,Australia,NA
Neisseria,gonorrhoeae,ERR2133922,Susceptible,TET,<=,0.08,mg/L,Broth dilution,NA,CLSI,2013,29247013,Pharyngeal,Australia,NA
Neisseria,gonorrhoeae,ERR2133923,Susceptible,TET,<=,0.08,mg/L,Broth dilution,NA,CLSI,2013,29247013,Rectal,Australia,NA
Neisseria,gonorrhoeae,ERR2133924,Susceptible,TET,<=,0.08,mg/L,Broth dilution,NA,CLSI,2013,29247013,urethra,Australia,NA
Neisseria,gonorrhoeae,ERR2133925,Susceptible,TET,<=,0.08,mg/L,Broth dilution,NA,CLSI,2013,29247013,Pharyngeal,Australia,NA
Neisseria,gonorrhoeae,ERR2133926,Susceptible,TET,<=,0.08,mg/L,Broth dilution,NA,CLSI,2013,29247013,Pharyngeal,Australia,NA
Neisseria,gonorrhoeae,ERR2133927,Susceptible,TET,<=,0.08,mg/L,Broth dilution,NA,CLSI,2013,29247013,Rectal,Australia,NA
Neisseria,gonorrhoeae,ERR2133928,Susceptible,TET,<=,0.08,mg/L,Broth dilution,NA,CLSI,2013,29247013,urethra,Australia,NA
Neisseria,gonorrhoeae,ERR2133929,Susceptible,TET,<=,0.08,mg/L,Broth dilution,NA,CLSI,2013,29247013,urethra,Australia,NA
Neisseria,gonorrhoeae,ERR2133930,Susceptible,TET,<=,0.08,mg/L,Broth dilution,NA,CLSI,2013,29247013,Rectal,Australia,NA
Neisseria,gonorrhoeae,ERR2133931,Susceptible,TET,<=,0.08,mg/L,Broth dilution,NA,CLSI,2013,29247013,urethra,Australia,NA
Neisseria,gonorrhoeae,ERR2133932,Susceptible,TET,<=,0.08,mg/L,Broth dilution,NA,CLSI,2013,29247013,Pharyngeal,Australia,NA
Neisseria,gonorrhoeae,ERR2133933,Susceptible,TET,<=,0.08,mg/L,Broth dilution,NA,CLSI,2013,29247013,Rectal,Australia,NA
Neisseria,gonorrhoeae,ERR2133934,Susceptible,TET,<=,0.08,mg/L,Broth dilution,NA,CLSI,2013,29247013,Rectal,Australia,NA
Neisseria,gonorrhoeae,ERR2133935,Susceptible,TET,<=,0.04,mg/L,Broth dilution,NA,CLSI,2013,29247013,urethra,Australia,NA
Neisseria,gonorrhoeae,ERR2133936,Susceptible,TET,<=,0.04,mg/L,Broth dilution,NA,CLSI,2013,29247013,Rectal,Australia,NA
Neisseria,gonorrhoeae,ERR2133937,Susceptible,TET,<=,0.04,mg/L,Broth dilution,NA,CLSI,2013,29247013,urethra,Australia,NA
Neisseria,gonorrhoeae,ERR2133938,Susceptible,TET,<=,0.04,mg/L,Broth dilution,NA,CLSI,2013,29247013,Rectal,Australia,NA
Neisseria,gonorrhoeae,ERR2133939,Susceptible,TET,<=,0.04,mg/L,Broth dilution,NA,CLSI,2013,29247013,Pharyngeal,Australia,NA
Neisseria,gonorrhoeae,ERR2133940,Susceptible,TET,<=,0.04,mg/L,Broth dilution,NA,CLSI,2013,29247013,urethra,Australia,NA
Neisseria,gonorrhoeae,ERR2133941,Susceptible,TET,<=,0.04,mg/L,Broth dilution,NA,CLSI,2013,29247013,Rectal,Australia,NA
Neisseria,gonorrhoeae,ERR2133942,Susceptible,TET,<=,0.04,mg/L,Broth dilution,NA,CLSI,2013,29247013,urethra,Australia,NA
Neisseria,gonorrhoeae,ERR2133943,Susceptible,TET,<=,0.04,mg/L,Broth dilution,NA,CLSI,2013,29247013,Rectal,Australia,NA
Neisseria,gonorrhoeae,ERR2133946,Susceptible,TET,<=,0.04,mg/L,Broth dilution,NA,CLSI,2013,29247013,urethra,Australia,NA
Neisseria,gonorrhoeae,ERR2133947,Susceptible,TET,<=,0.04,mg/L,Broth dilution,NA,CLSI,2013,29247013,Rectal,Australia,NA
Neisseria,gonorrhoeae,ERR2133948,Susceptible,TET,<=,0.04,mg/L,Broth dilution,NA,CLSI,2013,29247013,Pharyngeal,Australia,NA
Neisseria,gonorrhoeae,ERR2133949,Susceptible,TET,<=,0.04,mg/L,Broth dilution,NA,CLSI,2013,29247013,Rectal,Australia,NA
Neisseria,gonorrhoeae,ERR2133950,Susceptible,TET,<=,0.04,mg/L,Broth dilution,NA,CLSI,2013,29247013,urethra,Australia,NA
Neisseria,gonorrhoeae,ERR2133951,Susceptible,TET,<=,0.04,mg/L,Broth dilution,NA,CLSI,2013,29247013,urethra,Australia,NA
Neisseria,gonorrhoeae,ERR2133952,Susceptible,TET,<=,0.04,mg/L,Broth dilution,NA,CLSI,2013,29247013,Pharyngeal,Australia,NA
Neisseria,gonorrhoeae,ERR2133953,Susceptible,TET,<=,0.04,mg/L,Broth dilution,NA,CLSI,2013,29247013,Pharyngeal,Australia,NA
Neisseria,gonorrhoeae,ERR2133955,Susceptible,TET,<=,0.04,mg/L,Broth dilution,NA,CLSI,2013,29247013,Rectal,Australia,NA
Neisseria,gonorrhoeae,ERR2133956,Susceptible,TET,<=,0.04,mg/L,Broth dilution,NA,CLSI,2013,29247013,Rectal,Australia,NA
Neisseria,gonorrhoeae,ERR2133958,Resistant,TET,NA,4,mg/L,Broth dilution,NA,CLSI,2013,29247013,urethra,Australia,NA
Neisseria,gonorrhoeae,ERR2133959,Resistant,TET,NA,4,mg/L,Broth dilution,NA,CLSI,2013,29247013,Pharyngeal,Australia,NA
Neisseria,gonorrhoeae,ERR2133960,Resistant,TET,NA,4,mg/L,Broth dilution,NA,CLSI,2013,29247013,urethra,Australia,NA
Neisseria,gonorrhoeae,ERR2133962,Resistant,TET,NA,4,mg/L,Broth dilution,NA,CLSI,2013,29247013,Pharyngeal,Australia,NA
Neisseria,gonorrhoeae,ERR2133963,Resistant,TET,NA,4,mg/L,Broth dilution,NA,CLSI,2013,29247013,urethra,Australia,NA
Neisseria,gonorrhoeae,ERR2133965,Resistant,TET,NA,4,mg/L,Broth dilution,NA,CLSI,2013,29247013,Rectal,Australia,NA
Neisseria,gonorrhoeae,ERR2133967,Resistant,TET,NA,8,mg/L,Broth dilution,NA,CLSI,2013,29247013,Rectal,Australia,NA
Neisseria,gonorrhoeae,ERR2133971,Resistant,TET,NA,4,mg/L,Broth dilution,NA,CLSI,2013,29247013,Rectal,Australia,NA
Neisseria,gonorrhoeae,ERR2133973,Resistant,TET,NA,8,mg/L,Broth dilution,NA,CLSI,2013,29247013,urethra,Australia,NA
Neisseria,gonorrhoeae,ERR2133983,Resistant,TET,NA,4,mg/L,Broth dilution,NA,CLSI,2013,29247013,Rectal,Australia,NA
Neisseria,gonorrhoeae,ERR2133984,Resistant,TET,NA,4,mg/L,Broth dilution,NA,CLSI,2013,29247013,Pharyngeal,Australia,NA
Escherichia,coli,ERR2209391,Resistant,GEN,NA,32,mg/L,Broth dilution,NA,CLSI,2013,29951045,Slaughterhouse,Italy,NA
Escherichia,coli,ERR2209392,Resistant,GEN,NA,32,mg/L,Broth dilution,NA,CLSI,2013,29951045,Slaughterhouse,Italy,NA
Escherichia,coli,ERR2209393,Resistant,GEN,NA,32,mg/L,Broth dilution,NA,CLSI,2013,29951045,Slaughterhouse,Italy,NA
Escherichia,coli,ERR2209630,Susceptible,GEN,NA,0.5,mg/L,Broth dilution,NA,CLSI,2013,29951045,Slaughterhouse,Italy,NA
Escherichia,coli,ERR2209631,Susceptible,GEN,NA,0.5,mg/L,Broth dilution,NA,CLSI,2013,29951045,Slaughterhouse,Italy,NA
Salmonella,enterica,ERR2209632,Resistant,GEN,NA,32,mg/L,Broth dilution,NA,CLSI,2013,29951045,Slaughterhouse,Italy,NA
Escherichia,coli,ERR2209634,Susceptible,GEN,NA,0.5,mg/L,Broth dilution,NA,CLSI,2013,29951045,Slaughterhouse,Italy,NA
Escherichia,coli,ERR2209639,Susceptible,GEN,NA,0.5,mg/L,Broth dilution,NA,CLSI,2013,29951045,Slaughterhouse,Italy,NA
Escherichia,coli,ERR2209640,Susceptible,GEN,NA,0.5,mg/L,Broth dilution,NA,CLSI,2013,29951045,Slaughterhouse,Italy,NA
Escherichia,coli,ERR2209641,Susceptible,GEN,NA,0.5,mg/L,Broth dilution,NA,CLSI,2013,29951045,Slaughterhouse,Italy,NA
Escherichia,coli,ERR2209642,Resistant,GEN,NA,32,mg/L,Broth dilution,NA,CLSI,2013,29951045,Slaughterhouse,Italy,NA
Escherichia,coli,ERR2209643,Intermediate,GEN,NA,4,mg/L,Broth dilution,NA,CLSI,2013,29951045,Slaughterhouse,Italy,NA
Escherichia,coli,ERR2209644,Susceptible,GEN,NA,0.5,mg/L,Broth dilution,NA,CLSI,2013,29951045,Slaughterhouse,Italy,NA
Escherichia,coli,ERR2209645,Susceptible,GEN,NA,0.5,mg/L,Broth dilution,NA,CLSI,2013,29951045,Slaughterhouse,Italy,NA
Escherichia,coli,ERR2209646,Susceptible,GEN,NA,2,mg/L,Broth dilution,NA,CLSI,2013,29951045,Slaughterhouse,Italy,NA
Escherichia,coli,ERR2209647,Susceptible,GEN,NA,0.5,mg/L,Broth dilution,NA,CLSI,2013,29951045,Slaughterhouse,Italy,NA
Escherichia,coli,ERR2209705,Resistant,GEN,NA,32,mg/L,Broth dilution,NA,CLSI,2013,29951045,Slaughterhouse,Italy,NA
Escherichia,coli,ERR2209706,Susceptible,GEN,NA,0.5,mg/L,Broth dilution,NA,CLSI,2013,29951045,Slaughterhouse,Italy,NA
Escherichia,coli,ERR2209708,Resistant,GEN,NA,32,mg/L,Broth dilution,NA,CLSI,2013,29951045,Slaughterhouse,Italy,NA
Escherichia,coli,ERR2209710,Susceptible,GEN,NA,1,mg/L,Broth dilution,NA,CLSI,2013,29951045,Slaughterhouse,Italy,NA
Escherichia,coli,ERR2209713,Resistant,GEN,NA,64,mg/L,Broth dilution,NA,CLSI,2013,29951045,Slaughterhouse,Italy,NA
Escherichia,coli,ERR2209720,Susceptible,GEN,NA,0.5,mg/L,Broth dilution,NA,CLSI,2013,29951045,Slaughterhouse,Italy,NA
Escherichia,coli,ERR2209721,Susceptible,GEN,NA,0.5,mg/L,Broth dilution,NA,CLSI,2013,29951045,Slaughterhouse,Italy,NA
Escherichia,coli,ERR2209723,Susceptible,GEN,NA,0.5,mg/L,Broth dilution,NA,CLSI,2013,29951045,Slaughterhouse,Italy,NA
Escherichia,coli,ERR2209724,Resistant,GEN,NA,64,mg/L,Broth dilution,NA,CLSI,2013,29951045,Slaughterhouse,Italy,NA
Escherichia,coli,ERR2209725,Susceptible,GEN,NA,0.5,mg/L,Broth dilution,NA,CLSI,2013,29951045,Slaughterhouse,Italy,NA
Escherichia,coli,ERR2209726,Susceptible,GEN,NA,2,mg/L,Broth dilution,NA,CLSI,2013,29951045,Slaughterhouse,Italy,NA
Escherichia,coli,ERR2209727,Resistant,GEN,NA,64,mg/L,Broth dilution,NA,CLSI,2013,29951045,Slaughterhouse,Italy,NA
Escherichia,coli,ERR2209728,Resistant,GEN,NA,8,mg/L,Broth dilution,NA,CLSI,2013,29951045,Slaughterhouse,Italy,NA
Escherichia,coli,ERR2209730,Susceptible,GEN,NA,1,mg/L,Broth dilution,NA,CLSI,2013,29951045,Slaughterhouse,Italy,NA
Escherichia,coli,ERR2209732,Susceptible,GEN,NA,0.5,mg/L,Broth dilution,NA,CLSI,2013,29951045,Slaughterhouse,Italy,NA
Escherichia,coli,ERR2209734,Susceptible,GEN,NA,0.5,mg/L,Broth dilution,NA,CLSI,2013,29951045,Slaughterhouse,Italy,NA
Escherichia,coli,ERR2209735,Susceptible,GEN,NA,0.5,mg/L,Broth dilution,NA,CLSI,2013,29951045,Slaughterhouse,Italy,NA
Escherichia,coli,ERR2209736,Resistant,GEN,NA,64,mg/L,Broth dilution,NA,CLSI,2013,29951045,Slaughterhouse,Italy,NA
Escherichia,coli,ERR2209737,Resistant,GEN,NA,32,mg/L,Broth dilution,NA,CLSI,2013,29951045,Slaughterhouse,Italy,NA
Escherichia,coli,ERR2209744,Resistant,GEN,NA,32,mg/L,Broth dilution,NA,CLSI,2013,29951045,Slaughterhouse,Italy,NA
Escherichia,coli,ERR2209745,Resistant,GEN,NA,64,mg/L,Broth dilution,NA,CLSI,2013,29951045,Slaughterhouse,Italy,NA
Neisseria,gonorrhoeae,ERR222892,Intermediate,TET,NA,1,mg/L,Broth dilution,NA,CLSI,2013,24462211,urethra,USA,NA
Neisseria,gonorrhoeae,ERR222894,Resistant,TET,NA,2,mg/L,Broth dilution,NA,CLSI,2013,24462211,urethra,USA,NA
Neisseria,gonorrhoeae,ERR222895,Resistant,TET,NA,4,mg/L,Broth dilution,NA,CLSI,2013,24462211,urethra,USA,NA
Neisseria,gonorrhoeae,ERR222897,Intermediate,TET,NA,1,mg/L,Broth dilution,NA,CLSI,2013,24462211,urethra,USA,NA
Neisseria,gonorrhoeae,ERR222899,Susceptible,TET,NA,0.25,mg/L,Broth dilution,NA,CLSI,2013,24462211,urethra,USA,NA
Neisseria,gonorrhoeae,ERR222900,Resistant,TET,NA,2,mg/L,Broth dilution,NA,CLSI,2013,24462211,urethra,USA,NA
Neisseria,gonorrhoeae,ERR222904,Resistant,TET,NA,2,mg/L,Broth dilution,NA,CLSI,2013,24462211,urethra,USA,NA
Neisseria,gonorrhoeae,ERR222905,Intermediate,TET,NA,0.5,mg/L,Broth dilution,NA,CLSI,2013,24462211,urethra,USA,NA
Neisseria,gonorrhoeae,ERR222906,Intermediate,TET,NA,1,mg/L,Broth dilution,NA,CLSI,2013,24462211,urethra,USA,NA
Neisseria,gonorrhoeae,ERR222915,Resistant,TET,NA,16,mg/L,Broth dilution,NA,CLSI,2013,24462211,urethra,USA,NA
Neisseria,gonorrhoeae,ERR222918,Intermediate,TET,NA,1,mg/L,Broth dilution,NA,CLSI,2013,24462211,urethra,USA,NA
Neisseria,gonorrhoeae,ERR222919,Susceptible,TET,NA,0.25,mg/L,Broth dilution,NA,CLSI,2013,24462211,urethra,USA,NA
Neisseria,gonorrhoeae,ERR222920,Intermediate,TET,NA,0.5,mg/L,Broth dilution,NA,CLSI,2013,24462211,urethra,USA,NA
Neisseria,gonorrhoeae,ERR222922,Intermediate,TET,NA,1,mg/L,Broth dilution,NA,CLSI,2013,24462211,urethra,USA,NA
Neisseria,gonorrhoeae,ERR222923,Intermediate,TET,NA,1,mg/L,Broth dilution,NA,CLSI,2013,24462211,urethra,USA,NA
Neisseria,gonorrhoeae,ERR222924,Intermediate,TET,NA,1,mg/L,Broth dilution,NA,CLSI,2013,24462211,urethra,USA,NA
Neisseria,gonorrhoeae,ERR222926,Resistant,TET,NA,4,mg/L,Broth dilution,NA,CLSI,2013,24462211,urethra,USA,NA
Neisseria,gonorrhoeae,ERR222927,Resistant,TET,NA,4,mg/L,Broth dilution,NA,CLSI,2013,24462211,urethra,USA,NA
Neisseria,gonorrhoeae,ERR222928,Resistant,TET,NA,2,mg/L,Broth dilution,NA,CLSI,2013,24462211,urethra,USA,NA
Neisseria,gonorrhoeae,ERR222933,Resistant,TET,NA,2,mg/L,Broth dilution,NA,CLSI,2013,24462211,urethra,USA,NA
Neisseria,gonorrhoeae,ERR222934,Resistant,TET,NA,2,mg/L,Broth dilution,NA,CLSI,2013,24462211,urethra,USA,NA
Neisseria,gonorrhoeae,ERR222935,Resistant,TET,NA,2,mg/L,Broth dilution,NA,CLSI,2013,24462211,urethra,USA,NA
Neisseria,gonorrhoeae,ERR222936,Resistant,TET,NA,4,mg/L,Broth dilution,NA,CLSI,2013,24462211,urethra,USA,NA
Neisseria,gonorrhoeae,ERR222937,Resistant,TET,NA,4,mg/L,Broth dilution,NA,CLSI,2013,24462211,urethra,USA,NA
Neisseria,gonorrhoeae,ERR222938,Resistant,TET,NA,4,mg/L,Broth dilution,NA,CLSI,2013,24462211,urethra,USA,NA
Neisseria,gonorrhoeae,ERR222939,Resistant,TET,NA,4,mg/L,Broth dilution,NA,CLSI,2013,24462211,urethra,USA,NA
Neisseria,gonorrhoeae,ERR222940,Resistant,TET,NA,4,mg/L,Broth dilution,NA,CLSI,2013,24462211,urethra,USA,NA
Neisseria,gonorrhoeae,ERR222941,Intermediate,TET,NA,0.5,mg/L,Broth dilution,NA,CLSI,2013,24462211,urethra,USA,NA
Neisseria,gonorrhoeae,ERR223607,Resistant,TET,NA,2,mg/L,Broth dilution,NA,CLSI,2013,24462211,urethra,USA,NA
Neisseria,gonorrhoeae,ERR223608,Resistant,TET,NA,4,mg/L,Broth dilution,NA,CLSI,2013,24462211,urethra,USA,NA
Neisseria,gonorrhoeae,ERR223611,Resistant,TET,NA,2,mg/L,Broth dilution,NA,CLSI,2013,24462211,urethra,USA,NA
Neisseria,gonorrhoeae,ERR223613,Resistant,TET,NA,4,mg/L,Broth dilution,NA,CLSI,2013,24462211,urethra,USA,NA
Neisseria,gonorrhoeae,ERR223615,Resistant,TET,NA,4,mg/L,Broth dilution,NA,CLSI,2013,24462211,urethra,USA,NA
Neisseria,gonorrhoeae,ERR223621,Resistant,TET,NA,32,mg/L,Broth dilution,NA,CLSI,2013,24462211,urethra,USA,NA
Neisseria,gonorrhoeae,ERR223625,Resistant,TET,NA,2,mg/L,Broth dilution,NA,CLSI,2013,24462211,urethra,USA,NA
Neisseria,gonorrhoeae,ERR223626,Intermediate,TET,NA,0.5,mg/L,Broth dilution,NA,CLSI,2013,24462211,urethra,USA,NA
Neisseria,gonorrhoeae,ERR223627,Resistant,TET,NA,2,mg/L,Broth dilution,NA,CLSI,2013,24462211,urethra,USA,NA
Neisseria,gonorrhoeae,ERR223630,Susceptible,TET,NA,0.25,mg/L,Broth dilution,NA,CLSI,2013,24462211,urethra,USA,NA
Neisseria,gonorrhoeae,ERR223631,Resistant,TET,NA,4,mg/L,Broth dilution,NA,CLSI,2013,24462211,urethra,USA,NA
Neisseria,gonorrhoeae,ERR223632,Intermediate,TET,NA,0.5,mg/L,Broth dilution,NA,CLSI,2013,24462211,urethra,USA,NA
Neisseria,gonorrhoeae,ERR223637,Resistant,TET,NA,4,mg/L,Broth dilution,NA,CLSI,2013,24462211,urethra,USA,NA
Neisseria,gonorrhoeae,ERR223638,Resistant,TET,NA,2,mg/L,Broth dilution,NA,CLSI,2013,24462211,urethra,USA,NA
Neisseria,gonorrhoeae,ERR223640,Resistant,TET,NA,2,mg/L,Broth dilution,NA,CLSI,2013,24462211,urethra,USA,NA
Neisseria,gonorrhoeae,ERR223641,Resistant,TET,NA,4,mg/L,Broth dilution,NA,CLSI,2013,24462211,urethra,USA,NA
Neisseria,gonorrhoeae,ERR223642,Intermediate,TET,NA,1,mg/L,Broth dilution,NA,CLSI,2013,24462211,urethra,USA,NA
Neisseria,gonorrhoeae,ERR223649,Resistant,TET,NA,2,mg/L,Broth dilution,NA,CLSI,2013,24462211,urethra,USA,NA
Neisseria,gonorrhoeae,ERR223651,Resistant,TET,NA,4,mg/L,Broth dilution,NA,CLSI,2013,24462211,urethra,USA,NA
Neisseria,gonorrhoeae,ERR223652,Resistant,TET,NA,16,mg/L,Broth dilution,NA,CLSI,2013,24462211,urethra,USA,NA
Neisseria,gonorrhoeae,ERR223653,Resistant,TET,NA,4,mg/L,Broth dilution,NA,CLSI,2013,24462211,urethra,USA,NA
Neisseria,gonorrhoeae,ERR223657,Resistant,TET,NA,2,mg/L,Broth dilution,NA,CLSI,2013,24462211,urethra,USA,NA
Neisseria,gonorrhoeae,ERR223658,Resistant,TET,NA,2,mg/L,Broth dilution,NA,CLSI,2013,24462211,urethra,USA,NA
Neisseria,gonorrhoeae,ERR223660,Resistant,TET,NA,16,mg/L,Broth dilution,NA,CLSI,2013,24462211,urethra,USA,NA
Neisseria,gonorrhoeae,ERR223661,Resistant,TET,NA,4,mg/L,Broth dilution,NA,CLSI,2013,24462211,urethra,USA,NA
Neisseria,gonorrhoeae,ERR223663,Resistant,TET,NA,4,mg/L,Broth dilution,NA,CLSI,2013,24462211,urethra,USA,NA
Neisseria,gonorrhoeae,ERR223665,Resistant,TET,NA,2,mg/L,Broth dilution,NA,CLSI,2013,24462211,urethra,USA,NA
Neisseria,gonorrhoeae,ERR223666,Resistant,TET,NA,2,mg/L,Broth dilution,NA,CLSI,2013,24462211,urethra,USA,NA
Neisseria,gonorrhoeae,ERR223671,Intermediate,TET,NA,1,mg/L,Broth dilution,NA,CLSI,2013,24462211,urethra,USA,NA
Neisseria,gonorrhoeae,ERR223672,Resistant,TET,NA,4,mg/L,Broth dilution,NA,CLSI,2013,24462211,urethra,USA,NA
Neisseria,gonorrhoeae,ERR223675,Intermediate,TET,NA,1,mg/L,Broth dilution,NA,CLSI,2013,24462211,urethra,USA,NA
Neisseria,gonorrhoeae,ERR223676,Resistant,TET,NA,4,mg/L,Broth dilution,NA,CLSI,2013,24462211,urethra,USA,NA
Neisseria,gonorrhoeae,ERR223677,Intermediate,TET,NA,1,mg/L,Broth dilution,NA,CLSI,2013,24462211,urethra,USA,NA
Neisseria,gonorrhoeae,ERR223680,Intermediate,TET,NA,1,mg/L,Broth dilution,NA,CLSI,2013,24462211,urethra,USA,NA
Neisseria,gonorrhoeae,ERR223681,Intermediate,TET,NA,1,mg/L,Broth dilution,NA,CLSI,2013,24462211,urethra,USA,NA
Neisseria,gonorrhoeae,ERR223683,Resistant,TET,NA,4,mg/L,Broth dilution,NA,CLSI,2013,24462211,urethra,USA,NA
Neisseria,gonorrhoeae,ERR223684,Resistant,TET,NA,4,mg/L,Broth dilution,NA,CLSI,2013,24462211,urethra,USA,NA
Neisseria,gonorrhoeae,ERR223686,Resistant,TET,NA,16,mg/L,Broth dilution,NA,CLSI,2013,24462211,urethra,USA,NA
Neisseria,gonorrhoeae,ERR223687,Resistant,TET,NA,2,mg/L,Broth dilution,NA,CLSI,2013,24462211,urethra,USA,NA
Neisseria,gonorrhoeae,ERR223689,Resistant,TET,NA,2,mg/L,Broth dilution,NA,CLSI,2013,24462211,urethra,USA,NA
Neisseria,gonorrhoeae,ERR223690,Susceptible,TET,NA,0.25,mg/L,Broth dilution,NA,CLSI,2013,24462211,urethra,USA,NA
Neisseria,gonorrhoeae,ERR223691,Resistant,TET,NA,2,mg/L,Broth dilution,NA,CLSI,2013,24462211,urethra,USA,NA
Neisseria,gonorrhoeae,ERR223692,Resistant,TET,NA,64,mg/L,Broth dilution,NA,CLSI,2013,24462211,urethra,USA,NA
Neisseria,gonorrhoeae,ERR223693,Resistant,TET,NA,2,mg/L,Broth dilution,NA,CLSI,2013,24462211,urethra,USA,NA
Neisseria,gonorrhoeae,ERR223698,Intermediate,TET,NA,1,mg/L,Broth dilution,NA,CLSI,2013,24462211,urethra,USA,NA
Staphylococcus,aureus,ERR2309517,Intermediate,ERY,NA,1,mg/L,Broth dilution,VITEK 2,CLSI,2013,29729180,NA,Ireland,NA
Staphylococcus,aureus,ERR2309518,Intermediate,ERY,NA,1,mg/L,Broth dilution,VITEK 2,CLSI,2013,29729180,NA,Ireland,NA
Staphylococcus,aureus,ERR2309519,Intermediate,ERY,NA,1,mg/L,Broth dilution,VITEK 2,CLSI,2013,29729180,NA,Ireland,NA
Staphylococcus,aureus,ERR2309520,Susceptible,ERY,NA,0.5,mg/L,Broth dilution,VITEK 2,CLSI,2013,29729180,NA,Ireland,NA
Staphylococcus,aureus,ERR2309521,Susceptible,ERY,NA,0.5,mg/L,Broth dilution,VITEK 2,CLSI,2013,29729180,NA,Ireland,NA
Staphylococcus,aureus,ERR2309522,Susceptible,ERY,NA,0.5,mg/L,Broth dilution,VITEK 2,CLSI,2013,29729180,NA,Ireland,NA
Staphylococcus,aureus,ERR2309523,Susceptible,ERY,NA,0.5,mg/L,Broth dilution,VITEK 2,CLSI,2013,29729180,NA,Ireland,NA
Staphylococcus,aureus,ERR2309524,Susceptible,ERY,NA,0.5,mg/L,Broth dilution,VITEK 2,CLSI,2013,29729180,NA,Ireland,NA
Staphylococcus,aureus,ERR2309525,Susceptible,ERY,NA,0.5,mg/L,Broth dilution,VITEK 2,CLSI,2013,29729180,NA,Ireland,NA
Staphylococcus,aureus,ERR2309526,Intermediate,ERY,NA,1,mg/L,Broth dilution,VITEK 2,CLSI,2013,29729180,NA,Ireland,NA
Staphylococcus,aureus,ERR2309527,Susceptible,ERY,NA,0.5,mg/L,Broth dilution,VITEK 2,CLSI,2013,29729180,NA,Ireland,NA
Staphylococcus,aureus,ERR2309528,Susceptible,ERY,NA,0.5,mg/L,Broth dilution,VITEK 2,CLSI,2013,29729180,NA,Ireland,NA
Staphylococcus,aureus,ERR2309529,Intermediate,ERY,NA,1,mg/L,Broth dilution,VITEK 2,CLSI,2013,29729180,NA,Ireland,NA
Staphylococcus,aureus,ERR2309530,Susceptible,ERY,NA,0.5,mg/L,Broth dilution,VITEK 2,CLSI,2013,29729180,NA,Ireland,NA
Staphylococcus,aureus,ERR2309531,Susceptible,ERY,NA,0.5,mg/L,Broth dilution,VITEK 2,CLSI,2013,29729180,NA,Ireland,NA
Staphylococcus,aureus,ERR2309532,Intermediate,ERY,NA,1,mg/L,Broth dilution,VITEK 2,CLSI,2013,29729180,NA,Ireland,NA
Staphylococcus,aureus,ERR2309533,Intermediate,ERY,NA,1,mg/L,Broth dilution,VITEK 2,CLSI,2013,29729180,NA,Ireland,NA
Staphylococcus,aureus,ERR2309534,Susceptible,ERY,NA,0.5,mg/L,Broth dilution,VITEK 2,CLSI,2013,29729180,NA,Ireland,NA
Staphylococcus,aureus,ERR2309535,Resistant,ERY,NA,8,mg/L,Broth dilution,VITEK 2,CLSI,2013,29729180,NA,Ireland,NA
Staphylococcus,aureus,ERR2309536,Susceptible,ERY,<=,0.25,mg/L,Broth dilution,VITEK 2,CLSI,2013,29729180,NA,Ireland,NA
Staphylococcus,aureus,ERR2309537,Susceptible,ERY,NA,0.5,mg/L,Broth dilution,VITEK 2,CLSI,2013,29729180,NA,Ireland,NA
Staphylococcus,aureus,ERR2309538,Intermediate,ERY,NA,1,mg/L,Broth dilution,VITEK 2,CLSI,2013,29729180,NA,Ireland,NA
Staphylococcus,aureus,ERR2309539,Intermediate,ERY,NA,1,mg/L,Broth dilution,VITEK 2,CLSI,2013,29729180,NA,Ireland,NA
Staphylococcus,aureus,ERR2309540,Intermediate,ERY,NA,1,mg/L,Broth dilution,VITEK 2,CLSI,2013,29729180,NA,Ireland,NA
Staphylococcus,aureus,ERR2309541,Resistant,ERY,NA,8,mg/L,Broth dilution,VITEK 2,CLSI,2013,29729180,NA,Ireland,NA
Staphylococcus,aureus,ERR2309542,Intermediate,ERY,NA,1,mg/L,Broth dilution,VITEK 2,CLSI,2013,29729180,NA,Ireland,NA
Staphylococcus,aureus,ERR2309543,Resistant,ERY,NA,8,mg/L,Broth dilution,VITEK 2,CLSI,2013,29729180,NA,Ireland,NA
Staphylococcus,aureus,ERR2309544,Intermediate,ERY,NA,1,mg/L,Broth dilution,VITEK 2,CLSI,2013,29729180,NA,Ireland,NA
Staphylococcus,aureus,ERR2309545,Susceptible,ERY,NA,0.5,mg/L,Broth dilution,VITEK 2,CLSI,2013,29729180,NA,Ireland,NA
Staphylococcus,aureus,ERR2309546,Susceptible,ERY,NA,0.5,mg/L,Broth dilution,VITEK 2,CLSI,2013,29729180,NA,Ireland,NA
Staphylococcus,aureus,ERR2309547,Susceptible,ERY,NA,0.5,mg/L,Broth dilution,VITEK 2,CLSI,2013,29729180,NA,Ireland,NA
Staphylococcus,aureus,ERR2309548,Resistant,ERY,NA,8,mg/L,Broth dilution,VITEK 2,CLSI,2013,29729180,NA,Ireland,NA
Staphylococcus,aureus,ERR2309549,Susceptible,ERY,NA,0.5,mg/L,Broth dilution,VITEK 2,CLSI,2013,29729180,NA,Ireland,NA
Staphylococcus,aureus,ERR2309550,Susceptible,ERY,NA,0.5,mg/L,Broth dilution,VITEK 2,CLSI,2013,29729180,NA,Ireland,NA
Staphylococcus,aureus,ERR2309551,Susceptible,ERY,NA,0.5,mg/L,Broth dilution,VITEK 2,CLSI,2013,29729180,NA,Ireland,NA
Staphylococcus,aureus,ERR2309552,Susceptible,ERY,NA,0.5,mg/L,Broth dilution,VITEK 2,CLSI,2013,29729180,NA,Ireland,NA
Staphylococcus,aureus,ERR2309553,Susceptible,ERY,NA,0.5,mg/L,Broth dilution,VITEK 2,CLSI,2013,29729180,NA,Ireland,NA
Staphylococcus,aureus,ERR2309554,Susceptible,ERY,NA,0.5,mg/L,Broth dilution,VITEK 2,CLSI,2013,29729180,NA,Ireland,NA
Staphylococcus,aureus,ERR2309555,Susceptible,ERY,NA,0.5,mg/L,Broth dilution,VITEK 2,CLSI,2013,29729180,NA,Ireland,NA
Staphylococcus,aureus,ERR2309556,Susceptible,ERY,NA,0.5,mg/L,Broth dilution,VITEK 2,CLSI,2013,29729180,NA,Ireland,NA
Staphylococcus,aureus,ERR2309557,Intermediate,ERY,NA,1,mg/L,Broth dilution,VITEK 2,CLSI,2013,29729180,NA,Ireland,NA
Staphylococcus,aureus,ERR2309558,Susceptible,ERY,NA,0.5,mg/L,Broth dilution,VITEK 2,CLSI,2013,29729180,NA,Ireland,NA
Staphylococcus,aureus,ERR2309559,Intermediate,ERY,NA,1,mg/L,Broth dilution,VITEK 2,CLSI,2013,29729180,NA,Ireland,NA
Staphylococcus,aureus,ERR2309560,Susceptible,ERY,NA,0.5,mg/L,Broth dilution,VITEK 2,CLSI,2013,29729180,NA,Ireland,NA
Staphylococcus,aureus,ERR2309561,Intermediate,ERY,NA,1,mg/L,Broth dilution,VITEK 2,CLSI,2013,29729180,NA,Ireland,NA
Staphylococcus,aureus,ERR2309562,Susceptible,ERY,NA,0.5,mg/L,Broth dilution,VITEK 2,CLSI,2013,29729180,NA,Ireland,NA
Staphylococcus,aureus,ERR2309563,Intermediate,ERY,NA,1,mg/L,Broth dilution,VITEK 2,CLSI,2013,29729180,NA,Ireland,NA
Staphylococcus,aureus,ERR2309564,Intermediate,ERY,NA,1,mg/L,Broth dilution,VITEK 2,CLSI,2013,29729180,NA,Ireland,NA
Staphylococcus,aureus,ERR2309565,Intermediate,ERY,NA,1,mg/L,Broth dilution,VITEK 2,CLSI,2013,29729180,NA,Ireland,NA
Staphylococcus,aureus,ERR2309566,Intermediate,ERY,NA,1,mg/L,Broth dilution,VITEK 2,CLSI,2013,29729180,NA,Ireland,NA
Staphylococcus,aureus,ERR2309567,Susceptible,ERY,NA,0.5,mg/L,Broth dilution,VITEK 2,CLSI,2013,29729180,NA,Ireland,NA
Staphylococcus,aureus,ERR2309568,Susceptible,ERY,NA,0.5,mg/L,Broth dilution,VITEK 2,CLSI,2013,29729180,NA,Ireland,NA
Staphylococcus,aureus,ERR2309569,Susceptible,ERY,NA,0.5,mg/L,Broth dilution,VITEK 2,CLSI,2013,29729180,NA,Ireland,NA
Staphylococcus,aureus,ERR2309570,Intermediate,ERY,NA,1,mg/L,Broth dilution,VITEK 2,CLSI,2013,29729180,NA,Ireland,NA
Staphylococcus,aureus,ERR2309571,Intermediate,ERY,NA,1,mg/L,Broth dilution,VITEK 2,CLSI,2013,29729180,NA,Ireland,NA
Staphylococcus,aureus,ERR2309572,Susceptible,ERY,NA,0.5,mg/L,Broth dilution,VITEK 2,CLSI,2013,29729180,NA,Ireland,NA
Staphylococcus,aureus,ERR2309573,Intermediate,ERY,NA,1,mg/L,Broth dilution,VITEK 2,CLSI,2013,29729180,NA,Ireland,NA
Staphylococcus,aureus,ERR2309574,Susceptible,ERY,NA,0.5,mg/L,Broth dilution,VITEK 2,CLSI,2013,29729180,NA,Ireland,NA
Staphylococcus,aureus,ERR2309575,Resistant,ERY,NA,8,mg/L,Broth dilution,VITEK 2,CLSI,2013,29729180,NA,Ireland,NA
Staphylococcus,aureus,ERR2309576,Susceptible,ERY,NA,0.5,mg/L,Broth dilution,VITEK 2,CLSI,2013,29729180,NA,Ireland,NA
Staphylococcus,aureus,ERR2309577,Susceptible,ERY,NA,0.5,mg/L,Broth dilution,VITEK 2,CLSI,2013,29729180,NA,Ireland,NA
Staphylococcus,aureus,ERR2309578,Susceptible,ERY,NA,0.5,mg/L,Broth dilution,VITEK 2,CLSI,2013,29729180,NA,Ireland,NA
Staphylococcus,aureus,ERR2309579,Susceptible,ERY,NA,0.5,mg/L,Broth dilution,VITEK 2,CLSI,2013,29729180,NA,Ireland,NA
Staphylococcus,aureus,ERR2309580,Intermediate,ERY,NA,1,mg/L,Broth dilution,VITEK 2,CLSI,2013,29729180,NA,Ireland,NA
Staphylococcus,aureus,ERR2309581,Susceptible,ERY,NA,0.5,mg/L,Broth dilution,VITEK 2,CLSI,2013,29729180,NA,Ireland,NA
Staphylococcus,aureus,ERR2309582,Susceptible,ERY,NA,0.5,mg/L,Broth dilution,VITEK 2,CLSI,2013,29729180,NA,Ireland,NA
Staphylococcus,aureus,ERR2309583,Intermediate,ERY,NA,1,mg/L,Broth dilution,VITEK 2,CLSI,2013,29729180,NA,Ireland,NA
Staphylococcus,aureus,ERR2309584,Intermediate,ERY,NA,1,mg/L,Broth dilution,VITEK 2,CLSI,2013,29729180,NA,Ireland,NA
Staphylococcus,aureus,ERR2309585,Intermediate,ERY,NA,1,mg/L,Broth dilution,VITEK 2,CLSI,2013,29729180,NA,Ireland,NA
Staphylococcus,aureus,ERR2309586,Intermediate,ERY,NA,1,mg/L,Broth dilution,VITEK 2,CLSI,2013,29729180,NA,Ireland,NA
Staphylococcus,aureus,ERR2309587,Intermediate,ERY,NA,1,mg/L,Broth dilution,VITEK 2,CLSI,2013,29729180,NA,Ireland,NA
Staphylococcus,aureus,ERR2309588,Susceptible,ERY,NA,0.5,mg/L,Broth dilution,VITEK 2,CLSI,2013,29729180,NA,Ireland,NA
Staphylococcus,aureus,ERR2309589,Intermediate,ERY,NA,1,mg/L,Broth dilution,VITEK 2,CLSI,2013,29729180,NA,Ireland,NA
Staphylococcus,aureus,ERR2309590,Susceptible,ERY,NA,0.5,mg/L,Broth dilution,VITEK 2,CLSI,2013,29729180,NA,Ireland,NA
Staphylococcus,aureus,ERR2309591,Susceptible,ERY,NA,0.5,mg/L,Broth dilution,VITEK 2,CLSI,2013,29729180,NA,Ireland,NA
Staphylococcus,aureus,ERR2309592,Susceptible,ERY,NA,0.5,mg/L,Broth dilution,VITEK 2,CLSI,2013,29729180,NA,Ireland,NA
Staphylococcus,aureus,ERR2309593,Intermediate,ERY,NA,1,mg/L,Broth dilution,VITEK 2,CLSI,2013,29729180,NA,Ireland,NA
Staphylococcus,aureus,ERR2309594,Intermediate,ERY,NA,1,mg/L,Broth dilution,VITEK 2,CLSI,2013,29729180,NA,Ireland,NA
Staphylococcus,aureus,ERR2309595,Susceptible,ERY,NA,0.5,mg/L,Broth dilution,VITEK 2,CLSI,2013,29729180,NA,Ireland,NA
Staphylococcus,aureus,ERR2309596,Resistant,ERY,NA,8,mg/L,Broth dilution,VITEK 2,CLSI,2013,29729180,NA,Ireland,NA
Staphylococcus,aureus,ERR2309597,Susceptible,ERY,NA,0.5,mg/L,Broth dilution,VITEK 2,CLSI,2013,29729180,NA,Ireland,NA
Staphylococcus,aureus,ERR2309598,Intermediate,ERY,NA,1,mg/L,Broth dilution,VITEK 2,CLSI,2013,29729180,NA,Ireland,NA
Staphylococcus,aureus,ERR2309599,Intermediate,ERY,NA,1,mg/L,Broth dilution,VITEK 2,CLSI,2013,29729180,NA,Ireland,NA
Staphylococcus,aureus,ERR2309600,Resistant,ERY,NA,8,mg/L,Broth dilution,VITEK 2,CLSI,2013,29729180,NA,Ireland,NA
Staphylococcus,aureus,ERR2309601,Intermediate,ERY,NA,1,mg/L,Broth dilution,VITEK 2,CLSI,2013,29729180,NA,Ireland,NA
Staphylococcus,aureus,ERR2309602,Susceptible,ERY,NA,0.5,mg/L,Broth dilution,VITEK 2,CLSI,2013,29729180,NA,Ireland,NA
Staphylococcus,aureus,ERR2309603,Susceptible,ERY,NA,0.5,mg/L,Broth dilution,VITEK 2,CLSI,2013,29729180,NA,Ireland,NA
Staphylococcus,aureus,ERR2309604,Susceptible,ERY,NA,0.5,mg/L,Broth dilution,VITEK 2,CLSI,2013,29729180,NA,Ireland,NA
Staphylococcus,aureus,ERR2309605,Susceptible,ERY,NA,0.5,mg/L,Broth dilution,VITEK 2,CLSI,2013,29729180,NA,Ireland,NA
Staphylococcus,aureus,ERR2309606,Susceptible,ERY,NA,0.5,mg/L,Broth dilution,VITEK 2,CLSI,2013,29729180,NA,Ireland,NA
Staphylococcus,aureus,ERR2309607,Intermediate,ERY,NA,1,mg/L,Broth dilution,VITEK 2,CLSI,2013,29729180,NA,Ireland,NA
Staphylococcus,aureus,ERR2309608,Intermediate,ERY,NA,1,mg/L,Broth dilution,VITEK 2,CLSI,2013,29729180,NA,Ireland,NA
Staphylococcus,aureus,ERR2309609,Intermediate,ERY,NA,1,mg/L,Broth dilution,VITEK 2,CLSI,2013,29729180,NA,Ireland,NA
Staphylococcus,aureus,ERR2309610,Resistant,ERY,NA,8,mg/L,Broth dilution,VITEK 2,CLSI,2013,29729180,NA,Ireland,NA
Staphylococcus,aureus,ERR2309611,Resistant,ERY,NA,8,mg/L,Broth dilution,VITEK 2,CLSI,2013,29729180,NA,Ireland,NA
Staphylococcus,aureus,ERR2309612,Susceptible,ERY,NA,0.5,mg/L,Broth dilution,VITEK 2,CLSI,2013,29729180,NA,Ireland,NA
Staphylococcus,aureus,ERR2309613,Intermediate,ERY,NA,1,mg/L,Broth dilution,VITEK 2,CLSI,2013,29729180,NA,Ireland,NA
Staphylococcus,aureus,ERR2309614,Susceptible,ERY,NA,0.5,mg/L,Broth dilution,VITEK 2,CLSI,2013,29729180,NA,Ireland,NA
Staphylococcus,aureus,ERR2309615,Intermediate,ERY,NA,1,mg/L,Broth dilution,VITEK 2,CLSI,2013,29729180,NA,Ireland,NA
Escherichia,coli,ERR2540223,Resistant,GEN,NA,64,mg/L,Broth dilution,NA,CLSI,2013,29951045,Slaughterhouse,Italy,NA
Escherichia,coli,ERR2540224,Resistant,GEN,NA,8,mg/L,Broth dilution,NA,CLSI,2013,29951045,Slaughterhouse,Italy,NA
Escherichia,coli,ERR2580149,Susceptible,GEN,<=,2,mg/L,Broth dilution,NA,CLSI,2013,29184361,Chicken rice,Singapore,NA
Escherichia,coli,ERR2580150,Susceptible,GEN,<=,2,mg/L,Broth dilution,NA,CLSI,2013,29184361,Duck rice,Singapore,NA
Escherichia,coli,ERR2580151,Susceptible,GEN,<=,2,mg/L,Broth dilution,NA,CLSI,2013,29184361,Grilled fish,Singapore,NA
Escherichia,coli,ERR2580152,Susceptible,GEN,<=,2,mg/L,Broth dilution,NA,CLSI,2013,29184361,Chicken rice,Singapore,NA
Escherichia,coli,ERR2580153,Susceptible,GEN,<=,2,mg/L,Broth dilution,NA,CLSI,2013,29184361,Chicken rice,Singapore,NA
Escherichia,coli,ERR2580154,Susceptible,GEN,<=,2,mg/L,Broth dilution,NA,CLSI,2013,29184361,Chicken nasi briyani,Singapore,NA
Escherichia,coli,ERR2580155,Intermediate,GEN,NA,4,mg/L,Broth dilution,NA,CLSI,2013,29184361,Doner chicken sandwich,Singapore,NA
Escherichia,coli,ERR2580156,Susceptible,GEN,<=,2,mg/L,Broth dilution,NA,CLSI,2013,29184361,Duck rice,Singapore,NA
Escherichia,coli,ERR2580157,Susceptible,GEN,<=,2,mg/L,Broth dilution,NA,CLSI,2013,29184361,Duck rice,Singapore,NA
Escherichia,coli,ERR2580158,Susceptible,GEN,<=,2,mg/L,Broth dilution,NA,CLSI,2013,29184361,Chicken rice,Singapore,NA
Escherichia,coli,ERR2580159,Susceptible,GEN,<=,2,mg/L,Broth dilution,NA,CLSI,2013,29184361,Duck rice,Singapore,NA
Escherichia,coli,ERR2580160,Susceptible,GEN,<=,2,mg/L,Broth dilution,NA,CLSI,2013,29184361,Duck rice,Singapore,NA
Escherichia,coli,ERR2580161,Susceptible,GEN,<=,2,mg/L,Broth dilution,NA,CLSI,2013,29184361,Duck rice,Singapore,NA
Escherichia,coli,ERR2580162,Susceptible,GEN,<=,2,mg/L,Broth dilution,NA,CLSI,2013,29184361,Duck rice,Singapore,NA
Escherichia,coli,ERR2580163,Susceptible,GEN,<=,2,mg/L,Broth dilution,NA,CLSI,2013,29184361,Soy-sauced chicken drumsticks,Singapore,NA
Escherichia,coli,ERR2580164,Susceptible,GEN,<=,2,mg/L,Broth dilution,NA,CLSI,2013,29184361,Chicken nasi briyani,Singapore,NA
Escherichia,coli,ERR2580165,Susceptible,GEN,<=,2,mg/L,Broth dilution,NA,CLSI,2013,29184361,Duck rice,Singapore,NA
Escherichia,coli,ERR2580166,Susceptible,GEN,<=,2,mg/L,Broth dilution,NA,CLSI,2013,29184361,Chicken nasi briyani,Singapore,NA
Escherichia,coli,ERR2580167,Susceptible,GEN,<=,2,mg/L,Broth dilution,NA,CLSI,2013,29184361,Chicken wing,Singapore,NA
Escherichia,coli,ERR2580168,Susceptible,GEN,<=,2,mg/L,Broth dilution,NA,CLSI,2013,29184361,Chicken kebab,Singapore,NA
Escherichia,coli,ERR2580169,Susceptible,GEN,<=,2,mg/L,Broth dilution,NA,CLSI,2013,29184361,Chicken rice,Singapore,NA
Escherichia,coli,ERR2580170,Susceptible,GEN,<=,2,mg/L,Broth dilution,NA,CLSI,2013,29184361,Duck rice,Singapore,NA
Escherichia,coli,ERR2580171,Susceptible,GEN,<=,2,mg/L,Broth dilution,NA,CLSI,2013,29184361,Chicken rice,Singapore,NA
Escherichia,coli,ERR2580172,Susceptible,GEN,<=,2,mg/L,Broth dilution,NA,CLSI,2013,29184361,Chicken rice,Singapore,NA
Streptococcus,pneumoniae,ERR271785,Resistant,ERY,NA,8,mg/L,Broth dilution,NA,CLSI,2013,24957517,NA,Turkey,NA
Klebsiella,pneumoniae,ERR3164631,Intermediate,GEN,NA,4,mg/L,Broth dilution,NA,CLSI,2013,33188415,NA,Italy,NA
Klebsiella,pneumoniae,ERR3164639,Intermediate,GEN,NA,4,mg/L,Broth dilution,NA,CLSI,2013,33188415,NA,Italy,NA
Klebsiella,pneumoniae,ERR3164645,Intermediate,GEN,NA,4,mg/L,Broth dilution,NA,CLSI,2013,33188415,NA,Italy,NA
Klebsiella,pneumoniae,ERR3164647,Intermediate,GEN,NA,4,mg/L,Broth dilution,NA,CLSI,2013,33188415,NA,Italy,NA
Klebsiella,pneumoniae,ERR3164648,Intermediate,GEN,NA,4,mg/L,Broth dilution,NA,CLSI,2013,33188415,NA,Italy,NA
Klebsiella,pneumoniae,ERR3164661,Susceptible,GEN,<=,1,mg/L,Broth dilution,NA,CLSI,2013,33188415,NA,Italy,NA
Klebsiella,pneumoniae,ERR3164667,Susceptible,GEN,<=,1,mg/L,Broth dilution,NA,CLSI,2013,33188415,NA,Italy,NA
Klebsiella,pneumoniae,ERR3164669,Intermediate,GEN,NA,4,mg/L,Broth dilution,NA,CLSI,2013,33188415,NA,Italy,NA
Klebsiella,pneumoniae,ERR3164672,Susceptible,GEN,<=,1,mg/L,Broth dilution,NA,CLSI,2013,33188415,NA,Italy,NA
Klebsiella,pneumoniae,ERR3164678,Susceptible,GEN,<=,1,mg/L,Broth dilution,NA,CLSI,2013,33188415,NA,Italy,NA
Klebsiella,pneumoniae,ERR3164679,Intermediate,GEN,NA,4,mg/L,Broth dilution,NA,CLSI,2013,33188415,NA,Italy,NA
Klebsiella,pneumoniae,ERR3164682,Susceptible,GEN,<=,1,mg/L,Broth dilution,NA,CLSI,2013,33188415,NA,Italy,NA
Klebsiella,pneumoniae,ERR3164685,Intermediate,GEN,NA,4,mg/L,Broth dilution,NA,CLSI,2013,33188415,NA,Italy,NA
Klebsiella,pneumoniae,ERR3164691,Intermediate,GEN,NA,4,mg/L,Broth dilution,NA,CLSI,2013,33188415,NA,Italy,NA
Klebsiella,pneumoniae,ERR3164695,Intermediate,GEN,NA,4,mg/L,Broth dilution,NA,CLSI,2013,33188415,NA,Italy,NA
Klebsiella,pneumoniae,ERR3164702,Intermediate,GEN,NA,4,mg/L,Broth dilution,NA,CLSI,2013,33188415,NA,Italy,NA
Klebsiella,pneumoniae,ERR3164703,Susceptible,GEN,<=,1,mg/L,Broth dilution,NA,CLSI,2013,33188415,NA,Italy,NA
Klebsiella,pneumoniae,ERR3164706,Susceptible,GEN,<=,1,mg/L,Broth dilution,NA,CLSI,2013,33188415,NA,Italy,NA
Klebsiella,pneumoniae,ERR3164707,Susceptible,GEN,NA,2,mg/L,Broth dilution,NA,CLSI,2013,33188415,NA,Italy,NA
Klebsiella,pneumoniae,ERR3164709,Intermediate,GEN,NA,4,mg/L,Broth dilution,NA,CLSI,2013,33188415,NA,Italy,NA
Klebsiella,pneumoniae,ERR3164714,Intermediate,GEN,NA,4,mg/L,Broth dilution,NA,CLSI,2013,33188415,NA,Italy,NA
Klebsiella,pneumoniae,ERR3164718,Susceptible,GEN,<=,1,mg/L,Broth dilution,NA,CLSI,2013,33188415,NA,Italy,NA
Klebsiella,pneumoniae,ERR3164720,Intermediate,GEN,NA,4,mg/L,Broth dilution,NA,CLSI,2013,33188415,NA,Italy,NA
Klebsiella,pneumoniae,ERR3164723,Intermediate,GEN,NA,4,mg/L,Broth dilution,NA,CLSI,2013,33188415,NA,Italy,NA
Klebsiella,pneumoniae,ERR3164726,Susceptible,GEN,NA,2,mg/L,Broth dilution,NA,CLSI,2013,33188415,NA,Italy,NA
Klebsiella,pneumoniae,ERR3164733,Susceptible,GEN,<=,1,mg/L,Broth dilution,NA,CLSI,2013,33188415,NA,Italy,NA
Klebsiella,pneumoniae,ERR3164735,Intermediate,GEN,NA,4,mg/L,Broth dilution,NA,CLSI,2013,33188415,NA,Italy,NA
Klebsiella,pneumoniae,ERR3164747,Susceptible,GEN,<=,1,mg/L,Broth dilution,NA,CLSI,2013,33188415,NA,Italy,NA
Klebsiella,pneumoniae,ERR3164748,Intermediate,GEN,NA,4,mg/L,Broth dilution,NA,CLSI,2013,33188415,NA,Italy,NA
Klebsiella,pneumoniae,ERR3164751,Susceptible,GEN,<=,1,mg/L,Broth dilution,NA,CLSI,2013,33188415,NA,Italy,NA
Klebsiella,pneumoniae,ERR3164753,Intermediate,GEN,NA,4,mg/L,Broth dilution,NA,CLSI,2013,33188415,NA,Italy,NA
Klebsiella,pneumoniae,ERR3164756,Susceptible,GEN,<=,1,mg/L,Broth dilution,NA,CLSI,2013,33188415,NA,Italy,NA
Klebsiella,pneumoniae,ERR3164758,Intermediate,GEN,NA,4,mg/L,Broth dilution,NA,CLSI,2013,33188415,NA,Italy,NA
Klebsiella,pneumoniae,ERR3164759,Susceptible,GEN,<=,1,mg/L,Broth dilution,NA,CLSI,2013,33188415,NA,Italy,NA
Klebsiella,pneumoniae,ERR3164766,Intermediate,GEN,NA,4,mg/L,Broth dilution,NA,CLSI,2013,33188415,NA,Italy,NA
Klebsiella,pneumoniae,ERR3164768,Susceptible,GEN,NA,2,mg/L,Broth dilution,NA,CLSI,2013,33188415,NA,Italy,NA
Klebsiella,pneumoniae,ERR3164771,Susceptible,GEN,NA,2,mg/L,Broth dilution,NA,CLSI,2013,33188415,NA,Italy,NA
Klebsiella,pneumoniae,ERR3164772,Susceptible,GEN,<=,1,mg/L,Broth dilution,NA,CLSI,2013,33188415,NA,Italy,NA
Klebsiella,pneumoniae,ERR3164773,Intermediate,GEN,NA,4,mg/L,Broth dilution,NA,CLSI,2013,33188415,NA,Italy,NA
Klebsiella,pneumoniae,ERR3164775,Intermediate,GEN,NA,4,mg/L,Broth dilution,NA,CLSI,2013,33188415,NA,Italy,NA
Klebsiella,pneumoniae,ERR3164777,Susceptible,GEN,<=,1,mg/L,Broth dilution,NA,CLSI,2013,33188415,NA,Italy,NA
Klebsiella,pneumoniae,ERR3164778,Susceptible,GEN,<=,1,mg/L,Broth dilution,NA,CLSI,2013,33188415,NA,Italy,NA
Klebsiella,pneumoniae,ERR3164780,Susceptible,GEN,<=,1,mg/L,Broth dilution,NA,CLSI,2013,33188415,NA,Italy,NA
Escherichia,coli,ERR3449876,Resistant,GEN,NA,32,mg/L,Broth dilution,NA,CLSI,2013,32122581,NA,United Kingdom,NA
Escherichia,coli,ERR3449877,Resistant,GEN,NA,32,mg/L,Broth dilution,NA,CLSI,2013,32122581,NA,United Kingdom,NA
Escherichia,coli,ERR3449878,Resistant,GEN,NA,16,mg/L,Broth dilution,NA,CLSI,2013,32122581,NA,United Kingdom,NA
Escherichia,coli,ERR3449879,Resistant,GEN,NA,16,mg/L,Broth dilution,NA,CLSI,2013,32122581,NA,United Kingdom,NA
Escherichia,coli,ERR3449880,Susceptible,GEN,NA,1,mg/L,Broth dilution,NA,CLSI,2013,32122581,NA,United Kingdom,NA
Escherichia,coli,ERR3449881,Resistant,GEN,NA,64,mg/L,Broth dilution,NA,CLSI,2013,32122581,NA,United Kingdom,NA
Escherichia,coli,ERR3449882,Susceptible,GEN,NA,1,mg/L,Broth dilution,NA,CLSI,2013,32122581,NA,United Kingdom,NA
Escherichia,coli,ERR3449883,Susceptible,GEN,NA,1,mg/L,Broth dilution,NA,CLSI,2013,32122581,NA,United Kingdom,NA
Escherichia,coli,ERR3449884,Resistant,GEN,NA,16,mg/L,Broth dilution,NA,CLSI,2013,32122581,NA,United Kingdom,NA
Escherichia,coli,ERR3449885,Resistant,GEN,NA,8,mg/L,Broth dilution,NA,CLSI,2013,32122581,NA,United Kingdom,NA
Escherichia,coli,ERR3449886,Susceptible,GEN,NA,1,mg/L,Broth dilution,NA,CLSI,2013,32122581,NA,United Kingdom,NA
Escherichia,coli,ERR3449887,Susceptible,GEN,NA,1,mg/L,Broth dilution,NA,CLSI,2013,32122581,NA,United Kingdom,NA
Neisseria,gonorrhoeae,ERR349887,Resistant,TET,NA,3,mg/L,Disk diffusion,E-test,CLSI,2013,31358980,NA,NA,NA
Neisseria,gonorrhoeae,ERR349889,Resistant,TET,NA,3,mg/L,Disk diffusion,E-test,CLSI,2013,31358980,NA,Cuba,NA
Neisseria,gonorrhoeae,ERR349891,Resistant,TET,NA,2,mg/L,Disk diffusion,E-test,CLSI,2013,31358980,NA,Cuba,NA
Neisseria,gonorrhoeae,ERR349897,Resistant,TET,NA,2,mg/L,Disk diffusion,E-test,CLSI,2013,31358980,NA,Ecuador,NA
Neisseria,gonorrhoeae,ERR349903,Resistant,TET,NA,3,mg/L,Disk diffusion,E-test,CLSI,2013,31358980,NA,USA,NA
Neisseria,gonorrhoeae,ERR349904,Resistant,TET,NA,3,mg/L,Disk diffusion,E-test,CLSI,2013,31358980,NA,USA,NA
Neisseria,gonorrhoeae,ERR349906,Resistant,TET,NA,2,mg/L,Disk diffusion,E-test,CLSI,2013,31358980,NA,USA,NA
Neisseria,gonorrhoeae,ERR349910,Resistant,TET,NA,4,mg/L,Disk diffusion,E-test,CLSI,2013,31358980,NA,United Kingdom,NA
Neisseria,gonorrhoeae,ERR349911,Resistant,TET,NA,3,mg/L,Disk diffusion,E-test,CLSI,2013,31358980,NA,United Kingdom,NA
Neisseria,gonorrhoeae,ERR349912,Resistant,TET,NA,2,mg/L,Disk diffusion,E-test,CLSI,2013,31358980,NA,United Kingdom,NA
Neisseria,gonorrhoeae,ERR349913,Resistant,TET,NA,2,mg/L,Disk diffusion,E-test,CLSI,2013,31358980,NA,United Kingdom,NA
Neisseria,gonorrhoeae,ERR349914,Resistant,TET,NA,3,mg/L,Disk diffusion,E-test,CLSI,2013,31358980,NA,United Kingdom,NA
Neisseria,gonorrhoeae,ERR349915,Resistant,TET,NA,3,mg/L,Disk diffusion,E-test,CLSI,2013,31358980,NA,United Kingdom,NA
Neisseria,gonorrhoeae,ERR349918,Resistant,TET,NA,2,mg/L,Disk diffusion,E-test,CLSI,2013,31358980,NA,Denmark,NA
Neisseria,gonorrhoeae,ERR349920,Resistant,TET,NA,128,mg/L,Disk diffusion,E-test,CLSI,2013,31358980,NA,Denmark,NA
Neisseria,gonorrhoeae,ERR349921,Intermediate,TET,NA,1,mg/L,Disk diffusion,E-test,CLSI,2013,31358980,NA,Denmark,NA
Neisseria,gonorrhoeae,ERR349922,Resistant,TET,NA,3,mg/L,Disk diffusion,E-test,CLSI,2013,31358980,NA,Denmark,NA
Neisseria,gonorrhoeae,ERR349924,Resistant,TET,NA,3,mg/L,Disk diffusion,E-test,CLSI,2013,31358980,NA,France,NA
Neisseria,gonorrhoeae,ERR349928,Intermediate,TET,NA,1.5,mg/L,Disk diffusion,E-test,CLSI,2013,31358980,NA,Greece,NA
Neisseria,gonorrhoeae,ERR349933,Resistant,TET,NA,2,mg/L,Disk diffusion,E-test,CLSI,2013,31358980,NA,Hungary,NA
Neisseria,gonorrhoeae,ERR349934,Intermediate,TET,NA,1.5,mg/L,Disk diffusion,E-test,CLSI,2013,31358980,NA,Italy,NA
Neisseria,gonorrhoeae,ERR349936,Resistant,TET,NA,2,mg/L,Disk diffusion,E-test,CLSI,2013,31358980,NA,Norway,NA
Neisseria,gonorrhoeae,ERR349938,Resistant,TET,NA,2,mg/L,Disk diffusion,E-test,CLSI,2013,31358980,NA,Poland,NA
Neisseria,gonorrhoeae,ERR349943,Resistant,TET,NA,3,mg/L,Disk diffusion,E-test,CLSI,2013,31358980,NA,Spain,NA
Neisseria,gonorrhoeae,ERR349959,Intermediate,TET,NA,1,mg/L,Disk diffusion,E-test,CLSI,2013,31358980,NA,Netherlands,NA
Neisseria,gonorrhoeae,ERR349961,Intermediate,TET,NA,1.5,mg/L,Disk diffusion,E-test,CLSI,2013,31358980,NA,Turkey,NA
Neisseria,gonorrhoeae,ERR349964,Resistant,TET,NA,48,mg/L,Disk diffusion,E-test,CLSI,2013,31358980,NA,Denmark,NA
Neisseria,gonorrhoeae,ERR349965,Resistant,TET,NA,3,mg/L,Disk diffusion,E-test,CLSI,2013,31358980,NA,United Kingdom,NA
Neisseria,gonorrhoeae,ERR349968,Resistant,TET,NA,3,mg/L,Disk diffusion,E-test,CLSI,2013,31358980,NA,United Kingdom,NA
Neisseria,gonorrhoeae,ERR349970,Resistant,TET,NA,128,mg/L,Disk diffusion,E-test,CLSI,2013,31358980,NA,Russia,NA
Neisseria,gonorrhoeae,ERR349973,Resistant,TET,NA,2,mg/L,Disk diffusion,E-test,CLSI,2013,31358980,NA,Russia,NA
Neisseria,gonorrhoeae,ERR349985,Resistant,TET,NA,128,mg/L,Disk diffusion,E-test,CLSI,2013,31358980,NA,Bulgaria,NA
Neisseria,gonorrhoeae,ERR349986,Resistant,TET,NA,2,mg/L,Disk diffusion,E-test,CLSI,2013,31358980,NA,Denmark,NA
Neisseria,gonorrhoeae,ERR349988,Resistant,TET,NA,3,mg/L,Disk diffusion,E-test,CLSI,2013,31358980,NA,France,NA
Neisseria,gonorrhoeae,ERR349990,Intermediate,TET,NA,1,mg/L,Disk diffusion,E-test,CLSI,2013,31358980,NA,Germany,NA
Neisseria,gonorrhoeae,ERR349991,Resistant,TET,NA,2,mg/L,Disk diffusion,E-test,CLSI,2013,31358980,NA,Greece,NA
Neisseria,gonorrhoeae,ERR349994,Resistant,TET,NA,3,mg/L,Disk diffusion,E-test,CLSI,2013,31358980,NA,Poland,NA
Neisseria,gonorrhoeae,ERR349996,Resistant,TET,NA,2,mg/L,Disk diffusion,E-test,CLSI,2013,31358980,NA,Spain,NA
Neisseria,gonorrhoeae,ERR349998,Resistant,TET,NA,2,mg/L,Disk diffusion,E-test,CLSI,2013,31358980,NA,Spain,NA
Neisseria,gonorrhoeae,ERR350001,Resistant,TET,NA,2,mg/L,Disk diffusion,E-test,CLSI,2013,31358980,NA,Turkey,NA
Neisseria,gonorrhoeae,ERR350002,Resistant,TET,NA,3,mg/L,Disk diffusion,E-test,CLSI,2013,31358980,NA,Turkey,NA
Neisseria,gonorrhoeae,ERR350003,Intermediate,TET,NA,0.75,mg/L,Disk diffusion,E-test,CLSI,2013,31358980,NA,United Kingdom,NA
Neisseria,gonorrhoeae,ERR350006,Susceptible,TET,NA,0.25,mg/L,Disk diffusion,E-test,CLSI,2013,31358980,NA,Slovenia,NA
Neisseria,gonorrhoeae,ERR350007,Resistant,TET,NA,12,mg/L,Disk diffusion,E-test,CLSI,2013,31358980,NA,Slovenia,NA
Neisseria,gonorrhoeae,ERR350011,Resistant,TET,NA,2,mg/L,Disk diffusion,E-test,CLSI,2013,31358980,NA,Norway,NA
Neisseria,gonorrhoeae,ERR350014,Resistant,TET,NA,2,mg/L,Disk diffusion,E-test,CLSI,2013,31358980,NA,Norway,NA
Neisseria,gonorrhoeae,ERR350015,Resistant,TET,NA,4,mg/L,Disk diffusion,E-test,CLSI,2013,31358980,NA,Norway,NA
Neisseria,gonorrhoeae,ERR350019,Intermediate,TET,NA,1.5,mg/L,Disk diffusion,E-test,CLSI,2013,31358980,NA,Estonia,NA
Neisseria,gonorrhoeae,ERR350022,Intermediate,TET,NA,0.75,mg/L,Disk diffusion,E-test,CLSI,2013,31358980,NA,Belarus,NA
Neisseria,gonorrhoeae,ERR350023,Resistant,TET,NA,2,mg/L,Disk diffusion,E-test,CLSI,2013,31358980,NA,Belarus,NA
Neisseria,gonorrhoeae,ERR350027,Susceptible,TET,NA,0.016,mg/L,Disk diffusion,E-test,CLSI,2013,31358980,NA,Belarus,NA
Neisseria,gonorrhoeae,ERR350028,Resistant,TET,NA,2,mg/L,Disk diffusion,E-test,CLSI,2013,31358980,NA,Belarus,NA
Neisseria,gonorrhoeae,ERR350030,Intermediate,TET,NA,1,mg/L,Disk diffusion,E-test,CLSI,2013,31358980,NA,Belarus,NA
Neisseria,gonorrhoeae,ERR350031,Susceptible,TET,NA,0.25,mg/L,Disk diffusion,E-test,CLSI,2013,31358980,NA,Slovenia,NA
Neisseria,gonorrhoeae,ERR350032,Susceptible,TET,NA,0.125,mg/L,Disk diffusion,E-test,CLSI,2013,31358980,NA,Slovenia,NA
Neisseria,gonorrhoeae,ERR350033,Susceptible,TET,NA,0.25,mg/L,Disk diffusion,E-test,CLSI,2013,31358980,NA,Slovenia,NA
Neisseria,gonorrhoeae,ERR350034,Intermediate,TET,NA,1,mg/L,Disk diffusion,E-test,CLSI,2013,31358980,NA,Slovenia,NA
Neisseria,gonorrhoeae,ERR350037,Resistant,TET,NA,24,mg/L,Disk diffusion,E-test,CLSI,2013,31358980,NA,Estonia,NA
Neisseria,gonorrhoeae,ERR350038,Intermediate,TET,NA,0.75,mg/L,Disk diffusion,E-test,CLSI,2013,31358980,NA,Estonia,NA
Neisseria,gonorrhoeae,ERR350040,Resistant,TET,NA,16,mg/L,Disk diffusion,E-test,CLSI,2013,31358980,NA,Estonia,NA
Neisseria,gonorrhoeae,ERR350041,Intermediate,TET,NA,0.75,mg/L,Disk diffusion,E-test,CLSI,2013,31358980,NA,Estonia,NA
Neisseria,gonorrhoeae,ERR350042,Intermediate,TET,NA,0.75,mg/L,Disk diffusion,E-test,CLSI,2013,31358980,NA,Belarus,NA
Neisseria,gonorrhoeae,ERR350043,Resistant,TET,NA,256,mg/L,Disk diffusion,E-test,CLSI,2013,31358980,NA,Belarus,NA
Neisseria,gonorrhoeae,ERR350046,Intermediate,TET,NA,1,mg/L,Disk diffusion,E-test,CLSI,2013,31358980,NA,Belarus,NA
Neisseria,gonorrhoeae,ERR350051,Intermediate,TET,NA,1.5,mg/L,Disk diffusion,E-test,CLSI,2013,31358980,NA,Belarus,NA
Neisseria,gonorrhoeae,ERR350055,Resistant,TET,NA,24,mg/L,Disk diffusion,E-test,CLSI,2013,31358980,NA,Poland,NA
Neisseria,gonorrhoeae,ERR350057,Resistant,TET,NA,2,mg/L,Disk diffusion,E-test,CLSI,2013,31358980,NA,Poland,NA
Neisseria,gonorrhoeae,ERR350060,Susceptible,TET,NA,0.008,mg/L,Disk diffusion,E-test,CLSI,2013,31358980,NA,Poland,NA
Neisseria,gonorrhoeae,ERR350067,Resistant,TET,NA,256,mg/L,Disk diffusion,E-test,CLSI,2013,31358980,NA,Slovenia,NA
Neisseria,gonorrhoeae,ERR350068,Intermediate,TET,NA,1.5,mg/L,Disk diffusion,E-test,CLSI,2013,31358980,NA,Estonia,NA
Neisseria,gonorrhoeae,ERR352666,Resistant,TET,NA,32,mg/L,Disk diffusion,E-test,CLSI,2013,31358980,NA,Belarus,NA
Neisseria,gonorrhoeae,ERR352670,Intermediate,TET,NA,0.75,mg/L,Disk diffusion,E-test,CLSI,2013,31358980,NA,Belarus,NA
Neisseria,gonorrhoeae,ERR352686,Resistant,TET,NA,16,mg/L,Disk diffusion,E-test,CLSI,2013,31358980,NA,Poland,NA
Neisseria,gonorrhoeae,ERR352694,Intermediate,TET,NA,1,mg/L,Disk diffusion,E-test,CLSI,2013,31358980,NA,Poland,NA
Neisseria,gonorrhoeae,ERR352698,Resistant,TET,NA,32,mg/L,Disk diffusion,E-test,CLSI,2013,31358980,NA,Poland,NA
Neisseria,gonorrhoeae,ERR352708,Susceptible,TET,NA,0.094,mg/L,Disk diffusion,E-test,CLSI,2013,31358980,NA,Slovenia,NA
Neisseria,gonorrhoeae,ERR352724,Resistant,TET,NA,32,mg/L,Disk diffusion,E-test,CLSI,2013,31358980,NA,Poland,NA
Neisseria,gonorrhoeae,ERR352732,Resistant,TET,NA,2,mg/L,Disk diffusion,E-test,CLSI,2013,31358980,NA,Poland,NA
Neisseria,gonorrhoeae,ERR352734,Intermediate,TET,NA,0.5,mg/L,Disk diffusion,E-test,CLSI,2013,31358980,NA,Poland,NA
Neisseria,gonorrhoeae,ERR352736,Resistant,TET,NA,24,mg/L,Disk diffusion,E-test,CLSI,2013,31358980,NA,Poland,NA
Neisseria,gonorrhoeae,ERR352738,Resistant,TET,NA,2,mg/L,Disk diffusion,E-test,CLSI,2013,31358980,NA,Poland,NA
Neisseria,gonorrhoeae,ERR352741,Resistant,TET,NA,32,mg/L,Disk diffusion,E-test,CLSI,2013,31358980,NA,Slovenia,NA
Neisseria,gonorrhoeae,ERR352745,Intermediate,TET,NA,1.5,mg/L,Disk diffusion,E-test,CLSI,2013,31358980,NA,Slovenia,NA
Neisseria,gonorrhoeae,ERR352749,Resistant,TET,NA,24,mg/L,Disk diffusion,E-test,CLSI,2013,31358980,NA,Thailand,NA
Neisseria,gonorrhoeae,ERR352753,Resistant,TET,NA,32,mg/L,Disk diffusion,E-test,CLSI,2013,31358980,NA,Australia,NA
Neisseria,gonorrhoeae,ERR352755,Intermediate,TET,NA,1,mg/L,Disk diffusion,E-test,CLSI,2013,31358980,NA,Australia,NA
Neisseria,gonorrhoeae,ERR352759,Intermediate,TET,NA,0.38,mg/L,Disk diffusion,E-test,CLSI,2013,31358980,NA,Japan,NA
Neisseria,gonorrhoeae,ERR352767,Susceptible,TET,NA,0.25,mg/L,Disk diffusion,E-test,CLSI,2013,31358980,NA,China,NA
Neisseria,gonorrhoeae,ERR352769,Susceptible,TET,NA,0.125,mg/L,Disk diffusion,E-test,CLSI,2013,31358980,NA,China,NA
Neisseria,gonorrhoeae,ERR352771,Resistant,TET,NA,24,mg/L,Disk diffusion,E-test,CLSI,2013,31358980,NA,China,NA
Neisseria,gonorrhoeae,ERR352786,Susceptible,TET,NA,0.125,mg/L,Disk diffusion,E-test,CLSI,2013,31358980,NA,Malaysia,NA
Neisseria,gonorrhoeae,ERR352792,Susceptible,TET,NA,0.125,mg/L,Disk diffusion,E-test,CLSI,2013,31358980,NA,Philippines,NA
Neisseria,gonorrhoeae,ERR352801,Resistant,TET,NA,32,mg/L,Disk diffusion,E-test,CLSI,2013,31358980,NA,Philippines,NA
Neisseria,gonorrhoeae,ERR352811,Susceptible,TET,NA,0.19,mg/L,Disk diffusion,E-test,CLSI,2013,31358980,NA,Thailand,NA
Neisseria,gonorrhoeae,ERR352813,Resistant,TET,NA,24,mg/L,Disk diffusion,E-test,CLSI,2013,31358980,NA,Thailand,NA
Neisseria,gonorrhoeae,ERR352817,Resistant,TET,NA,3,mg/L,Disk diffusion,E-test,CLSI,2013,31358980,NA,Thailand,NA
Neisseria,gonorrhoeae,ERR352821,Susceptible,TET,NA,0.25,mg/L,Disk diffusion,E-test,CLSI,2013,31358980,NA,Thailand,NA
Neisseria,gonorrhoeae,ERR363580,Resistant,TET,NA,24,mg/L,Disk diffusion,E-test,CLSI,2013,31358980,NA,Japan,NA
Neisseria,gonorrhoeae,ERR363581,Resistant,TET,NA,24,mg/L,Disk diffusion,E-test,CLSI,2013,31358980,NA,Japan,NA
Neisseria,gonorrhoeae,ERR363584,Susceptible,TET,NA,0.125,mg/L,Disk diffusion,E-test,CLSI,2013,31358980,NA,Japan,NA
Neisseria,gonorrhoeae,ERR363586,Intermediate,TET,NA,0.75,mg/L,Disk diffusion,E-test,CLSI,2013,31358980,NA,Australia,NA
Neisseria,gonorrhoeae,ERR363587,Resistant,TET,NA,16,mg/L,Disk diffusion,E-test,CLSI,2013,31358980,NA,Japan,NA
Neisseria,gonorrhoeae,ERR363588,Resistant,TET,NA,24,mg/L,Disk diffusion,E-test,CLSI,2013,31358980,NA,Japan,NA
Neisseria,gonorrhoeae,ERR363589,Resistant,TET,NA,12,mg/L,Disk diffusion,E-test,CLSI,2013,31358980,NA,Japan,NA
Neisseria,gonorrhoeae,ERR363591,Intermediate,TET,NA,0.75,mg/L,Disk diffusion,E-test,CLSI,2013,31358980,NA,Japan,NA
Neisseria,gonorrhoeae,ERR363592,Intermediate,TET,NA,0.5,mg/L,Disk diffusion,E-test,CLSI,2013,31358980,NA,Japan,NA
Neisseria,gonorrhoeae,ERR363593,Intermediate,TET,NA,0.5,mg/L,Disk diffusion,E-test,CLSI,2013,31358980,NA,Japan,NA
Neisseria,gonorrhoeae,ERR363594,Intermediate,TET,NA,0.38,mg/L,Disk diffusion,E-test,CLSI,2013,31358980,NA,Japan,NA
Neisseria,gonorrhoeae,ERR363597,Intermediate,TET,NA,0.75,mg/L,Disk diffusion,E-test,CLSI,2013,31358980,NA,Australia,NA
Neisseria,gonorrhoeae,ERR363599,Resistant,TET,NA,24,mg/L,Disk diffusion,E-test,CLSI,2013,31358980,NA,Australia,NA
Neisseria,gonorrhoeae,ERR363600,Resistant,TET,NA,8,mg/L,Disk diffusion,E-test,CLSI,2013,31358980,NA,Australia,NA
Neisseria,gonorrhoeae,ERR363602,Intermediate,TET,NA,1,mg/L,Disk diffusion,E-test,CLSI,2013,31358980,NA,New Zealand,NA
Neisseria,gonorrhoeae,ERR363605,Intermediate,TET,NA,1,mg/L,Disk diffusion,E-test,CLSI,2013,31358980,NA,Japan,NA
Neisseria,gonorrhoeae,ERR363610,Susceptible,TET,NA,0.25,mg/L,Disk diffusion,E-test,CLSI,2013,31358980,NA,China,NA
Neisseria,gonorrhoeae,ERR363612,Resistant,TET,NA,16,mg/L,Disk diffusion,E-test,CLSI,2013,31358980,NA,China,NA
Neisseria,gonorrhoeae,ERR363613,Intermediate,TET,NA,0.38,mg/L,Disk diffusion,E-test,CLSI,2013,31358980,NA,Japan,NA
Neisseria,gonorrhoeae,ERR363614,Resistant,TET,NA,16,mg/L,Disk diffusion,E-test,CLSI,2013,31358980,NA,Indonesia,NA
Neisseria,gonorrhoeae,ERR363621,Susceptible,TET,NA,0.19,mg/L,Disk diffusion,E-test,CLSI,2013,31358980,NA,Thailand,NA
Neisseria,gonorrhoeae,ERR363628,Resistant,TET,NA,12,mg/L,Disk diffusion,E-test,CLSI,2013,31358980,NA,Thailand,NA
Neisseria,gonorrhoeae,ERR363631,Intermediate,TET,NA,0.38,mg/L,Disk diffusion,E-test,CLSI,2013,31358980,NA,Viet Nam,NA
Neisseria,gonorrhoeae,ERR363632,Susceptible,TET,NA,0.25,mg/L,Disk diffusion,E-test,CLSI,2013,31358980,NA,Pakistan,NA
Neisseria,gonorrhoeae,ERR363633,Susceptible,TET,NA,0.25,mg/L,Disk diffusion,E-test,CLSI,2013,31358980,NA,India,NA
Neisseria,gonorrhoeae,ERR363636,Susceptible,TET,NA,0.125,mg/L,Disk diffusion,E-test,CLSI,2013,31358980,NA,India,NA
Neisseria,gonorrhoeae,ERR363637,Susceptible,TET,NA,0.016,mg/L,Disk diffusion,E-test,CLSI,2013,31358980,NA,India,NA
Neisseria,gonorrhoeae,ERR363639,Intermediate,TET,NA,0.5,mg/L,Disk diffusion,E-test,CLSI,2013,31358980,NA,India,NA
Neisseria,gonorrhoeae,ERR363644,Susceptible,TET,NA,0.19,mg/L,Disk diffusion,E-test,CLSI,2013,31358980,NA,Pakistan,NA
Neisseria,gonorrhoeae,ERR363646,Susceptible,TET,NA,0.25,mg/L,Disk diffusion,E-test,CLSI,2013,31358980,NA,Pakistan,NA
Neisseria,gonorrhoeae,ERR363647,Susceptible,TET,NA,0.125,mg/L,Disk diffusion,E-test,CLSI,2013,31358980,NA,Pakistan,NA
Neisseria,gonorrhoeae,ERR363649,Susceptible,TET,NA,0.19,mg/L,Disk diffusion,E-test,CLSI,2013,31358980,NA,India,NA
Neisseria,gonorrhoeae,ERR363650,Susceptible,TET,NA,0.125,mg/L,Disk diffusion,E-test,CLSI,2013,31358980,NA,India,NA
Neisseria,gonorrhoeae,ERR363657,Susceptible,TET,NA,0.25,mg/L,Disk diffusion,E-test,CLSI,2013,31358980,NA,India,NA
Neisseria,gonorrhoeae,ERR363660,Susceptible,TET,NA,0.19,mg/L,Disk diffusion,E-test,CLSI,2013,31358980,NA,Bhutan,NA
Neisseria,gonorrhoeae,ERR363661,Susceptible,TET,NA,0.19,mg/L,Disk diffusion,E-test,CLSI,2013,31358980,NA,Bhutan,NA
Neisseria,gonorrhoeae,ERR363662,Susceptible,TET,NA,0.19,mg/L,Disk diffusion,E-test,CLSI,2013,31358980,NA,Bhutan,NA
Neisseria,gonorrhoeae,ERR363663,Susceptible,TET,NA,0.19,mg/L,Disk diffusion,E-test,CLSI,2013,31358980,NA,Bhutan,NA
Neisseria,gonorrhoeae,ERR363664,Resistant,TET,NA,8,mg/L,Disk diffusion,E-test,CLSI,2013,31358980,NA,Bhutan,NA
Neisseria,gonorrhoeae,ERR363666,Resistant,TET,NA,16,mg/L,Disk diffusion,E-test,CLSI,2013,31358980,NA,Pakistan,NA
Neisseria,gonorrhoeae,ERR363668,Resistant,TET,NA,16,mg/L,Disk diffusion,E-test,CLSI,2013,31358980,NA,Japan,NA
Neisseria,gonorrhoeae,ERR363669,Susceptible,TET,NA,0.25,mg/L,Disk diffusion,E-test,CLSI,2013,31358980,NA,Philippines,NA
Neisseria,gonorrhoeae,ERR363670,Resistant,TET,NA,24,mg/L,Disk diffusion,E-test,CLSI,2013,31358980,NA,Pakistan,NA
Neisseria,gonorrhoeae,ERR388280,Intermediate,TET,NA,0.75,mg/L,Disk diffusion,E-test,CLSI,2013,31358980,NA,Netherlands,NA
Neisseria,gonorrhoeae,ERR388285,Resistant,TET,NA,128,mg/L,Disk diffusion,E-test,CLSI,2013,31358980,NA,Bulgaria,NA
Neisseria,gonorrhoeae,ERR388287,Resistant,TET,NA,3,mg/L,Disk diffusion,E-test,CLSI,2013,31358980,NA,Finland,NA
Neisseria,gonorrhoeae,ERR388288,Resistant,TET,NA,3,mg/L,Disk diffusion,E-test,CLSI,2013,31358980,NA,France,NA
Neisseria,gonorrhoeae,ERR388296,Resistant,TET,NA,2,mg/L,Disk diffusion,E-test,CLSI,2013,31358980,NA,Spain,NA
Neisseria,gonorrhoeae,ERR388299,Intermediate,TET,NA,1,mg/L,Disk diffusion,E-test,CLSI,2013,31358980,NA,Spain,NA
Neisseria,gonorrhoeae,ERR388306,Susceptible,TET,NA,0.25,mg/L,Disk diffusion,E-test,CLSI,2013,31358980,NA,Slovenia,NA
Neisseria,gonorrhoeae,ERR388308,Resistant,TET,NA,16,mg/L,Disk diffusion,E-test,CLSI,2013,31358980,NA,Slovenia,NA
Neisseria,gonorrhoeae,ERR388313,Intermediate,TET,NA,1.5,mg/L,Disk diffusion,E-test,CLSI,2013,31358980,NA,Norway,NA
Neisseria,gonorrhoeae,ERR388314,Resistant,TET,NA,2,mg/L,Disk diffusion,E-test,CLSI,2013,31358980,NA,Norway,NA
Neisseria,gonorrhoeae,ERR388319,Intermediate,TET,NA,1.5,mg/L,Disk diffusion,E-test,CLSI,2013,31358980,NA,Estonia,NA
Neisseria,gonorrhoeae,ERR388323,Resistant,TET,NA,2,mg/L,Disk diffusion,E-test,CLSI,2013,31358980,NA,Belarus,NA
Neisseria,gonorrhoeae,ERR388326,Intermediate,TET,NA,0.75,mg/L,Disk diffusion,E-test,CLSI,2013,31358980,NA,Belarus,NA
Neisseria,gonorrhoeae,ERR388327,Susceptible,TET,NA,0.016,mg/L,Disk diffusion,E-test,CLSI,2013,31358980,NA,Belarus,NA
Neisseria,gonorrhoeae,ERR388329,Resistant,TET,NA,2,mg/L,Disk diffusion,E-test,CLSI,2013,31358980,NA,Belarus,NA
Neisseria,gonorrhoeae,ERR388331,Susceptible,TET,NA,0.25,mg/L,Disk diffusion,E-test,CLSI,2013,31358980,NA,Slovenia,NA
Neisseria,gonorrhoeae,ERR388332,Susceptible,TET,NA,0.125,mg/L,Disk diffusion,E-test,CLSI,2013,31358980,NA,Slovenia,NA
Neisseria,gonorrhoeae,ERR388333,Susceptible,TET,NA,0.25,mg/L,Disk diffusion,E-test,CLSI,2013,31358980,NA,Slovenia,NA
Neisseria,gonorrhoeae,ERR388335,Resistant,TET,NA,32,mg/L,Disk diffusion,E-test,CLSI,2013,31358980,NA,Slovenia,NA
Neisseria,gonorrhoeae,ERR388340,Resistant,TET,NA,16,mg/L,Disk diffusion,E-test,CLSI,2013,31358980,NA,Estonia,NA
Neisseria,gonorrhoeae,ERR388341,Intermediate,TET,NA,0.75,mg/L,Disk diffusion,E-test,CLSI,2013,31358980,NA,Estonia,NA
Neisseria,gonorrhoeae,ERR388347,Resistant,TET,NA,16,mg/L,Disk diffusion,E-test,CLSI,2013,31358980,NA,Belarus,NA
Neisseria,gonorrhoeae,ERR388350,Intermediate,TET,NA,1,mg/L,Disk diffusion,E-test,CLSI,2013,31358980,NA,Belarus,NA
Neisseria,gonorrhoeae,ERR388353,Resistant,TET,NA,48,mg/L,Disk diffusion,E-test,CLSI,2013,31358980,NA,Poland,NA
Neisseria,gonorrhoeae,ERR388355,Resistant,TET,NA,24,mg/L,Disk diffusion,E-test,CLSI,2013,31358980,NA,Poland,NA
Neisseria,gonorrhoeae,ERR388356,Resistant,TET,NA,16,mg/L,Disk diffusion,E-test,CLSI,2013,31358980,NA,Poland,NA
Neisseria,gonorrhoeae,ERR388360,Susceptible,TET,NA,0.008,mg/L,Disk diffusion,E-test,CLSI,2013,31358980,NA,Poland,NA
Neisseria,gonorrhoeae,ERR388361,Intermediate,TET,NA,0.5,mg/L,Disk diffusion,E-test,CLSI,2013,31358980,NA,Poland,NA
Neisseria,gonorrhoeae,ERR388362,Resistant,TET,NA,48,mg/L,Disk diffusion,E-test,CLSI,2013,31358980,NA,Poland,NA
Neisseria,gonorrhoeae,ERR388363,Resistant,TET,NA,16,mg/L,Disk diffusion,E-test,CLSI,2013,31358980,NA,Slovenia,NA
Neisseria,gonorrhoeae,ERR388371,Resistant,TET,NA,16,mg/L,Disk diffusion,E-test,CLSI,2013,31358980,NA,Estonia,NA
Neisseria,gonorrhoeae,ERR388375,Resistant,TET,NA,2,mg/L,Disk diffusion,E-test,CLSI,2013,31358980,NA,Belarus,NA
Neisseria,gonorrhoeae,ERR388377,Resistant,TET,NA,32,mg/L,Disk diffusion,E-test,CLSI,2013,31358980,NA,Belarus,NA
Neisseria,gonorrhoeae,ERR388379,Intermediate,TET,NA,0.75,mg/L,Disk diffusion,E-test,CLSI,2013,31358980,NA,Belarus,NA
Neisseria,gonorrhoeae,ERR388384,Resistant,TET,NA,2,mg/L,Disk diffusion,E-test,CLSI,2013,31358980,NA,Poland,NA
Neisseria,gonorrhoeae,ERR388385,Resistant,TET,NA,48,mg/L,Disk diffusion,E-test,CLSI,2013,31358980,NA,Poland,NA
Neisseria,gonorrhoeae,ERR388386,Intermediate,TET,NA,1,mg/L,Disk diffusion,E-test,CLSI,2013,31358980,NA,Poland,NA
Neisseria,gonorrhoeae,ERR388387,Resistant,TET,NA,16,mg/L,Disk diffusion,E-test,CLSI,2013,31358980,NA,Poland,NA
Neisseria,gonorrhoeae,ERR388393,Resistant,TET,NA,32,mg/L,Disk diffusion,E-test,CLSI,2013,31358980,NA,Poland,NA
Neisseria,gonorrhoeae,ERR388395,Intermediate,TET,NA,0.5,mg/L,Disk diffusion,E-test,CLSI,2013,31358980,NA,Slovenia,NA
Neisseria,gonorrhoeae,ERR388396,Intermediate,TET,NA,0.5,mg/L,Disk diffusion,E-test,CLSI,2013,31358980,NA,Slovenia,NA
Neisseria,gonorrhoeae,ERR388397,Intermediate,TET,NA,0.5,mg/L,Disk diffusion,E-test,CLSI,2013,31358980,NA,Slovenia,NA
Neisseria,gonorrhoeae,ERR388398,Susceptible,TET,NA,0.094,mg/L,Disk diffusion,E-test,CLSI,2013,31358980,NA,Slovenia,NA
Neisseria,gonorrhoeae,ERR388401,Resistant,TET,NA,16,mg/L,Disk diffusion,E-test,CLSI,2013,31358980,NA,Estonia,NA
Neisseria,gonorrhoeae,ERR388402,Resistant,TET,NA,32,mg/L,Disk diffusion,E-test,CLSI,2013,31358980,NA,Estonia,NA
Neisseria,gonorrhoeae,ERR388403,Resistant,TET,NA,8,mg/L,Disk diffusion,E-test,CLSI,2013,31358980,NA,Estonia,NA
Neisseria,gonorrhoeae,ERR388412,Resistant,TET,NA,24,mg/L,Disk diffusion,E-test,CLSI,2013,31358980,NA,Poland,NA
Neisseria,gonorrhoeae,ERR388416,Resistant,TET,NA,3,mg/L,Disk diffusion,E-test,CLSI,2013,31358980,NA,Slovenia,NA
Neisseria,gonorrhoeae,ERR388419,Resistant,TET,NA,24,mg/L,Disk diffusion,E-test,CLSI,2013,31358980,NA,Thailand,NA
Neisseria,gonorrhoeae,ERR388421,Resistant,TET,NA,32,mg/L,Disk diffusion,E-test,CLSI,2013,31358980,NA,Australia,NA
Neisseria,gonorrhoeae,ERR388422,Intermediate,TET,NA,1,mg/L,Disk diffusion,E-test,CLSI,2013,31358980,NA,Australia,NA
Neisseria,gonorrhoeae,ERR388425,Intermediate,TET,NA,0.5,mg/L,Disk diffusion,E-test,CLSI,2013,31358980,NA,Japan,NA
Neisseria,gonorrhoeae,ERR388428,Susceptible,TET,NA,0.25,mg/L,Disk diffusion,E-test,CLSI,2013,31358980,NA,China,NA
Neisseria,gonorrhoeae,ERR388429,Susceptible,TET,NA,0.125,mg/L,Disk diffusion,E-test,CLSI,2013,31358980,NA,China,NA
Neisseria,gonorrhoeae,ERR388430,Resistant,TET,NA,24,mg/L,Disk diffusion,E-test,CLSI,2013,31358980,NA,China,NA
Neisseria,gonorrhoeae,ERR388432,Intermediate,TET,NA,1.5,mg/L,Disk diffusion,E-test,CLSI,2013,31358980,NA,Hong Kong,NA
Neisseria,gonorrhoeae,ERR388433,Resistant,TET,NA,16,mg/L,Disk diffusion,E-test,CLSI,2013,31358980,NA,Indonesia,NA
Neisseria,gonorrhoeae,ERR388434,Resistant,TET,NA,16,mg/L,Disk diffusion,E-test,CLSI,2013,31358980,NA,Indonesia,NA
Neisseria,gonorrhoeae,ERR388437,Susceptible,TET,NA,0.125,mg/L,Disk diffusion,E-test,CLSI,2013,31358980,NA,Malaysia,NA
Neisseria,gonorrhoeae,ERR388438,Resistant,TET,NA,16,mg/L,Disk diffusion,E-test,CLSI,2013,31358980,NA,Philippines,NA
Neisseria,gonorrhoeae,ERR388440,Susceptible,TET,NA,0.125,mg/L,Disk diffusion,E-test,CLSI,2013,31358980,NA,Philippines,NA
Neisseria,gonorrhoeae,ERR388445,Resistant,TET,NA,48,mg/L,Disk diffusion,E-test,CLSI,2013,31358980,NA,Philippines,NA
Neisseria,gonorrhoeae,ERR388448,Resistant,TET,NA,4,mg/L,Disk diffusion,E-test,CLSI,2013,31358980,NA,Thailand,NA
Neisseria,gonorrhoeae,ERR388449,Susceptible,TET,NA,0.19,mg/L,Disk diffusion,E-test,CLSI,2013,31358980,NA,Thailand,NA
Neisseria,gonorrhoeae,ERR388452,Resistant,TET,NA,3,mg/L,Disk diffusion,E-test,CLSI,2013,31358980,NA,Thailand,NA
Neisseria,gonorrhoeae,ERR388454,Susceptible,TET,NA,0.25,mg/L,Disk diffusion,E-test,CLSI,2013,31358980,NA,Thailand,NA
Streptococcus,pneumoniae,ERR391724,Resistant,ERY,NA,4,mg/L,Broth dilution,NA,CLSI,2013,NA,NA,Germany,NA
Streptococcus,pneumoniae,ERR391745,Resistant,ERY,NA,64,mg/L,Broth dilution,NA,CLSI,2013,NA,Sepsis,Germany,NA
Escherichia,coli,ERR4013421,Susceptible,GEN,<=,2,mg/L,Broth microdilution,NA,CLSI,CLSI,35756053,Urine,NA,NA
Escherichia,coli,ERR4013422,Susceptible,GEN,<=,2,mg/L,Broth microdilution,NA,CLSI,CLSI,35756053,Urine,NA,NA
Escherichia,coli,ERR4013423,Susceptible,GEN,<=,2,mg/L,Broth microdilution,NA,CLSI,CLSI,35756053,Urine,NA,NA
Escherichia,coli,ERR4013424,Susceptible,GEN,<=,2,mg/L,Broth microdilution,NA,CLSI,CLSI,35756053,Urine,NA,NA
Escherichia,coli,ERR4013425,Susceptible,GEN,<=,2,mg/L,Broth microdilution,NA,CLSI,CLSI,35756053,Urine,NA,NA
Escherichia,coli,ERR4013426,Susceptible,GEN,<=,2,mg/L,Broth microdilution,NA,CLSI,CLSI,35756053,Urine,NA,NA
Escherichia,coli,ERR4013427,Susceptible,GEN,<=,2,mg/L,Broth microdilution,NA,CLSI,CLSI,35756053,Urine,NA,NA
Escherichia,coli,ERR4013428,Susceptible,GEN,<=,2,mg/L,Broth microdilution,NA,CLSI,CLSI,35756053,Urine,NA,NA
Escherichia,coli,ERR4013429,Susceptible,GEN,<=,2,mg/L,Broth microdilution,NA,CLSI,CLSI,35756053,Urine,NA,NA
Escherichia,coli,ERR4013430,Susceptible,GEN,<=,2,mg/L,Broth microdilution,NA,CLSI,CLSI,35756053,Urine,NA,NA
Escherichia,coli,ERR4013431,Susceptible,GEN,<=,2,mg/L,Broth microdilution,NA,CLSI,CLSI,35756053,Urine,NA,NA
Escherichia,coli,ERR4013444,Susceptible,GEN,<=,2,mg/L,Broth microdilution,NA,CLSI,CLSI,35756053,Urine,NA,NA
Escherichia,coli,ERR4013445,Susceptible,GEN,<=,2,mg/L,Broth microdilution,NA,CLSI,CLSI,35756053,Urine,NA,NA
Escherichia,coli,ERR4013446,Susceptible,GEN,<=,2,mg/L,Broth microdilution,NA,CLSI,CLSI,35756053,Urine,NA,NA
Escherichia,coli,ERR4013447,Susceptible,GEN,<=,2,mg/L,Broth microdilution,NA,CLSI,CLSI,35756053,Urine,NA,NA
Escherichia,coli,ERR4013448,Susceptible,GEN,<=,2,mg/L,Broth microdilution,NA,CLSI,CLSI,35756053,Urine,NA,NA
Escherichia,coli,ERR4013449,Susceptible,GEN,<=,2,mg/L,Broth microdilution,NA,CLSI,CLSI,35756053,Urine,NA,NA
Escherichia,coli,ERR4013450,Susceptible,GEN,<=,2,mg/L,Broth microdilution,NA,CLSI,CLSI,35756053,Urine,NA,NA
Escherichia,coli,ERR4013451,Susceptible,GEN,<=,2,mg/L,Broth microdilution,NA,CLSI,CLSI,35756053,Urine,NA,NA
Escherichia,coli,ERR4013452,Resistant,GEN,>,16,mg/L,Broth microdilution,NA,CLSI,CLSI,35756053,Urine,NA,NA
Escherichia,coli,ERR4013453,Susceptible,GEN,<=,2,mg/L,Broth microdilution,NA,CLSI,CLSI,35756053,Urine,NA,NA
Escherichia,coli,ERR4013454,Susceptible,GEN,<=,2,mg/L,Broth microdilution,NA,CLSI,CLSI,35756053,Urine,NA,NA
Escherichia,coli,ERR4013455,Susceptible,GEN,<=,2,mg/L,Broth microdilution,NA,CLSI,CLSI,35756053,Urine,NA,NA
Escherichia,coli,ERR4013456,Susceptible,GEN,<=,2,mg/L,Broth microdilution,NA,CLSI,CLSI,35756053,Urine,NA,NA
Escherichia,coli,ERR4013457,Intermediate,GEN,=,4,mg/L,Broth microdilution,NA,CLSI,CLSI,35756053,Urine,NA,NA
Escherichia,coli,ERR4013458,Susceptible,GEN,<=,2,mg/L,Broth microdilution,NA,CLSI,CLSI,35756053,Urine,NA,NA
Escherichia,coli,ERR4013459,Susceptible,GEN,<=,2,mg/L,Broth microdilution,NA,CLSI,CLSI,35756053,Blood,NA,NA
Escherichia,coli,ERR4013460,Susceptible,GEN,<=,2,mg/L,Broth microdilution,NA,CLSI,CLSI,35756053,Urine,NA,NA
Escherichia,coli,ERR4013461,Susceptible,GEN,<=,2,mg/L,Broth microdilution,NA,CLSI,CLSI,35756053,Urine,NA,NA
Escherichia,coli,ERR4013462,Susceptible,GEN,<=,2,mg/L,Broth microdilution,NA,CLSI,CLSI,35756053,Urine,NA,NA
Escherichia,coli,ERR4013463,Susceptible,GEN,<=,2,mg/L,Broth microdilution,NA,CLSI,CLSI,35756053,Urine,NA,NA
Escherichia,coli,ERR4013464,Susceptible,GEN,<=,2,mg/L,Broth microdilution,NA,CLSI,CLSI,35756053,Urine,NA,NA
Escherichia,coli,ERR4013465,Resistant,GEN,=,8,mg/L,Broth microdilution,NA,CLSI,CLSI,35756053,Urine,NA,NA
Staphylococcus,aureus,ERR410046,Susceptible,ERY,NA,NA,NA,NA,NA,CLSI,2013,26686880,NA,NA,NA
Staphylococcus,aureus,ERR410056,Susceptible,ERY,NA,NA,NA,NA,NA,CLSI,2013,26686880,NA,NA,NA
Staphylococcus,aureus,ERR410059,Susceptible,ERY,NA,NA,NA,NA,NA,CLSI,2013,26686880,NA,NA,NA
Staphylococcus,aureus,ERR410068,Susceptible,ERY,NA,NA,NA,NA,NA,CLSI,2013,26686880,NA,NA,NA
Staphylococcus,aureus,ERR410090,Susceptible,ERY,NA,NA,NA,NA,NA,CLSI,2013,26686880,NA,NA,NA
Staphylococcus,aureus,ERR410091,Susceptible,ERY,NA,NA,NA,NA,NA,CLSI,2013,26686880,NA,NA,NA
Staphylococcus,aureus,ERR410094,Susceptible,ERY,NA,NA,NA,NA,NA,CLSI,2013,26686880,NA,NA,NA
Staphylococcus,aureus,ERR410098,Susceptible,ERY,NA,NA,NA,NA,NA,CLSI,2013,26686880,NA,NA,NA
Staphylococcus,aureus,ERR410104,Susceptible,ERY,NA,NA,NA,NA,NA,CLSI,2013,26686880,NA,NA,NA
Staphylococcus,aureus,ERR410105,Susceptible,ERY,NA,NA,NA,NA,NA,CLSI,2013,26686880,NA,NA,NA
Staphylococcus,aureus,ERR410106,Resistant,ERY,NA,NA,NA,NA,NA,CLSI,2013,26686880,NA,NA,NA
Staphylococcus,aureus,ERR410107,Susceptible,ERY,NA,NA,NA,NA,NA,CLSI,2013,26686880,NA,NA,NA
Staphylococcus,aureus,ERR410115,Resistant,ERY,NA,NA,NA,NA,NA,CLSI,2013,26686880,NA,NA,NA
Staphylococcus,aureus,ERR410124,Susceptible,ERY,NA,NA,NA,NA,NA,CLSI,2013,26686880,NA,NA,NA
Staphylococcus,aureus,ERR410131,Susceptible,ERY,NA,NA,NA,NA,NA,CLSI,2013,26686880,NA,NA,NA
Staphylococcus,aureus,ERR418320,Resistant,ERY,NA,NA,NA,NA,NA,CLSI,2013,26686880,NA,NA,NA
Staphylococcus,aureus,ERR418321,Resistant,ERY,NA,NA,NA,NA,NA,CLSI,2013,26686880,NA,NA,NA
Staphylococcus,aureus,ERR418324,Resistant,ERY,NA,NA,NA,NA,NA,CLSI,2013,26686880,NA,NA,NA
Staphylococcus,aureus,ERR418326,Resistant,ERY,NA,NA,NA,NA,NA,CLSI,2013,26686880,NA,NA,NA
Staphylococcus,aureus,ERR418330,Resistant,ERY,NA,NA,NA,NA,NA,CLSI,2013,26686880,NA,NA,NA
Staphylococcus,aureus,ERR418332,Resistant,ERY,NA,NA,NA,NA,NA,CLSI,2013,26686880,NA,NA,NA
Staphylococcus,aureus,ERR418333,Resistant,ERY,NA,NA,NA,NA,NA,CLSI,2013,26686880,NA,NA,NA
Staphylococcus,aureus,ERR418334,Resistant,ERY,NA,NA,NA,NA,NA,CLSI,2013,26686880,NA,NA,NA
Staphylococcus,aureus,ERR418335,Resistant,ERY,NA,NA,NA,NA,NA,CLSI,2013,26686880,NA,NA,NA
Staphylococcus,aureus,ERR418336,Resistant,ERY,NA,NA,NA,NA,NA,CLSI,2013,26686880,NA,NA,NA
Staphylococcus,aureus,ERR418342,Resistant,ERY,NA,NA,NA,NA,NA,CLSI,2013,26686880,NA,NA,NA
Staphylococcus,aureus,ERR418343,Resistant,ERY,NA,NA,NA,NA,NA,CLSI,2013,26686880,NA,NA,NA
Staphylococcus,aureus,ERR418344,Resistant,ERY,NA,NA,NA,NA,NA,CLSI,2013,26686880,NA,NA,NA
Staphylococcus,aureus,ERR418346,Resistant,ERY,NA,NA,NA,NA,NA,CLSI,2013,26686880,NA,NA,NA
Staphylococcus,aureus,ERR418349,Resistant,ERY,NA,NA,NA,NA,NA,CLSI,2013,26686880,NA,NA,NA
Staphylococcus,aureus,ERR418351,Resistant,ERY,NA,NA,NA,NA,NA,CLSI,2013,26686880,NA,NA,NA
Staphylococcus,aureus,ERR418352,Susceptible,ERY,NA,NA,NA,NA,NA,CLSI,2013,26686880,NA,NA,NA
Staphylococcus,aureus,ERR418357,Resistant,ERY,NA,NA,NA,NA,NA,CLSI,2013,26686880,NA,NA,NA
Staphylococcus,aureus,ERR418360,Resistant,ERY,NA,NA,NA,NA,NA,CLSI,2013,26686880,NA,NA,NA
Staphylococcus,aureus,ERR418364,Resistant,ERY,NA,NA,NA,NA,NA,CLSI,2013,26686880,NA,NA,NA
Staphylococcus,aureus,ERR418365,Resistant,ERY,NA,NA,NA,NA,NA,CLSI,2013,26686880,NA,NA,NA
Staphylococcus,aureus,ERR418367,Resistant,ERY,NA,NA,NA,NA,NA,CLSI,2013,26686880,NA,NA,NA
Staphylococcus,aureus,ERR418370,Resistant,ERY,NA,NA,NA,NA,NA,CLSI,2013,26686880,NA,NA,NA
Staphylococcus,aureus,ERR418372,Resistant,ERY,NA,NA,NA,NA,NA,CLSI,2013,26686880,NA,NA,NA
Staphylococcus,aureus,ERR418375,Resistant,ERY,NA,NA,NA,NA,NA,CLSI,2013,26686880,NA,NA,NA
Staphylococcus,aureus,ERR418376,Resistant,ERY,NA,NA,NA,NA,NA,CLSI,2013,26686880,NA,NA,NA
Staphylococcus,aureus,ERR418380,Resistant,ERY,NA,NA,NA,NA,NA,CLSI,2013,26686880,NA,NA,NA
Staphylococcus,aureus,ERR418384,Resistant,ERY,NA,NA,NA,NA,NA,CLSI,2013,26686880,NA,NA,NA
Staphylococcus,aureus,ERR418387,Susceptible,ERY,NA,NA,NA,NA,NA,CLSI,2013,26686880,NA,NA,NA
Staphylococcus,aureus,ERR418388,Susceptible,ERY,NA,NA,NA,NA,NA,CLSI,2013,26686880,NA,NA,NA
Staphylococcus,aureus,ERR418393,Susceptible,ERY,NA,NA,NA,NA,NA,CLSI,2013,26686880,NA,NA,NA
Staphylococcus,aureus,ERR418394,Susceptible,ERY,NA,NA,NA,NA,NA,CLSI,2013,26686880,NA,NA,NA
Staphylococcus,aureus,ERR418396,Susceptible,ERY,NA,NA,NA,NA,NA,CLSI,2013,26686880,NA,NA,NA
Staphylococcus,aureus,ERR418397,Susceptible,ERY,NA,NA,NA,NA,NA,CLSI,2013,26686880,NA,NA,NA
Staphylococcus,aureus,ERR418406,Susceptible,ERY,NA,NA,NA,NA,NA,CLSI,2013,26686880,NA,NA,NA
Staphylococcus,aureus,ERR418409,Resistant,ERY,NA,NA,NA,NA,NA,CLSI,2013,26686880,NA,NA,NA
Staphylococcus,aureus,ERR418411,Susceptible,ERY,NA,NA,NA,NA,NA,CLSI,2013,26686880,NA,NA,NA
Staphylococcus,aureus,ERR418417,Susceptible,ERY,NA,NA,NA,NA,NA,CLSI,2013,26686880,NA,NA,NA
Staphylococcus,aureus,ERR418419,Susceptible,ERY,NA,NA,NA,NA,NA,CLSI,2013,26686880,NA,NA,NA
Staphylococcus,aureus,ERR418420,Susceptible,ERY,NA,NA,NA,NA,NA,CLSI,2013,26686880,NA,NA,NA
Staphylococcus,aureus,ERR418425,Resistant,ERY,NA,NA,NA,NA,NA,CLSI,2013,26686880,NA,NA,NA
Staphylococcus,aureus,ERR418427,Susceptible,ERY,NA,NA,NA,NA,NA,CLSI,2013,26686880,NA,NA,NA
Staphylococcus,aureus,ERR418432,Susceptible,ERY,NA,NA,NA,NA,NA,CLSI,2013,26686880,NA,NA,NA
Staphylococcus,aureus,ERR418433,Susceptible,ERY,NA,NA,NA,NA,NA,CLSI,2013,26686880,NA,NA,NA
Staphylococcus,aureus,ERR418434,Susceptible,ERY,NA,NA,NA,NA,NA,CLSI,2013,26686880,NA,NA,NA
Staphylococcus,aureus,ERR418436,Susceptible,ERY,NA,NA,NA,NA,NA,CLSI,2013,26686880,NA,NA,NA
Staphylococcus,aureus,ERR418440,Susceptible,ERY,NA,NA,NA,NA,NA,CLSI,2013,26686880,NA,NA,NA
Staphylococcus,aureus,ERR418441,Susceptible,ERY,NA,NA,NA,NA,NA,CLSI,2013,26686880,NA,NA,NA
Staphylococcus,aureus,ERR418445,Susceptible,ERY,NA,NA,NA,NA,NA,CLSI,2013,26686880,NA,NA,NA
Staphylococcus,aureus,ERR418446,Susceptible,ERY,NA,NA,NA,NA,NA,CLSI,2013,26686880,NA,NA,NA
Staphylococcus,aureus,ERR418463,Susceptible,ERY,NA,NA,NA,NA,NA,CLSI,2013,26686880,NA,NA,NA
Staphylococcus,aureus,ERR418467,Susceptible,ERY,NA,NA,NA,NA,NA,CLSI,2013,26686880,NA,NA,NA
Staphylococcus,aureus,ERR418468,Resistant,ERY,NA,NA,NA,NA,NA,CLSI,2013,26686880,NA,NA,NA
Staphylococcus,aureus,ERR418470,Susceptible,ERY,NA,NA,NA,NA,NA,CLSI,2013,26686880,NA,NA,NA
Staphylococcus,aureus,ERR418477,Susceptible,ERY,NA,NA,NA,NA,NA,CLSI,2013,26686880,NA,NA,NA
Staphylococcus,aureus,ERR418483,Susceptible,ERY,NA,NA,NA,NA,NA,CLSI,2013,26686880,NA,NA,NA
Staphylococcus,aureus,ERR418492,Susceptible,ERY,NA,NA,NA,NA,NA,CLSI,2013,26686880,NA,NA,NA
Staphylococcus,aureus,ERR418493,Susceptible,ERY,NA,NA,NA,NA,NA,CLSI,2013,26686880,NA,NA,NA
Staphylococcus,aureus,ERR418496,Susceptible,ERY,NA,NA,NA,NA,NA,CLSI,2013,26686880,NA,NA,NA
Staphylococcus,aureus,ERR418500,Susceptible,ERY,NA,NA,NA,NA,NA,CLSI,2013,26686880,NA,NA,NA
Staphylococcus,aureus,ERR418503,Resistant,ERY,NA,NA,NA,NA,NA,CLSI,2013,26686880,NA,NA,NA
Staphylococcus,aureus,ERR418506,Resistant,ERY,NA,NA,NA,NA,NA,CLSI,2013,26686880,NA,NA,NA
Staphylococcus,aureus,ERR418508,Susceptible,ERY,NA,NA,NA,NA,NA,CLSI,2013,26686880,NA,NA,NA
Staphylococcus,aureus,ERR418511,Susceptible,ERY,NA,NA,NA,NA,NA,CLSI,2013,26686880,NA,NA,NA
Staphylococcus,aureus,ERR418513,Susceptible,ERY,NA,NA,NA,NA,NA,CLSI,2013,26686880,NA,NA,NA
Staphylococcus,aureus,ERR418520,Susceptible,ERY,NA,NA,NA,NA,NA,CLSI,2013,26686880,NA,NA,NA
Staphylococcus,aureus,ERR418525,Susceptible,ERY,NA,NA,NA,NA,NA,CLSI,2013,26686880,NA,NA,NA
Staphylococcus,aureus,ERR418531,Resistant,ERY,NA,NA,NA,NA,NA,CLSI,2013,26686880,NA,NA,NA
Staphylococcus,aureus,ERR418532,Resistant,ERY,NA,NA,NA,NA,NA,CLSI,2013,26686880,NA,NA,NA
Staphylococcus,aureus,ERR418534,Susceptible,ERY,NA,NA,NA,NA,NA,CLSI,2013,26686880,NA,NA,NA
Staphylococcus,aureus,ERR418538,Susceptible,ERY,NA,NA,NA,NA,NA,CLSI,2013,26686880,NA,NA,NA
Staphylococcus,aureus,ERR418539,Susceptible,ERY,NA,NA,NA,NA,NA,CLSI,2013,26686880,NA,NA,NA
Staphylococcus,aureus,ERR418540,Susceptible,ERY,NA,NA,NA,NA,NA,CLSI,2013,26686880,NA,NA,NA
Staphylococcus,aureus,ERR418546,Susceptible,ERY,NA,NA,NA,NA,NA,CLSI,2013,26686880,NA,NA,NA
Staphylococcus,aureus,ERR418548,Susceptible,ERY,NA,NA,NA,NA,NA,CLSI,2013,26686880,NA,NA,NA
Staphylococcus,aureus,ERR418553,Susceptible,ERY,NA,NA,NA,NA,NA,CLSI,2013,26686880,NA,NA,NA
Staphylococcus,aureus,ERR418557,Susceptible,ERY,NA,NA,NA,NA,NA,CLSI,2013,26686880,NA,NA,NA
Staphylococcus,aureus,ERR418564,Susceptible,ERY,NA,NA,NA,NA,NA,CLSI,2013,26686880,NA,NA,NA
Staphylococcus,aureus,ERR418567,Susceptible,ERY,NA,NA,NA,NA,NA,CLSI,2013,26686880,NA,NA,NA
Staphylococcus,aureus,ERR418568,Susceptible,ERY,NA,NA,NA,NA,NA,CLSI,2013,26686880,NA,NA,NA
Staphylococcus,aureus,ERR418570,Susceptible,ERY,NA,NA,NA,NA,NA,CLSI,2013,26686880,NA,NA,NA
Staphylococcus,aureus,ERR418572,Susceptible,ERY,NA,NA,NA,NA,NA,CLSI,2013,26686880,NA,NA,NA
Staphylococcus,aureus,ERR418575,Resistant,ERY,NA,NA,NA,NA,NA,CLSI,2013,26686880,NA,NA,NA
Staphylococcus,aureus,ERR418582,Susceptible,ERY,NA,NA,NA,NA,NA,CLSI,2013,26686880,NA,NA,NA
Staphylococcus,aureus,ERR418586,Susceptible,ERY,NA,NA,NA,NA,NA,CLSI,2013,26686880,NA,NA,NA
Staphylococcus,aureus,ERR418588,Susceptible,ERY,NA,NA,NA,NA,NA,CLSI,2013,26686880,NA,NA,NA
Staphylococcus,aureus,ERR418593,Susceptible,ERY,NA,NA,NA,NA,NA,CLSI,2013,26686880,NA,NA,NA
Staphylococcus,aureus,ERR418597,Susceptible,ERY,NA,NA,NA,NA,NA,CLSI,2013,26686880,NA,NA,NA
Staphylococcus,aureus,ERR418600,Susceptible,ERY,NA,NA,NA,NA,NA,CLSI,2013,26686880,NA,NA,NA
Staphylococcus,aureus,ERR418602,Susceptible,ERY,NA,NA,NA,NA,NA,CLSI,2013,26686880,NA,NA,NA
Staphylococcus,aureus,ERR418604,Susceptible,ERY,NA,NA,NA,NA,NA,CLSI,2013,26686880,NA,NA,NA
Staphylococcus,aureus,ERR418607,Resistant,ERY,NA,NA,NA,NA,NA,CLSI,2013,26686880,NA,NA,NA
Staphylococcus,aureus,ERR418622,Susceptible,ERY,NA,NA,NA,NA,NA,CLSI,2013,26686880,NA,NA,NA
Staphylococcus,aureus,ERR418623,Susceptible,ERY,NA,NA,NA,NA,NA,CLSI,2013,26686880,NA,NA,NA
Staphylococcus,aureus,ERR418626,Susceptible,ERY,NA,NA,NA,NA,NA,CLSI,2013,26686880,NA,NA,NA
Staphylococcus,aureus,ERR418630,Susceptible,ERY,NA,NA,NA,NA,NA,CLSI,2013,26686880,NA,NA,NA
Staphylococcus,aureus,ERR418634,Susceptible,ERY,NA,NA,NA,NA,NA,CLSI,2013,26686880,NA,NA,NA
Staphylococcus,aureus,ERR418643,Susceptible,ERY,NA,NA,NA,NA,NA,CLSI,2013,26686880,NA,NA,NA
Staphylococcus,aureus,ERR418645,Susceptible,ERY,NA,NA,NA,NA,NA,CLSI,2013,26686880,NA,NA,NA
Staphylococcus,aureus,ERR418648,Susceptible,ERY,NA,NA,NA,NA,NA,CLSI,2013,26686880,NA,NA,NA
Staphylococcus,aureus,ERR418650,Susceptible,ERY,NA,NA,NA,NA,NA,CLSI,2013,26686880,NA,NA,NA
Staphylococcus,aureus,ERR418657,Susceptible,ERY,NA,NA,NA,NA,NA,CLSI,2013,26686880,NA,NA,NA
Staphylococcus,aureus,ERR418660,Susceptible,ERY,NA,NA,NA,NA,NA,CLSI,2013,26686880,NA,NA,NA
Staphylococcus,aureus,ERR418662,Resistant,ERY,NA,NA,NA,NA,NA,CLSI,2013,26686880,NA,NA,NA
Staphylococcus,aureus,ERR418664,Susceptible,ERY,NA,NA,NA,NA,NA,CLSI,2013,26686880,NA,NA,NA
Staphylococcus,aureus,ERR418668,Susceptible,ERY,NA,NA,NA,NA,NA,CLSI,2013,26686880,NA,NA,NA
Staphylococcus,aureus,ERR418673,Susceptible,ERY,NA,NA,NA,NA,NA,CLSI,2013,26686880,NA,NA,NA
Staphylococcus,aureus,ERR418678,Susceptible,ERY,NA,NA,NA,NA,NA,CLSI,2013,26686880,NA,NA,NA
Staphylococcus,aureus,ERR418680,Susceptible,ERY,NA,NA,NA,NA,NA,CLSI,2013,26686880,NA,NA,NA
Staphylococcus,aureus,ERR418685,Susceptible,ERY,NA,NA,NA,NA,NA,CLSI,2013,26686880,NA,NA,NA
Staphylococcus,aureus,ERR418691,Resistant,ERY,NA,NA,NA,NA,NA,CLSI,2013,26686880,NA,NA,NA
Staphylococcus,aureus,ERR418692,Susceptible,ERY,NA,NA,NA,NA,NA,CLSI,2013,26686880,NA,NA,NA
Staphylococcus,aureus,ERR418693,Susceptible,ERY,NA,NA,NA,NA,NA,CLSI,2013,26686880,NA,NA,NA
Staphylococcus,aureus,ERR418694,Susceptible,ERY,NA,NA,NA,NA,NA,CLSI,2013,26686880,NA,NA,NA
Staphylococcus,aureus,ERR418696,Susceptible,ERY,NA,NA,NA,NA,NA,CLSI,2013,26686880,NA,NA,NA
Staphylococcus,aureus,ERR418697,Susceptible,ERY,NA,NA,NA,NA,NA,CLSI,2013,26686880,NA,NA,NA
Staphylococcus,aureus,ERR418699,Susceptible,ERY,NA,NA,NA,NA,NA,CLSI,2013,26686880,NA,NA,NA
Staphylococcus,aureus,ERR418702,Susceptible,ERY,NA,NA,NA,NA,NA,CLSI,2013,26686880,NA,NA,NA
Staphylococcus,aureus,ERR418703,Susceptible,ERY,NA,NA,NA,NA,NA,CLSI,2013,26686880,NA,NA,NA
Staphylococcus,aureus,ERR418704,Susceptible,ERY,NA,NA,NA,NA,NA,CLSI,2013,26686880,NA,NA,NA
Staphylococcus,aureus,ERR418705,Susceptible,ERY,NA,NA,NA,NA,NA,CLSI,2013,26686880,NA,NA,NA
Staphylococcus,aureus,ERR418706,Susceptible,ERY,NA,NA,NA,NA,NA,CLSI,2013,26686880,NA,NA,NA
Staphylococcus,aureus,ERR418707,Susceptible,ERY,NA,NA,NA,NA,NA,CLSI,2013,26686880,NA,NA,NA
Staphylococcus,aureus,ERR418709,Susceptible,ERY,NA,NA,NA,NA,NA,CLSI,2013,26686880,NA,NA,NA
Staphylococcus,aureus,ERR418711,Susceptible,ERY,NA,NA,NA,NA,NA,CLSI,2013,26686880,NA,NA,NA
Staphylococcus,aureus,ERR418721,Susceptible,ERY,NA,NA,NA,NA,NA,CLSI,2013,26686880,NA,NA,NA
Staphylococcus,aureus,ERR418725,Susceptible,ERY,NA,NA,NA,NA,NA,CLSI,2013,26686880,NA,NA,NA
Staphylococcus,aureus,ERR418734,Resistant,ERY,NA,NA,NA,NA,NA,CLSI,2013,26686880,NA,NA,NA
Staphylococcus,aureus,ERR418739,Susceptible,ERY,NA,NA,NA,NA,NA,CLSI,2013,26686880,NA,NA,NA
Staphylococcus,aureus,ERR418742,Resistant,ERY,NA,NA,NA,NA,NA,CLSI,2013,26686880,NA,NA,NA
Staphylococcus,aureus,ERR418743,Susceptible,ERY,NA,NA,NA,NA,NA,CLSI,2013,26686880,NA,NA,NA
Staphylococcus,aureus,ERR418744,Susceptible,ERY,NA,NA,NA,NA,NA,CLSI,2013,26686880,NA,NA,NA
Staphylococcus,aureus,ERR418745,Resistant,ERY,NA,NA,NA,NA,NA,CLSI,2013,26686880,NA,NA,NA
Staphylococcus,aureus,ERR418747,Susceptible,ERY,NA,NA,NA,NA,NA,CLSI,2013,26686880,NA,NA,NA
Staphylococcus,aureus,ERR418750,Resistant,ERY,NA,NA,NA,NA,NA,CLSI,2013,26686880,NA,NA,NA
Staphylococcus,aureus,ERR418753,Resistant,ERY,NA,NA,NA,NA,NA,CLSI,2013,26686880,NA,NA,NA
Staphylococcus,aureus,ERR418755,Resistant,ERY,NA,NA,NA,NA,NA,CLSI,2013,26686880,NA,NA,NA
Staphylococcus,aureus,ERR418764,Susceptible,ERY,NA,NA,NA,NA,NA,CLSI,2013,26686880,NA,NA,NA
Staphylococcus,aureus,ERR418766,Resistant,ERY,NA,NA,NA,NA,NA,CLSI,2013,26686880,NA,NA,NA
Staphylococcus,aureus,ERR418767,Resistant,ERY,NA,NA,NA,NA,NA,CLSI,2013,26686880,NA,NA,NA
Staphylococcus,aureus,ERR418769,Susceptible,ERY,NA,NA,NA,NA,NA,CLSI,2013,26686880,NA,NA,NA
Staphylococcus,aureus,ERR418770,Resistant,ERY,NA,NA,NA,NA,NA,CLSI,2013,26686880,NA,NA,NA
Staphylococcus,aureus,ERR418771,Resistant,ERY,NA,NA,NA,NA,NA,CLSI,2013,26686880,NA,NA,NA
Staphylococcus,aureus,ERR418781,Susceptible,ERY,NA,NA,NA,NA,NA,CLSI,2013,26686880,NA,NA,NA
Staphylococcus,aureus,ERR418782,Susceptible,ERY,NA,NA,NA,NA,NA,CLSI,2013,26686880,NA,NA,NA
Staphylococcus,aureus,ERR418784,Susceptible,ERY,NA,NA,NA,NA,NA,CLSI,2013,26686880,NA,NA,NA
Staphylococcus,aureus,ERR418788,Susceptible,ERY,NA,NA,NA,NA,NA,CLSI,2013,26686880,NA,NA,NA
Staphylococcus,aureus,ERR418790,Susceptible,ERY,NA,NA,NA,NA,NA,CLSI,2013,26686880,NA,NA,NA
Staphylococcus,aureus,ERR418794,Resistant,ERY,NA,NA,NA,NA,NA,CLSI,2013,26686880,NA,NA,NA
Staphylococcus,aureus,ERR418799,Resistant,ERY,NA,NA,NA,NA,NA,CLSI,2013,26686880,NA,NA,NA
Staphylococcus,aureus,ERR418802,Resistant,ERY,NA,NA,NA,NA,NA,CLSI,2013,26686880,NA,NA,NA
Staphylococcus,aureus,ERR418804,Resistant,ERY,NA,NA,NA,NA,NA,CLSI,2013,26686880,NA,NA,NA
Staphylococcus,aureus,ERR418806,Susceptible,ERY,NA,NA,NA,NA,NA,CLSI,2013,26686880,NA,NA,NA
Staphylococcus,aureus,ERR418811,Susceptible,ERY,NA,NA,NA,NA,NA,CLSI,2013,26686880,NA,NA,NA
Staphylococcus,aureus,ERR418817,Susceptible,ERY,NA,NA,NA,NA,NA,CLSI,2013,26686880,NA,NA,NA
Staphylococcus,aureus,ERR418852,Susceptible,ERY,NA,NA,NA,NA,NA,CLSI,2013,26686880,NA,NA,NA
Staphylococcus,aureus,ERR418858,Susceptible,ERY,NA,NA,NA,NA,NA,CLSI,2013,26686880,NA,NA,NA
Staphylococcus,aureus,ERR418862,Susceptible,ERY,NA,NA,NA,NA,NA,CLSI,2013,26686880,NA,NA,NA
Staphylococcus,aureus,ERR418864,Susceptible,ERY,NA,NA,NA,NA,NA,CLSI,2013,26686880,NA,NA,NA
Staphylococcus,aureus,ERR418867,Susceptible,ERY,NA,NA,NA,NA,NA,CLSI,2013,26686880,NA,NA,NA
Staphylococcus,aureus,ERR418868,Susceptible,ERY,NA,NA,NA,NA,NA,CLSI,2013,26686880,NA,NA,NA
Staphylococcus,aureus,ERR418869,Susceptible,ERY,NA,NA,NA,NA,NA,CLSI,2013,26686880,NA,NA,NA
Staphylococcus,aureus,ERR418871,Susceptible,ERY,NA,NA,NA,NA,NA,CLSI,2013,26686880,NA,NA,NA
Staphylococcus,aureus,ERR418872,Resistant,ERY,NA,NA,NA,NA,NA,CLSI,2013,26686880,NA,NA,NA
Staphylococcus,aureus,ERR418877,Susceptible,ERY,NA,NA,NA,NA,NA,CLSI,2013,26686880,NA,NA,NA
Staphylococcus,aureus,ERR418878,Resistant,ERY,NA,NA,NA,NA,NA,CLSI,2013,26686880,NA,NA,NA
Staphylococcus,aureus,ERR418888,Susceptible,ERY,NA,NA,NA,NA,NA,CLSI,2013,26686880,NA,NA,NA
Staphylococcus,aureus,ERR418895,Resistant,ERY,NA,NA,NA,NA,NA,CLSI,2013,26686880,NA,NA,NA
Staphylococcus,aureus,ERR418900,Susceptible,ERY,NA,NA,NA,NA,NA,CLSI,2013,26686880,NA,NA,NA
Staphylococcus,aureus,ERR418907,Susceptible,ERY,NA,NA,NA,NA,NA,CLSI,2013,26686880,NA,NA,NA
Staphylococcus,aureus,ERR418921,Susceptible,ERY,NA,NA,NA,NA,NA,CLSI,2013,26686880,NA,NA,NA
Staphylococcus,aureus,ERR418923,Susceptible,ERY,NA,NA,NA,NA,NA,CLSI,2013,26686880,NA,NA,NA
Staphylococcus,aureus,ERR418927,Susceptible,ERY,NA,NA,NA,NA,NA,CLSI,2013,26686880,NA,NA,NA
Staphylococcus,aureus,ERR418928,Susceptible,ERY,NA,NA,NA,NA,NA,CLSI,2013,26686880,NA,NA,NA
Staphylococcus,aureus,ERR418929,Susceptible,ERY,NA,NA,NA,NA,NA,CLSI,2013,26686880,NA,NA,NA
Staphylococcus,aureus,ERR418930,Susceptible,ERY,NA,NA,NA,NA,NA,CLSI,2013,26686880,NA,NA,NA
Staphylococcus,aureus,ERR418933,Susceptible,ERY,NA,NA,NA,NA,NA,CLSI,2013,26686880,NA,NA,NA
Staphylococcus,aureus,ERR418938,Susceptible,ERY,NA,NA,NA,NA,NA,CLSI,2013,26686880,NA,NA,NA
Staphylococcus,aureus,ERR418940,Resistant,ERY,NA,NA,NA,NA,NA,CLSI,2013,26686880,NA,NA,NA
Staphylococcus,aureus,ERR418941,Resistant,ERY,NA,NA,NA,NA,NA,CLSI,2013,26686880,NA,NA,NA
Staphylococcus,aureus,ERR418943,Susceptible,ERY,NA,NA,NA,NA,NA,CLSI,2013,26686880,NA,NA,NA
Staphylococcus,aureus,ERR418944,Susceptible,ERY,NA,NA,NA,NA,NA,CLSI,2013,26686880,NA,NA,NA
Staphylococcus,aureus,ERR418946,Resistant,ERY,NA,NA,NA,NA,NA,CLSI,2013,26686880,NA,NA,NA
Staphylococcus,aureus,ERR418948,Resistant,ERY,NA,NA,NA,NA,NA,CLSI,2013,26686880,NA,NA,NA
Staphylococcus,aureus,ERR418949,Susceptible,ERY,NA,NA,NA,NA,NA,CLSI,2013,26686880,NA,NA,NA
Staphylococcus,aureus,ERR418954,Resistant,ERY,NA,NA,NA,NA,NA,CLSI,2013,26686880,NA,NA,NA
Staphylococcus,aureus,ERR418955,Resistant,ERY,NA,NA,NA,NA,NA,CLSI,2013,26686880,NA,NA,NA
Staphylococcus,aureus,ERR418957,Resistant,ERY,NA,NA,NA,NA,NA,CLSI,2013,26686880,NA,NA,NA
Staphylococcus,aureus,ERR418962,Susceptible,ERY,NA,NA,NA,NA,NA,CLSI,2013,26686880,NA,NA,NA
Staphylococcus,aureus,ERR418965,Resistant,ERY,NA,NA,NA,NA,NA,CLSI,2013,26686880,NA,NA,NA
Staphylococcus,aureus,ERR418971,Resistant,ERY,NA,NA,NA,NA,NA,CLSI,2013,26686880,NA,NA,NA
Staphylococcus,aureus,ERR418972,Susceptible,ERY,NA,NA,NA,NA,NA,CLSI,2013,26686880,NA,NA,NA
Staphylococcus,aureus,ERR418974,Resistant,ERY,NA,NA,NA,NA,NA,CLSI,2013,26686880,NA,NA,NA
Staphylococcus,aureus,ERR418976,Resistant,ERY,NA,NA,NA,NA,NA,CLSI,2013,26686880,NA,NA,NA
Staphylococcus,aureus,ERR418977,Susceptible,ERY,NA,NA,NA,NA,NA,CLSI,2013,26686880,NA,NA,NA
Staphylococcus,aureus,ERR418978,Susceptible,ERY,NA,NA,NA,NA,NA,CLSI,2013,26686880,NA,NA,NA
Staphylococcus,aureus,ERR418982,Susceptible,ERY,NA,NA,NA,NA,NA,CLSI,2013,26686880,NA,NA,NA
Staphylococcus,aureus,ERR418983,Susceptible,ERY,NA,NA,NA,NA,NA,CLSI,2013,26686880,NA,NA,NA
Staphylococcus,aureus,ERR418986,Susceptible,ERY,NA,NA,NA,NA,NA,CLSI,2013,26686880,NA,NA,NA
Staphylococcus,aureus,ERR418987,Susceptible,ERY,NA,NA,NA,NA,NA,CLSI,2013,26686880,NA,NA,NA
Staphylococcus,aureus,ERR418990,Resistant,ERY,NA,NA,NA,NA,NA,CLSI,2013,26686880,NA,NA,NA
Staphylococcus,aureus,ERR418991,Resistant,ERY,NA,NA,NA,NA,NA,CLSI,2013,26686880,NA,NA,NA
Staphylococcus,aureus,ERR418993,Susceptible,ERY,NA,NA,NA,NA,NA,CLSI,2013,26686880,NA,NA,NA
Staphylococcus,aureus,ERR418994,Susceptible,ERY,NA,NA,NA,NA,NA,CLSI,2013,26686880,NA,NA,NA
Staphylococcus,aureus,ERR418998,Susceptible,ERY,NA,NA,NA,NA,NA,CLSI,2013,26686880,NA,NA,NA
Staphylococcus,aureus,ERR418999,Susceptible,ERY,NA,NA,NA,NA,NA,CLSI,2013,26686880,NA,NA,NA
Staphylococcus,aureus,ERR419002,Susceptible,ERY,NA,NA,NA,NA,NA,CLSI,2013,26686880,NA,NA,NA
Staphylococcus,aureus,ERR419004,Susceptible,ERY,NA,NA,NA,NA,NA,CLSI,2013,26686880,NA,NA,NA
Staphylococcus,aureus,ERR419005,Resistant,ERY,NA,NA,NA,NA,NA,CLSI,2013,26686880,NA,NA,NA
Staphylococcus,aureus,ERR419006,Susceptible,ERY,NA,NA,NA,NA,NA,CLSI,2013,26686880,NA,NA,NA
Staphylococcus,aureus,ERR419011,Resistant,ERY,NA,NA,NA,NA,NA,CLSI,2013,26686880,NA,NA,NA
Staphylococcus,aureus,ERR419014,Susceptible,ERY,NA,NA,NA,NA,NA,CLSI,2013,26686880,NA,NA,NA
Staphylococcus,aureus,ERR419019,Susceptible,ERY,NA,NA,NA,NA,NA,CLSI,2013,26686880,NA,NA,NA
Staphylococcus,aureus,ERR419021,Susceptible,ERY,NA,NA,NA,NA,NA,CLSI,2013,26686880,NA,NA,NA
Staphylococcus,aureus,ERR419025,Resistant,ERY,NA,NA,NA,NA,NA,CLSI,2013,26686880,NA,NA,NA
Staphylococcus,aureus,ERR419026,Resistant,ERY,NA,NA,NA,NA,NA,CLSI,2013,26686880,NA,NA,NA
Staphylococcus,aureus,ERR419028,Susceptible,ERY,NA,NA,NA,NA,NA,CLSI,2013,26686880,NA,NA,NA
Staphylococcus,aureus,ERR419036,Susceptible,ERY,NA,NA,NA,NA,NA,CLSI,2013,26686880,NA,NA,NA
Staphylococcus,aureus,ERR419039,Resistant,ERY,NA,NA,NA,NA,NA,CLSI,2013,26686880,NA,NA,NA
Staphylococcus,aureus,ERR419041,Susceptible,ERY,NA,NA,NA,NA,NA,CLSI,2013,26686880,NA,NA,NA
Staphylococcus,aureus,ERR419052,Resistant,ERY,NA,NA,NA,NA,NA,CLSI,2013,26686880,NA,NA,NA
Staphylococcus,aureus,ERR419055,Susceptible,ERY,NA,NA,NA,NA,NA,CLSI,2013,26686880,NA,NA,NA
Staphylococcus,aureus,ERR419056,Susceptible,ERY,NA,NA,NA,NA,NA,CLSI,2013,26686880,NA,NA,NA
Staphylococcus,aureus,ERR419060,Resistant,ERY,NA,NA,NA,NA,NA,CLSI,2013,26686880,NA,NA,NA
Staphylococcus,aureus,ERR419063,Susceptible,ERY,NA,NA,NA,NA,NA,CLSI,2013,26686880,NA,NA,NA
Staphylococcus,aureus,ERR419065,Susceptible,ERY,NA,NA,NA,NA,NA,CLSI,2013,26686880,NA,NA,NA
Staphylococcus,aureus,ERR419067,Susceptible,ERY,NA,NA,NA,NA,NA,CLSI,2013,26686880,NA,NA,NA
Staphylococcus,aureus,ERR419068,Susceptible,ERY,NA,NA,NA,NA,NA,CLSI,2013,26686880,NA,NA,NA
Staphylococcus,aureus,ERR419071,Resistant,ERY,NA,NA,NA,NA,NA,CLSI,2013,26686880,NA,NA,NA
Staphylococcus,aureus,ERR419074,Susceptible,ERY,NA,NA,NA,NA,NA,CLSI,2013,26686880,NA,NA,NA
Staphylococcus,aureus,ERR419075,Resistant,ERY,NA,NA,NA,NA,NA,CLSI,2013,26686880,NA,NA,NA
Staphylococcus,aureus,ERR419079,Susceptible,ERY,NA,NA,NA,NA,NA,CLSI,2013,26686880,NA,NA,NA
Staphylococcus,aureus,ERR419081,Susceptible,ERY,NA,NA,NA,NA,NA,CLSI,2013,26686880,NA,NA,NA
Staphylococcus,aureus,ERR419083,Susceptible,ERY,NA,NA,NA,NA,NA,CLSI,2013,26686880,NA,NA,NA
Staphylococcus,aureus,ERR419085,Susceptible,ERY,NA,NA,NA,NA,NA,CLSI,2013,26686880,NA,NA,NA
Staphylococcus,aureus,ERR419087,Susceptible,ERY,NA,NA,NA,NA,NA,CLSI,2013,26686880,NA,NA,NA
Staphylococcus,aureus,ERR419089,Resistant,ERY,NA,NA,NA,NA,NA,CLSI,2013,26686880,NA,NA,NA
Staphylococcus,aureus,ERR419092,Susceptible,ERY,NA,NA,NA,NA,NA,CLSI,2013,26686880,NA,NA,NA
Staphylococcus,aureus,ERR419093,Susceptible,ERY,NA,NA,NA,NA,NA,CLSI,2013,26686880,NA,NA,NA
Staphylococcus,aureus,ERR419095,Susceptible,ERY,NA,NA,NA,NA,NA,CLSI,2013,26686880,NA,NA,NA
Staphylococcus,aureus,ERR419096,Susceptible,ERY,NA,NA,NA,NA,NA,CLSI,2013,26686880,NA,NA,NA
Staphylococcus,aureus,ERR419097,Resistant,ERY,NA,NA,NA,NA,NA,CLSI,2013,26686880,NA,NA,NA
Staphylococcus,aureus,ERR419099,Susceptible,ERY,NA,NA,NA,NA,NA,CLSI,2013,26686880,NA,NA,NA
Staphylococcus,aureus,ERR419104,Susceptible,ERY,NA,NA,NA,NA,NA,CLSI,2013,26686880,NA,NA,NA
Staphylococcus,aureus,ERR419105,Susceptible,ERY,NA,NA,NA,NA,NA,CLSI,2013,26686880,NA,NA,NA
Staphylococcus,aureus,ERR419107,Resistant,ERY,NA,NA,NA,NA,NA,CLSI,2013,26686880,NA,NA,NA
Staphylococcus,aureus,ERR419108,Resistant,ERY,NA,NA,NA,NA,NA,CLSI,2013,26686880,NA,NA,NA
Staphylococcus,aureus,ERR419115,Susceptible,ERY,NA,NA,NA,NA,NA,CLSI,2013,26686880,NA,NA,NA
Staphylococcus,aureus,ERR419118,Susceptible,ERY,NA,NA,NA,NA,NA,CLSI,2013,26686880,NA,NA,NA
Staphylococcus,aureus,ERR419119,Susceptible,ERY,NA,NA,NA,NA,NA,CLSI,2013,26686880,NA,NA,NA
Staphylococcus,aureus,ERR419120,Susceptible,ERY,NA,NA,NA,NA,NA,CLSI,2013,26686880,NA,NA,NA
Staphylococcus,aureus,ERR419126,Susceptible,ERY,NA,NA,NA,NA,NA,CLSI,2013,26686880,NA,NA,NA
Staphylococcus,aureus,ERR419130,Resistant,ERY,NA,NA,NA,NA,NA,CLSI,2013,26686880,NA,NA,NA
Staphylococcus,aureus,ERR419139,Susceptible,ERY,NA,NA,NA,NA,NA,CLSI,2013,26686880,NA,NA,NA
Staphylococcus,aureus,ERR419148,Susceptible,ERY,NA,NA,NA,NA,NA,CLSI,2013,26686880,NA,NA,NA
Staphylococcus,aureus,ERR419149,Susceptible,ERY,NA,NA,NA,NA,NA,CLSI,2013,26686880,NA,NA,NA
Staphylococcus,aureus,ERR419154,Susceptible,ERY,NA,NA,NA,NA,NA,CLSI,2013,26686880,NA,NA,NA
Staphylococcus,aureus,ERR419155,Susceptible,ERY,NA,NA,NA,NA,NA,CLSI,2013,26686880,NA,NA,NA
Staphylococcus,aureus,ERR419157,Susceptible,ERY,NA,NA,NA,NA,NA,CLSI,2013,26686880,NA,NA,NA
Staphylococcus,aureus,ERR419164,Susceptible,ERY,NA,NA,NA,NA,NA,CLSI,2013,26686880,NA,NA,NA
Staphylococcus,aureus,ERR419167,Susceptible,ERY,NA,NA,NA,NA,NA,CLSI,2013,26686880,NA,NA,NA
Staphylococcus,aureus,ERR419168,Resistant,ERY,NA,NA,NA,NA,NA,CLSI,2013,26686880,NA,NA,NA
Staphylococcus,aureus,ERR419170,Susceptible,ERY,NA,NA,NA,NA,NA,CLSI,2013,26686880,NA,NA,NA
Staphylococcus,aureus,ERR419174,Susceptible,ERY,NA,NA,NA,NA,NA,CLSI,2013,26686880,NA,NA,NA
Staphylococcus,aureus,ERR419175,Susceptible,ERY,NA,NA,NA,NA,NA,CLSI,2013,26686880,NA,NA,NA
Staphylococcus,aureus,ERR419181,Resistant,ERY,NA,NA,NA,NA,NA,CLSI,2013,26686880,NA,NA,NA
Staphylococcus,aureus,ERR419193,Susceptible,ERY,NA,NA,NA,NA,NA,CLSI,2013,26686880,NA,NA,NA
Staphylococcus,aureus,ERR419199,Susceptible,ERY,NA,NA,NA,NA,NA,CLSI,2013,26686880,NA,NA,NA
Staphylococcus,aureus,ERR419201,Resistant,ERY,NA,NA,NA,NA,NA,CLSI,2013,26686880,NA,NA,NA
Staphylococcus,aureus,ERR419202,Susceptible,ERY,NA,NA,NA,NA,NA,CLSI,2013,26686880,NA,NA,NA
Staphylococcus,aureus,ERR419208,Susceptible,ERY,NA,NA,NA,NA,NA,CLSI,2013,26686880,NA,NA,NA
Staphylococcus,aureus,ERR419210,Susceptible,ERY,NA,NA,NA,NA,NA,CLSI,2013,26686880,NA,NA,NA
Staphylococcus,aureus,ERR419214,Resistant,ERY,NA,NA,NA,NA,NA,CLSI,2013,26686880,NA,NA,NA
Staphylococcus,aureus,ERR419217,Susceptible,ERY,NA,NA,NA,NA,NA,CLSI,2013,26686880,NA,NA,NA
Staphylococcus,aureus,ERR419218,Susceptible,ERY,NA,NA,NA,NA,NA,CLSI,2013,26686880,NA,NA,NA
Staphylococcus,aureus,ERR419220,Susceptible,ERY,NA,NA,NA,NA,NA,CLSI,2013,26686880,NA,NA,NA
Staphylococcus,aureus,ERR419223,Resistant,ERY,NA,NA,NA,NA,NA,CLSI,2013,26686880,NA,NA,NA
Staphylococcus,aureus,ERR419225,Susceptible,ERY,NA,NA,NA,NA,NA,CLSI,2013,26686880,NA,NA,NA
Staphylococcus,aureus,ERR419226,Susceptible,ERY,NA,NA,NA,NA,NA,CLSI,2013,26686880,NA,NA,NA
Staphylococcus,aureus,ERR419236,Susceptible,ERY,NA,NA,NA,NA,NA,CLSI,2013,26686880,NA,NA,NA
Staphylococcus,aureus,ERR419237,Susceptible,ERY,NA,NA,NA,NA,NA,CLSI,2013,26686880,NA,NA,NA
Neisseria,gonorrhoeae,ERR449457,Intermediate,TET,NA,0.38,mg/L,Disk diffusion,E-test,CLSI,2013,31358980,NA,Pakistan,NA
Neisseria,gonorrhoeae,ERR449459,Intermediate,TET,NA,0.5,mg/L,Disk diffusion,E-test,CLSI,2013,31358980,NA,Pakistan,NA
Neisseria,gonorrhoeae,ERR449461,Susceptible,TET,NA,0.125,mg/L,Disk diffusion,E-test,CLSI,2013,31358980,NA,Pakistan,NA
Neisseria,gonorrhoeae,ERR449468,Susceptible,TET,NA,0.125,mg/L,Disk diffusion,E-test,CLSI,2013,31358980,NA,Viet Nam,NA
Neisseria,gonorrhoeae,ERR449469,Intermediate,TET,NA,0.38,mg/L,Disk diffusion,E-test,CLSI,2013,31358980,NA,Viet Nam,NA
Neisseria,gonorrhoeae,ERR449480,Resistant,TET,NA,12,mg/L,Disk diffusion,E-test,CLSI,2013,31358980,NA,Gambia,NA
Neisseria,gonorrhoeae,ERR449481,Intermediate,TET,NA,1,mg/L,Disk diffusion,E-test,CLSI,2013,31358980,NA,South Africa,NA
Neisseria,gonorrhoeae,ERR449484,Resistant,TET,NA,16,mg/L,Disk diffusion,E-test,CLSI,2013,31358980,NA,Tanzania,NA
Neisseria,gonorrhoeae,ERR449485,Susceptible,TET,NA,0.125,mg/L,Disk diffusion,E-test,CLSI,2013,31358980,NA,Cape Verde,NA
Neisseria,gonorrhoeae,ERR449486,Susceptible,TET,NA,0.125,mg/L,Disk diffusion,E-test,CLSI,2013,31358980,NA,Cape Verde,NA
Neisseria,gonorrhoeae,ERR449487,Resistant,TET,NA,16,mg/L,Disk diffusion,E-test,CLSI,2013,31358980,NA,Gambia,NA
Neisseria,gonorrhoeae,ERR449488,Resistant,TET,NA,16,mg/L,Disk diffusion,E-test,CLSI,2013,31358980,NA,Gambia,NA
Neisseria,gonorrhoeae,ERR449489,Resistant,TET,NA,16,mg/L,Disk diffusion,E-test,CLSI,2013,31358980,NA,Gambia,NA
Neisseria,gonorrhoeae,ERR449492,Susceptible,TET,NA,0.094,mg/L,Disk diffusion,E-test,CLSI,2013,31358980,NA,Tanzania,NA
Neisseria,gonorrhoeae,ERR449493,Susceptible,TET,NA,0.047,mg/L,Disk diffusion,E-test,CLSI,2013,31358980,NA,Uganda,NA
Neisseria,gonorrhoeae,ERR449494,Susceptible,TET,NA,0.19,mg/L,Disk diffusion,E-test,CLSI,2013,31358980,NA,Angola,NA
Neisseria,gonorrhoeae,ERR449495,Resistant,TET,NA,24,mg/L,Disk diffusion,E-test,CLSI,2013,31358980,NA,Gambia,NA
Neisseria,gonorrhoeae,ERR449496,Susceptible,TET,NA,0.125,mg/L,Disk diffusion,E-test,CLSI,2013,31358980,NA,Guinea,NA
Neisseria,gonorrhoeae,ERR449497,Intermediate,TET,NA,1,mg/L,Disk diffusion,E-test,CLSI,2013,31358980,NA,Morocco,NA
Neisseria,gonorrhoeae,ERR449501,Resistant,TET,NA,24,mg/L,Disk diffusion,E-test,CLSI,2013,31358980,NA,Guinea-Bissau,NA
Neisseria,gonorrhoeae,ERR449502,Intermediate,TET,NA,0.38,mg/L,Disk diffusion,E-test,CLSI,2013,31358980,NA,Guinea-Bissau,NA
Neisseria,gonorrhoeae,ERR449503,Resistant,TET,NA,12,mg/L,Disk diffusion,E-test,CLSI,2013,31358980,NA,Guinea-Bissau,NA
Neisseria,gonorrhoeae,ERR449505,Intermediate,TET,NA,1,mg/L,Disk diffusion,E-test,CLSI,2013,31358980,NA,Guinea-Bissau,NA
Neisseria,gonorrhoeae,ERR449506,Susceptible,TET,NA,0.25,mg/L,Disk diffusion,E-test,CLSI,2013,31358980,NA,Guinea-Bissau,NA
Neisseria,gonorrhoeae,ERR449510,Susceptible,TET,NA,0.19,mg/L,Disk diffusion,E-test,CLSI,2013,31358980,NA,Guinea-Bissau,NA
Neisseria,gonorrhoeae,ERR449511,Susceptible,TET,NA,0.25,mg/L,Disk diffusion,E-test,CLSI,2013,31358980,NA,Guinea-Bissau,NA
Neisseria,gonorrhoeae,ERR449512,Susceptible,TET,NA,0.125,mg/L,Disk diffusion,E-test,CLSI,2013,31358980,NA,Guinea-Bissau,NA
Neisseria,gonorrhoeae,ERR449521,Susceptible,TET,NA,0.19,mg/L,Disk diffusion,E-test,CLSI,2013,31358980,NA,Guinea-Bissau,NA
Klebsiella,pneumoniae,ERR474467,Resistant,GEN,NA,256,mg/L,Agar dilution,NA,CLSI,2013,28223459,Blood,United Kingdom,NA
Klebsiella,pneumoniae,ERR474468,Susceptible,GEN,NA,1,mg/L,Agar dilution,NA,CLSI,2013,28223459,Blood,United Kingdom,NA
Klebsiella,pneumoniae,ERR474483,Susceptible,GEN,NA,0.5,mg/L,Agar dilution,NA,CLSI,2013,28223459,Blood,United Kingdom,NA
Klebsiella,pneumoniae,ERR474494,Susceptible,GEN,NA,0.5,mg/L,Agar dilution,NA,CLSI,2013,28223459,Blood,United Kingdom,NA
Klebsiella,pneumoniae,ERR474498,Susceptible,GEN,NA,0.5,mg/L,Agar dilution,NA,CLSI,2013,28223459,Blood,United Kingdom,NA
Klebsiella,pneumoniae,ERR474500,Resistant,GEN,NA,128,mg/L,Agar dilution,NA,CLSI,2013,28223459,Blood,United Kingdom,NA
Klebsiella,pneumoniae,ERR474508,Susceptible,GEN,NA,0.5,mg/L,Agar dilution,NA,CLSI,2013,28223459,Blood,United Kingdom,NA
Klebsiella,pneumoniae,ERR474520,Resistant,GEN,NA,128,mg/L,Agar dilution,NA,CLSI,2013,28223459,Blood,United Kingdom,NA
Klebsiella,pneumoniae,ERR474538,Resistant,GEN,NA,128,mg/L,Agar dilution,NA,CLSI,2013,28223459,Blood,United Kingdom,NA
Klebsiella,pneumoniae,ERR474543,Susceptible,GEN,NA,0.5,mg/L,Agar dilution,NA,CLSI,2013,28223459,Blood,United Kingdom,NA
Klebsiella,pneumoniae,ERR474547,Resistant,GEN,NA,64,mg/L,Agar dilution,NA,CLSI,2013,28223459,Blood,United Kingdom,NA
Neisseria,gonorrhoeae,ERR485167,Susceptible,TET,NA,0.125,mg/L,Disk diffusion,E-test,CLSI,2013,31358980,NA,Spain,NA
Neisseria,gonorrhoeae,ERR485168,Susceptible,TET,NA,0.25,mg/L,Disk diffusion,E-test,CLSI,2013,31358980,NA,United Kingdom,NA
Neisseria,gonorrhoeae,ERR485170,Intermediate,TET,NA,1.5,mg/L,Disk diffusion,E-test,CLSI,2013,31358980,NA,Slovenia,NA
Neisseria,gonorrhoeae,ERR485171,Resistant,TET,NA,2,mg/L,Disk diffusion,E-test,CLSI,2013,31358980,NA,Poland,NA
Klebsiella,pneumoniae,ERR486274,Resistant,GEN,NA,128,mg/L,Agar dilution,NA,CLSI,2013,28223459,Blood,United Kingdom,NA
Klebsiella,pneumoniae,ERR486289,Resistant,GEN,NA,64,mg/L,Agar dilution,NA,CLSI,2013,28223459,Blood,United Kingdom,NA
Klebsiella,pneumoniae,ERR486298,Susceptible,GEN,NA,1,mg/L,Agar dilution,NA,CLSI,2013,28223459,Blood,United Kingdom,NA
Klebsiella,pneumoniae,ERR486337,Resistant,GEN,NA,64,mg/L,Agar dilution,NA,CLSI,2013,28223459,Blood,United Kingdom,NA
Klebsiella,pneumoniae,ERR486343,Resistant,GEN,NA,64,mg/L,Agar dilution,NA,CLSI,2013,28223459,Blood,United Kingdom,NA
Klebsiella,pneumoniae,ERR486347,Susceptible,GEN,NA,0.5,mg/L,Agar dilution,NA,CLSI,2013,28223459,Blood,United Kingdom,NA
Klebsiella,pneumoniae,ERR486349,Resistant,GEN,NA,32,mg/L,Agar dilution,NA,CLSI,2013,28223459,Blood,United Kingdom,NA
Klebsiella,pneumoniae,ERR486351,Susceptible,GEN,NA,1,mg/L,Agar dilution,NA,CLSI,2013,28223459,Blood,United Kingdom,NA
Klebsiella,pneumoniae,ERR486353,Resistant,GEN,NA,128,mg/L,Agar dilution,NA,CLSI,2013,28223459,Blood,United Kingdom,NA
Klebsiella,pneumoniae,ERR486356,Resistant,GEN,NA,64,mg/L,Agar dilution,NA,CLSI,2013,28223459,Blood,United Kingdom,NA
Klebsiella,pneumoniae,ERR486359,Resistant,GEN,NA,128,mg/L,Agar dilution,NA,CLSI,2013,28223459,Blood,United Kingdom,NA
Klebsiella,pneumoniae,ERR486366,Susceptible,GEN,NA,0.5,mg/L,Agar dilution,NA,CLSI,2013,28223459,Blood,United Kingdom,NA
Klebsiella,pneumoniae,ERR486370,Resistant,GEN,NA,8,mg/L,Agar dilution,NA,CLSI,2013,28223459,Blood,United Kingdom,NA
Klebsiella,pneumoniae,ERR486379,Resistant,GEN,NA,256,mg/L,Agar dilution,NA,CLSI,2013,28223459,Blood,United Kingdom,NA
Klebsiella,pneumoniae,ERR486390,Susceptible,GEN,NA,0.25,mg/L,Agar dilution,NA,CLSI,2013,28223459,Blood,United Kingdom,NA
Klebsiella,pneumoniae,ERR486396,Susceptible,GEN,NA,0.5,mg/L,Agar dilution,NA,CLSI,2013,28223459,Blood,United Kingdom,NA
Klebsiella,pneumoniae,ERR486407,Susceptible,GEN,NA,0.5,mg/L,Agar dilution,NA,CLSI,2013,28223459,Blood,United Kingdom,NA
Klebsiella,pneumoniae,ERR486408,Resistant,GEN,NA,256,mg/L,Agar dilution,NA,CLSI,2013,28223459,Blood,United Kingdom,NA
Klebsiella,pneumoniae,ERR486416,Resistant,GEN,NA,64,mg/L,Agar dilution,NA,CLSI,2013,28223459,Blood,United Kingdom,NA
Klebsiella,pneumoniae,ERR486420,Resistant,GEN,NA,64,mg/L,Agar dilution,NA,CLSI,2013,28223459,bacterial isolates collected,United Kingdom,NA
Klebsiella,pneumoniae,ERR486456,Susceptible,GEN,NA,0.25,mg/L,Agar dilution,NA,CLSI,2013,28223459,Blood,United Kingdom,NA
Klebsiella,pneumoniae,ERR486463,Resistant,GEN,NA,128,mg/L,Agar dilution,NA,CLSI,2013,28223459,Blood,United Kingdom,NA
Klebsiella,pneumoniae,ERR486470,Resistant,GEN,NA,8,mg/L,Agar dilution,NA,CLSI,2013,28223459,Blood,United Kingdom,NA
Klebsiella,pneumoniae,ERR486500,Resistant,GEN,NA,128,mg/L,Agar dilution,NA,CLSI,2013,28223459,Blood,United Kingdom,NA
Klebsiella,pneumoniae,ERR486502,Resistant,GEN,NA,64,mg/L,Agar dilution,NA,CLSI,2013,28223459,Blood,United Kingdom,NA
Klebsiella,pneumoniae,ERR486510,Susceptible,GEN,NA,0.25,mg/L,Agar dilution,NA,CLSI,2013,28223459,Blood,United Kingdom,NA
Klebsiella,pneumoniae,ERR486513,Susceptible,GEN,NA,1,mg/L,Agar dilution,NA,CLSI,2013,28223459,Blood,United Kingdom,NA
Klebsiella,pneumoniae,ERR486749,Resistant,GEN,NA,256,mg/L,Agar dilution,NA,CLSI,2013,28223459,Blood,United Kingdom,NA
Klebsiella,pneumoniae,ERR486764,Resistant,GEN,NA,8,mg/L,Agar dilution,NA,CLSI,2013,28223459,Blood,United Kingdom,NA
Klebsiella,pneumoniae,ERR486766,Susceptible,GEN,NA,0.5,mg/L,Agar dilution,NA,CLSI,2013,28223459,Blood,United Kingdom,NA
Klebsiella,pneumoniae,ERR486770,Resistant,GEN,NA,64,mg/L,Agar dilution,NA,CLSI,2013,28223459,Blood,United Kingdom,NA
Klebsiella,pneumoniae,ERR486776,Resistant,GEN,NA,64,mg/L,Agar dilution,NA,CLSI,2013,28223459,Blood,United Kingdom,NA
Klebsiella,pneumoniae,ERR486781,Resistant,GEN,NA,128,mg/L,Agar dilution,NA,CLSI,2013,28223459,Blood,United Kingdom,NA
Klebsiella,pneumoniae,ERR486787,Susceptible,GEN,NA,0.25,mg/L,Agar dilution,NA,CLSI,2013,28223459,Blood,United Kingdom,NA
Klebsiella,pneumoniae,ERR486788,Susceptible,GEN,NA,0.25,mg/L,Agar dilution,NA,CLSI,2013,28223459,Blood,United Kingdom,NA
Klebsiella,pneumoniae,ERR486798,Resistant,GEN,NA,64,mg/L,Agar dilution,NA,CLSI,2013,28223459,Blood,United Kingdom,NA
Klebsiella,pneumoniae,ERR486799,Susceptible,GEN,NA,0.25,mg/L,Agar dilution,NA,CLSI,2013,28223459,Blood,United Kingdom,NA
Neisseria,gonorrhoeae,ERR502238,Intermediate,TET,NA,0.75,mg/L,Disk diffusion,E-test,CLSI,2013,31358980,NA,Cote dIvoire,NA
Neisseria,gonorrhoeae,ERR502239,Susceptible,TET,NA,0.125,mg/L,Disk diffusion,E-test,CLSI,2013,31358980,NA,Cote dIvoire,NA
Klebsiella,pneumoniae,ERR775490,Resistant,GEN,NA,16,mg/L,Broth dilution,VITEK 2,CLSI,2013,30787414,Endotracheal tube,Pakistan,NA
Klebsiella,pneumoniae,ERR775502,Resistant,GEN,NA,16,mg/L,Broth dilution,VITEK 2,CLSI,2013,30787414,Peritoneal dialysis catheter,Pakistan,NA
Klebsiella,pneumoniae,ERR775509,Resistant,GEN,NA,16,mg/L,Broth dilution,VITEK 2,CLSI,2013,30787414,blood,Pakistan,NA
Klebsiella,pneumoniae,ERR775515,Resistant,GEN,NA,16,mg/L,Broth dilution,VITEK 2,CLSI,2013,30787414,blood,Pakistan,NA
Klebsiella,pneumoniae,ERR775518,Resistant,GEN,NA,16,mg/L,Broth dilution,VITEK 2,CLSI,2013,30787414,Endotracheal tube,Pakistan,NA
Klebsiella,pneumoniae,ERR775530,Resistant,GEN,NA,16,mg/L,Broth dilution,VITEK 2,CLSI,2013,30787414,Blood,Pakistan,NA
Klebsiella,pneumoniae,ERR775541,Resistant,GEN,NA,16,mg/L,Broth dilution,VITEK 2,CLSI,2013,30787414,Urine,Pakistan,NA
Klebsiella,pneumoniae,ERR775544,Intermediate,GEN,NA,4,mg/L,Broth dilution,VITEK 2,CLSI,2013,30787414,Blood,Pakistan,NA
Klebsiella,pneumoniae,ERR775546,Resistant,GEN,NA,16,mg/L,Broth dilution,VITEK 2,CLSI,2013,30787414,Urine,Pakistan,NA
Klebsiella,pneumoniae,ERR775609,Resistant,GEN,NA,16,mg/L,Broth dilution,VITEK 2,CLSI,2013,30787414,urine,Pakistan,NA
Klebsiella,pneumoniae,ERR775620,Resistant,GEN,NA,16,mg/L,Broth dilution,VITEK 2,CLSI,2013,30787414,Endotracheal tube,Pakistan,NA
Klebsiella,pneumoniae,ERR775624,Resistant,GEN,NA,16,mg/L,Broth dilution,VITEK 2,CLSI,2013,30787414,Blood,Pakistan,NA
Klebsiella,pneumoniae,ERR775629,Resistant,GEN,NA,16,mg/L,Broth dilution,VITEK 2,CLSI,2013,30787414,Peritoneal dialysis catheter,Pakistan,NA
Klebsiella,pneumoniae,ERR775633,Susceptible,GEN,<=,1,mg/L,Broth dilution,VITEK 2,CLSI,2013,30787414,Cerebrospinal fluid,Pakistan,NA
Klebsiella,pneumoniae,ERR775637,Resistant,GEN,NA,16,mg/L,Broth dilution,VITEK 2,CLSI,2013,30787414,Tracheal Secretions,Pakistan,NA
Klebsiella,pneumoniae,ERR775640,Susceptible,GEN,<=,1,mg/L,Broth dilution,VITEK 2,CLSI,2013,30787414,Cerebrospinal fluid,Pakistan,NA
Klebsiella,pneumoniae,ERR775653,Susceptible,GEN,<=,1,mg/L,Broth dilution,VITEK 2,CLSI,2013,30787414,Urine,Pakistan,NA
Klebsiella,pneumoniae,ERR775666,Susceptible,GEN,<=,1,mg/L,Broth dilution,VITEK 2,CLSI,2013,30787414,Plueral fluid,Pakistan,NA
Klebsiella,pneumoniae,ERR775669,Susceptible,GEN,<=,1,mg/L,Broth dilution,VITEK 2,CLSI,2013,30787414,Urine,Pakistan,NA
Klebsiella,pneumoniae,ERR775674,Resistant,GEN,NA,16,mg/L,Broth dilution,VITEK 2,CLSI,2013,30787414,Endotracheal tube,Pakistan,NA
Klebsiella,pneumoniae,ERR775675,Intermediate,GEN,NA,4,mg/L,Broth dilution,VITEK 2,CLSI,2013,30787414,Blood,Pakistan,NA
Klebsiella,pneumoniae,ERR775677,Resistant,GEN,NA,16,mg/L,Broth dilution,VITEK 2,CLSI,2013,30787414,Blood,Pakistan,NA
Klebsiella,pneumoniae,ERR775693,Susceptible,GEN,<=,1,mg/L,Broth dilution,VITEK 2,CLSI,2013,30787414,Urine,Pakistan,NA
Neisseria,gonorrhoeae,ERR976912,Susceptible,TET,NA,0.25,mg/L,Broth dilution,NA,CLSI,2013,29701830,NA,Kenya,NA
Neisseria,gonorrhoeae,ERR976915,Resistant,TET,NA,12,mg/L,Broth dilution,NA,CLSI,2013,29701830,NA,Kenya,NA
Neisseria,gonorrhoeae,ERR976961,Resistant,TET,NA,8,mg/L,Broth dilution,NA,CLSI,2013,29701830,NA,Kenya,NA
Neisseria,gonorrhoeae,ERR976965,Resistant,TET,NA,16,mg/L,Broth dilution,NA,CLSI,2013,29701830,NA,Kenya,NA
Staphylococcus,aureus,SRR073419,Resistant,ERY,Staphylococcus aureus subsp. aureus IS-189,NA,NA,NA,NA,CLSI,2013,NA,Respiratory,Iraq,NA
Pseudomonas,aeruginosa,SRR10037257,Resistant,CAZ,NA,128,mg/L,NA,NA,CLSI,2013,31530672,NA,USA,NA
Pseudomonas,aeruginosa,SRR10037258,Resistant,CAZ,NA,128,mg/L,NA,NA,CLSI,2013,31530672,NA,USA,NA
Pseudomonas,aeruginosa,SRR10037259,Resistant,CAZ,NA,128,mg/L,NA,NA,CLSI,2013,31530672,NA,USA,NA
Pseudomonas,aeruginosa,SRR10037260,Resistant,CAZ,NA,128,mg/L,NA,NA,CLSI,2013,31530672,NA,USA,NA
Pseudomonas,aeruginosa,SRR10037261,Resistant,CAZ,NA,128,mg/L,NA,NA,CLSI,2013,31530672,NA,USA,NA
Pseudomonas,aeruginosa,SRR10037262,Resistant,CAZ,NA,128,mg/L,NA,NA,CLSI,2013,31530672,NA,USA,NA
Pseudomonas,aeruginosa,SRR10037264,Susceptible,CAZ,NA,8,mg/L,NA,NA,CLSI,2013,31530672,NA,USA,NA
Pseudomonas,aeruginosa,SRR10037275,Susceptible,CAZ,NA,8,mg/L,NA,NA,CLSI,2013,31530672,NA,USA,NA
Pseudomonas,aeruginosa,SRR10037276,Susceptible,CAZ,NA,8,mg/L,NA,NA,CLSI,2013,31530672,NA,USA,NA
Escherichia,coli,SRR1010890,Resistant,GEN,Escherichia coli BIDMC 43a,8,mg/L,Broth dilution,NA,CLSI,2013,NA,Blood culture,USA,NA
Escherichia,coli,SRR1010892,Resistant,GEN,Escherichia coli BIDMC 43b,8,mg/L,Broth dilution,NA,CLSI,2013,NA,Blood culture,USA,NA
Escherichia,coli,SRR1010894,Susceptible,GEN,<=,1,mg/L,Broth dilution,NA,CLSI,2013,NA,Blood culture,USA,NA
Klebsiella,pneumoniae,SRR1010900,Resistant,GEN,Klebsiella pneumoniae BIDMC 45,8,mg/L,Broth dilution,NA,CLSI,2013,NA,Urine,USA,NA
Klebsiella,pneumoniae,SRR1010905,Resistant,GEN,Klebsiella pneumoniae BIDMC 46b,8,mg/L,Broth dilution,NA,CLSI,2013,NA,Urine,USA,NA
Klebsiella,pneumoniae,SRR1010917,Susceptible,GEN,<=,1,mg/L,Broth dilution,VITEK 2,CLSI,2013,-,urine,USA,NA
Klebsiella,pneumoniae,SRR1010923,Susceptible,GEN,<=,1,mg/L,Broth dilution,VITEK 2,CLSI,2013,NA,urine,USA,NA
Klebsiella,pneumoniae,SRR1010931,Susceptible,GEN,<=,1,mg/L,Broth dilution,VITEK 2,CLSI,2013,NA,urine,USA,NA
Klebsiella,pneumoniae,SRR1010939,Resistant,GEN,Klebsiella pneumoniae UCI 37,16,mg/L,Broth dilution,VITEK 2,CLSI,2013,NA,urine,USA,NA
Klebsiella,pneumoniae,SRR1010941,Intermediate,GEN,Klebsiella pneumoniae UCI 38,4,mg/L,Broth dilution,VITEK 2,CLSI,2013,NA,urine,USA,NA
Salmonella,enterica,SRR10992702,Resistant,GEN,NA,16,mg/L,Broth dilution,NA,CLSI,2013,NA,Ground Turkey,USA,NA
Salmonella,enterica,SRR10992704,Resistant,GEN,NA,16,mg/L,Broth dilution,NA,CLSI,2013,NA,Ground Turkey,USA,NA
Salmonella,enterica,SRR10992709,Resistant,GEN,NA,16,mg/L,Broth dilution,NA,CLSI,2013,32513803,Ground Turkey,USA,NA
Salmonella,enterica,SRR10992710,Resistant,GEN,NA,16,mg/L,Broth dilution,NA,CLSI,2013,32513803,Ground Turkey,USA,NA
Pseudomonas,aeruginosa,SRR11288320,Susceptible,CAZ,NA,2,mg/L,Broth dilution,NA,CLSI,2013,30530517,individually-maintained laboratory-adapted strain of PAO1 acquired from J. Goldberg,2003-07,NA
Pseudomonas,aeruginosa,SRR11288321,Susceptible,CAZ,NA,2,mg/L,Broth dilution,NA,CLSI,2013,30530517,individually-maintained laboratory-adapted strain of PAO1 acquired from H. Nikaido,NA,NA
Pseudomonas,aeruginosa,SRR11288322,Susceptible,CAZ,NA,1,mg/L,Broth dilution,NA,CLSI,2013,30530517,individually-maintained laboratory-adapted strain of PAO1 acquired from C. Manoil,2003-01,NA
Pseudomonas,aeruginosa,SRR11288323,Susceptible,CAZ,NA,0.25,mg/L,Broth dilution,NA,CLSI,2013,30530517,individually-maintained laboratory-adapted strain of PAO1 acquired from A. Prince,2003-11,NA
Pseudomonas,aeruginosa,SRR11288325,Susceptible,CAZ,NA,1,mg/L,Broth dilution,NA,CLSI,2013,30530517,individually-maintained laboratory-adapted strain of PAO1 acquired from E.P. Greenberg,2000-10,NA
Pseudomonas,aeruginosa,SRR11288326,Susceptible,CAZ,NA,1,mg/L,Broth dilution,NA,CLSI,2013,30530517,individually-maintained laboratory-adapted strain of PAO1 acquired from R. Hancock,2000-02,NA
Pseudomonas,aeruginosa,SRR11288327,Susceptible,CAZ,NA,1,mg/L,Broth dilution,NA,CLSI,2013,30530517,individually-maintained laboratory-adapted strain of PAO1 acquired from C. Manoil,2008-08,NA
Pseudomonas,aeruginosa,SRR11288328,Susceptible,CAZ,NA,4,mg/L,Broth dilution,NA,CLSI,2013,30530517,individually-maintained laboratory-adapted strain of PAO1 acquired from J. Burns,2000-02,NA
Pseudomonas,aeruginosa,SRR11288329,Susceptible,CAZ,NA,1,mg/L,Broth dilution,NA,CLSI,2013,30530517,individually-maintained laboratory-adapted strain of PAO1 acquired from D. Ohman,2001-05,NA
Klebsiella,pneumoniae,SRR1166945,Resistant,GEN,NA,8,mg/L,Broth dilution,NA,CLSI,2013,24639510,NA,USA,NA
Klebsiella,pneumoniae,SRR1166947,Resistant,GEN,NA,8,mg/L,Broth dilution,NA,CLSI,2013,24639510,NA,USA,NA
Klebsiella,pneumoniae,SRR1166954,Intermediate,GEN,NA,4,mg/L,Broth dilution,NA,CLSI,2013,24639510,NA,USA,NA
Klebsiella,pneumoniae,SRR1166957,Resistant,GEN,NA,8,mg/L,Broth dilution,NA,CLSI,2013,24639510,urine,USA,NA
Klebsiella,pneumoniae,SRR1166960,Resistant,GEN,NA,8,mg/L,Broth dilution,NA,CLSI,2013,24639510,sputum,USA,NA
Klebsiella,pneumoniae,SRR1166965,Resistant,GEN,NA,8,mg/L,Broth dilution,NA,CLSI,2013,24639510,NA,USA,NA
Klebsiella,pneumoniae,SRR1166971,Resistant,GEN,NA,8,mg/L,Broth dilution,NA,CLSI,2013,24639510,NA,Canada,NA
Klebsiella,pneumoniae,SRR1166977,Intermediate,GEN,NA,4,mg/L,Broth dilution,NA,CLSI,2013,24639510,urine,USA,NA
Klebsiella,pneumoniae,SRR1166982,Resistant,GEN,NA,8,mg/L,Broth dilution,NA,CLSI,2013,24639510,NA,USA,NA
Klebsiella,pneumoniae,SRR1166985,Resistant,GEN,NA,8,mg/L,Broth dilution,NA,CLSI,2013,24639510,urine,USA,NA
Klebsiella,pneumoniae,SRR1166987,Susceptible,GEN,NA,2,mg/L,Broth dilution,NA,CLSI,2013,24639510,NA,USA,NA
Klebsiella,pneumoniae,SRR1166993,Intermediate,GEN,NA,4,mg/L,Broth dilution,NA,CLSI,2013,24639510,NA,Italy,NA
Klebsiella,pneumoniae,SRR1167000,Susceptible,GEN,NA,2,mg/L,Broth dilution,NA,CLSI,2013,24639510,NA,USA,NA
Klebsiella,pneumoniae,SRR1167001,Resistant,GEN,NA,8,mg/L,Broth dilution,NA,CLSI,2013,24639510,Blood,USA,NA
Klebsiella,pneumoniae,SRR1167009,Resistant,GEN,NA,8,mg/L,Broth dilution,NA,CLSI,2013,24639510,Blood,USA,NA
Klebsiella,pneumoniae,SRR1167015,Resistant,GEN,NA,8,mg/L,Broth dilution,NA,CLSI,2013,24639510,Urine,USA,NA
Klebsiella,pneumoniae,SRR1167017,Resistant,GEN,NA,8,mg/L,Broth dilution,NA,CLSI,2013,24639510,NA,USA,NA
Klebsiella,pneumoniae,SRR1167020,Resistant,GEN,NA,8,mg/L,Broth dilution,NA,CLSI,2013,24639510,NA,Canada,NA
Klebsiella,pneumoniae,SRR1167023,Intermediate,GEN,NA,4,mg/L,Broth dilution,NA,CLSI,2013,24639510,NA,Colombia,NA
Klebsiella,pneumoniae,SRR1167024,Intermediate,GEN,NA,4,mg/L,Broth dilution,NA,CLSI,2013,24639510,NA,USA,NA
Klebsiella,pneumoniae,SRR1167026,Intermediate,GEN,NA,4,mg/L,Broth dilution,NA,CLSI,2013,24639510,urine,USA,NA
Escherichia,coli,SRR1173075,Resistant,GEN,NA,8,mg/L,Broth dilution,NA,CLSI,2013,-,urine,USA,NA
Escherichia,coli,SRR1173096,Susceptible,GEN,<=,1,mg/L,Broth dilution,NA,CLSI,2013,-,urine,USA,NA
Klebsiella,pneumoniae,SRR1173103,Susceptible,GEN,<=,1,mg/L,Broth dilution,VITEK 2,CLSI,2013,-,urine,USA,NA
Escherichia,coli,SRR1180761,Resistant,GEN,NA,16,mg/L,Broth dilution,VITEK 2,CLSI,2013,NA,urine,USA,NA
Escherichia,coli,SRR1180880,Susceptible,GEN,<=,1,mg/L,Broth dilution,VITEK 2,CLSI,2013,NA,aspirate,2013,NA
Escherichia,coli,SRR1181001,Resistant,GEN,NA,16,mg/L,Broth dilution,VITEK 2,CLSI,2013,NA,urine,USA,NA
Escherichia,coli,SRR1181064,Susceptible,GEN,<=,1,mg/L,Broth dilution,VITEK 2,CLSI,2013,NA,aspirate,2013,NA
Salmonella,enterica,SRR1181525,Susceptible,GEN,<=,0.25,mg/L,Broth dilution,Sensititre,CLSI,2013,30333126,Chicken Breast,USA,NA
Salmonella,enterica,SRR1185819,Susceptible,GEN,<=,0.25,mg/L,Broth dilution,Sensititre,CLSI,2013,30333126,Ground Turkey,USA,NA
Salmonella,enterica,SRR1185839,Resistant,GEN,NA,16,mg/L,Broth dilution,Sensititre,CLSI,2013,30333126,Chicken Breast,USA,NA
Escherichia,coli,SRR1187708,Susceptible,GEN,<=,1,mg/L,Broth dilution,NA,CLSI,2013,-,URINE,USA,NA
Escherichia,coli,SRR1187752,Resistant,GEN,NA,16,mg/L,Broth dilution,VITEK 2,CLSI,2013,NA,urine,USA,NA
Escherichia,coli,SRR1187763,Susceptible,GEN,<=,1,mg/L,Broth dilution,NA,CLSI,2013,-,URINE,USA,NA
Escherichia,coli,SRR1187772,Susceptible,GEN,<=,1,mg/L,Broth dilution,NA,CLSI,2013,-,URINE,USA,NA
Escherichia,coli,SRR1187774,Susceptible,GEN,<=,1,mg/L,Broth dilution,VITEK 2,CLSI,2013,-,urine,USA,NA
Escherichia,coli,SRR1187780,Susceptible,GEN,<=,1,mg/L,Broth dilution,NA,CLSI,2013,-,BRONCHOALVEOLAR LAVA,USA,NA
Escherichia,coli,SRR1187781,Susceptible,GEN,<=,1,mg/L,Broth dilution,NA,CLSI,2013,-,URINE,USA,NA
Escherichia,coli,SRR1187782,Susceptible,GEN,<=,1,mg/L,Broth dilution,NA,CLSI,2013,-,URINE,USA,NA
Escherichia,coli,SRR1187783,Susceptible,GEN,<=,1,mg/L,Broth dilution,NA,CLSI,2013,-,URINE,USA,NA
Escherichia,coli,SRR1187784,Resistant,GEN,NA,16,mg/L,Broth dilution,VITEK 2,CLSI,2013,NA,urine,USA,NA
Escherichia,coli,SRR1187790,Susceptible,GEN,<=,1,mg/L,Broth dilution,NA,CLSI,2013,-,ABSCESS,USA,NA
Escherichia,coli,SRR1187796,Susceptible,GEN,<=,1,mg/L,Broth dilution,NA,CLSI,2013,-,SWAB,USA,NA
Klebsiella,pneumoniae,SRR1187798,Susceptible,GEN,<=,1,mg/L,Broth dilution,NA,CLSI,2013,-,URINE,USA,NA
Escherichia,coli,SRR1187803,Susceptible,GEN,<=,1,mg/L,Broth dilution,NA,CLSI,2013,-,URINE,USA,NA
Acinetobacter,baumannii,SRR1187804,Resistant,CAZ,NA,32,mg/L,Broth dilution,NA,CLSI,2013,-,URINE,USA,NA
Escherichia,coli,SRR1187805,Susceptible,GEN,<=,1,mg/L,Broth dilution,VITEK 2,CLSI,2013,-,aspirate,NA,NA
Escherichia,coli,SRR1187810,Resistant,GEN,NA,8,mg/L,Broth dilution,NA,CLSI,2013,-,BLOOD CULTURE,USA,NA
Klebsiella,pneumoniae,SRR1187813,Intermediate,GEN,NA,4,mg/L,Broth dilution,VITEK 2,CLSI,2013,-,urine,USA,NA
Escherichia,coli,SRR1187819,Susceptible,GEN,<=,1,mg/L,Broth dilution,NA,CLSI,2013,-,URINE,USA,NA
Escherichia,coli,SRR1187820,Resistant,GEN,NA,16,mg/L,Broth dilution,VITEK 2,CLSI,2013,-,urine,USA,NA
Klebsiella,pneumoniae,SRR1187821,Intermediate,GEN,NA,4,mg/L,Broth dilution,NA,CLSI,2013,-,PERITONEAL FLUID,USA,NA
Klebsiella,pneumoniae,SRR1187823,Intermediate,GEN,NA,4,mg/L,Broth dilution,VITEK 2,CLSI,2013,-,wound,USA,NA
Escherichia,coli,SRR1187824,Susceptible,GEN,<=,1,mg/L,Broth dilution,NA,CLSI,2013,-,URINE,USA,NA
Escherichia,coli,SRR1187825,Susceptible,GEN,<=,1,mg/L,Broth dilution,NA,CLSI,2013,-,BLOOD CULTURE,USA,NA
Escherichia,coli,SRR1187826,Resistant,GEN,NA,16,mg/L,Broth dilution,VITEK 2,CLSI,2013,-,urine,USA,NA
Escherichia,coli,SRR1187834,Resistant,GEN,NA,16,mg/L,Broth dilution,VITEK 2,CLSI,2013,-,urine,USA,NA
Escherichia,coli,SRR1187837,Susceptible,GEN,<=,1,mg/L,Broth dilution,VITEK 2,CLSI,2013,NA,aspirate,2013,NA
Escherichia,coli,SRR1187838,Susceptible,GEN,<=,1,mg/L,Broth dilution,VITEK 2,CLSI,2013,NA,aspirate,2013,NA
Escherichia,coli,SRR1187841,Susceptible,GEN,<=,1,mg/L,Broth dilution,NA,CLSI,2013,-,URINE,USA,NA
Escherichia,coli,SRR1187842,Susceptible,GEN,<=,1,mg/L,Broth dilution,NA,CLSI,2013,-,URINE,USA,NA
Escherichia,coli,SRR1187848,Resistant,GEN,NA,16,mg/L,Broth dilution,VITEK 2,CLSI,2013,-,urine,USA,NA
Salmonella,enterica,SRR1195631,Susceptible,GEN,NA,0.5,mg/L,Broth dilution,Sensititre,CLSI,2013,30333126,Ground Turkey,USA,NA
Salmonella,enterica,SRR1200757,Susceptible,GEN,NA,0.5,mg/L,Broth dilution,Sensititre,CLSI,2013,30333126,Chicken Breast,USA,NA
Salmonella,enterica,SRR1200764,Susceptible,GEN,NA,0.5,mg/L,Broth dilution,Sensititre,CLSI,2013,30333126,Ground Turkey,USA,NA
Salmonella,enterica,SRR1203014,Susceptible,GEN,NA,0.5,mg/L,Broth dilution,Sensititre,CLSI,2013,30333126,Chicken Breast,USA,NA
Salmonella,enterica,SRR1203017,Susceptible,GEN,NA,0.5,mg/L,Broth dilution,Sensititre,CLSI,2013,30333126,Ground Beef,USA,NA
Salmonella,enterica,SRR1203019,Susceptible,GEN,<=,0.25,mg/L,Broth dilution,NA,CLSI,2013,30333126,Ground Beef,USA,NA
Salmonella,enterica,SRR1203028,Resistant,GEN,NA,8,mg/L,Broth dilution,Sensititre,CLSI,2013,30333126,Ground Turkey,USA,NA
Salmonella,enterica,SRR1203034,Susceptible,GEN,NA,0.5,mg/L,Broth dilution,Sensititre,CLSI,2013,30333126,Ground Turkey,USA,NA
Klebsiella,pneumoniae,SRR1204041,Susceptible,GEN,<=,1,mg/L,Broth dilution,VITEK 2,CLSI,2013,-,Urine,USA,NA
Escherichia,coli,SRR1204059,Susceptible,GEN,<=,1,mg/L,Broth dilution,VITEK 2,CLSI,2013,-,Wound abscess,USA,NA
Escherichia,coli,SRR1204067,Susceptible,GEN,<=,1,mg/L,Broth dilution,VITEK 2,CLSI,2013,-,Urine,USA,NA
Staphylococcus,aureus,SRR1206476,Susceptible,ERY,=,0.25,mg/L,NA,NA,CLSI,2013,NA,NA,USA,NA
Salmonella,enterica,SRR1220739,Resistant,GEN,NA,16,mg/L,Broth dilution,Sensititre,CLSI,2013,30333126,Pork Chop,USA,NA
Salmonella,enterica,SRR1220782,Resistant,GEN,NA,16,mg/L,Broth dilution,Sensititre,CLSI,2013,30333126,Pork Chop,USA,NA
Salmonella,enterica,SRR1257279,Resistant,GEN,NA,16,mg/L,Broth dilution,Sensititre,CLSI,2013,30333126,Ground Turkey,USA,NA
Salmonella,enterica,SRR1257301,Resistant,GEN,NA,16,mg/L,Broth dilution,Sensititre,CLSI,2013,30333126,Ground Turkey,USA,NA
Salmonella,enterica,SRR1272854,Susceptible,GEN,<=,0.25,mg/L,Broth dilution,Sensititre,CLSI,2013,30333126,Chicken Breast,USA,NA
Salmonella,enterica,SRR1299268,Resistant,GEN,NA,16,mg/L,Broth dilution,Sensititre,CLSI,2013,30333126,Chicken Breast,USA,NA
Salmonella,enterica,SRR1299286,Susceptible,GEN,<=,0.25,mg/L,Broth dilution,Sensititre,CLSI,2013,30333126,Chicken Breast,USA,NA
Salmonella,enterica,SRR1299423,Susceptible,GEN,<=,0.25,mg/L,Broth dilution,Sensititre,CLSI,2013,30333126,Ground Turkey,USA,NA
Salmonella,enterica,SRR1300555,Susceptible,GEN,<=,0.25,mg/L,Broth dilution,Sensititre,CLSI,2013,30333126,Ground Turkey,USA,NA
Salmonella,enterica,SRR1300613,Susceptible,GEN,NA,0.5,mg/L,Broth dilution,Sensititre,CLSI,2013,30333126,Ground Turkey,USA,NA
Salmonella,enterica,SRR1300653,Susceptible,GEN,NA,0.5,mg/L,Broth dilution,Sensititre,CLSI,2013,30333126,Chicken Breast,USA,NA
Salmonella,enterica,SRR1300663,Resistant,GEN,NA,16,mg/L,Broth dilution,NA,CLSI,2013,30333126,Ground Turkey,USA,NA
Salmonella,enterica,SRR1300722,Resistant,GEN,NA,16,mg/L,Broth dilution,NA,CLSI,2013,30333126,Ground Turkey,USA,NA
Salmonella,enterica,SRR1363285,Susceptible,GEN,<=,0.25,mg/L,Broth dilution,Sensititre,CLSI,2013,30333126,Ground Beef,USA,NA
Salmonella,enterica,SRR1363314,Resistant,GEN,NA,16,mg/L,Broth dilution,Sensititre,CLSI,2013,30333126,Ground Turkey,USA,NA
Klebsiella,pneumoniae,SRR1427238,Intermediate,GEN,Klebsiella pneumoniae subsp. pneumoniae KPNIH10,4,mg/L,Disk diffusion,E-test,CLSI,2013,22914622,NZ_CP007729.1,groin,NZ_CP007728.1
Campylobacter,jejuni,SRR15053977,Susceptible,TET,<=,4,mg/L,Broth dilution,NA,CLSI,CLSI,34867917,NA,NA,NA
Campylobacter,jejuni,SRR15053978,Susceptible,TET,<=,4,mg/L,Broth dilution,NA,CLSI,CLSI,34867917,NA,NA,NA
Campylobacter,jejuni,SRR15053979,Susceptible,TET,<=,4,mg/L,Broth dilution,NA,CLSI,CLSI,34867917,NA,NA,NA
Campylobacter,jejuni,SRR15053980,Susceptible,TET,<=,4,mg/L,Broth dilution,NA,CLSI,CLSI,34867917,NA,NA,NA
Campylobacter,jejuni,SRR15053981,Susceptible,TET,<=,4,mg/L,Broth dilution,NA,CLSI,CLSI,34867917,NA,NA,NA
Campylobacter,jejuni,SRR15053984,Susceptible,TET,<=,4,mg/L,Broth dilution,NA,CLSI,CLSI,34867917,NA,NA,NA
Campylobacter,jejuni,SRR15053985,Susceptible,TET,<=,4,mg/L,Broth dilution,NA,CLSI,CLSI,34867917,NA,NA,NA
Campylobacter,jejuni,SRR15053987,Susceptible,TET,<=,4,mg/L,Broth dilution,NA,CLSI,CLSI,34867917,NA,NA,NA
Campylobacter,jejuni,SRR15053992,Susceptible,TET,<=,4,mg/L,Broth dilution,NA,CLSI,CLSI,34867917,NA,NA,NA
Campylobacter,jejuni,SRR15054001,Susceptible,TET,<=,4,mg/L,Broth dilution,NA,CLSI,CLSI,34867917,NA,NA,NA
Campylobacter,jejuni,SRR15054002,Susceptible,TET,<=,4,mg/L,Broth dilution,NA,CLSI,CLSI,34867917,NA,NA,NA
Campylobacter,jejuni,SRR15054003,Susceptible,TET,<=,4,mg/L,Broth dilution,NA,CLSI,CLSI,34867917,NA,NA,NA
Campylobacter,jejuni,SRR15054008,Susceptible,TET,<=,4,mg/L,Broth dilution,NA,CLSI,CLSI,34867917,NA,NA,NA
Campylobacter,jejuni,SRR15054009,Susceptible,TET,<=,4,mg/L,Broth dilution,NA,CLSI,CLSI,34867917,NA,NA,NA
Campylobacter,jejuni,SRR15054010,Susceptible,TET,<=,4,mg/L,Broth dilution,NA,CLSI,CLSI,34867917,NA,NA,NA
Campylobacter,jejuni,SRR15054011,Susceptible,TET,<=,4,mg/L,Broth dilution,NA,CLSI,CLSI,34867917,NA,NA,NA
Campylobacter,jejuni,SRR15054013,Susceptible,TET,<=,4,mg/L,Broth dilution,NA,CLSI,CLSI,34867917,NA,NA,NA
Campylobacter,jejuni,SRR15054014,Susceptible,TET,<=,4,mg/L,Broth dilution,NA,CLSI,CLSI,34867917,NA,NA,NA
Campylobacter,jejuni,SRR15054015,Susceptible,TET,<=,4,mg/L,Broth dilution,NA,CLSI,CLSI,34867917,NA,NA,NA
Campylobacter,jejuni,SRR15054021,Susceptible,TET,<=,4,mg/L,Broth dilution,NA,CLSI,CLSI,34867917,NA,NA,NA
Campylobacter,jejuni,SRR15054024,Susceptible,TET,<=,4,mg/L,Broth dilution,NA,CLSI,CLSI,34867917,NA,NA,NA
Campylobacter,jejuni,SRR15054025,Susceptible,TET,<=,4,mg/L,Broth dilution,NA,CLSI,CLSI,34867917,NA,NA,NA
Campylobacter,jejuni,SRR15054028,Susceptible,TET,<=,4,mg/L,Broth dilution,NA,CLSI,CLSI,34867917,NA,NA,NA
Campylobacter,jejuni,SRR15054030,Susceptible,TET,<=,4,mg/L,Broth dilution,NA,CLSI,CLSI,34867917,NA,NA,NA
Campylobacter,jejuni,SRR15054032,Susceptible,TET,<=,4,mg/L,Broth dilution,NA,CLSI,CLSI,34867917,NA,NA,NA
Campylobacter,jejuni,SRR15054033,Susceptible,TET,<=,4,mg/L,Broth dilution,NA,CLSI,CLSI,34867917,NA,NA,NA
Campylobacter,jejuni,SRR15054034,Susceptible,TET,<=,4,mg/L,Broth dilution,NA,CLSI,CLSI,34867917,NA,NA,NA
Campylobacter,jejuni,SRR15054036,Susceptible,TET,<=,4,mg/L,Broth dilution,NA,CLSI,CLSI,34867917,NA,NA,NA
Campylobacter,jejuni,SRR15054038,Susceptible,TET,<=,4,mg/L,Broth dilution,NA,CLSI,CLSI,34867917,NA,NA,NA
Campylobacter,jejuni,SRR15054040,Susceptible,TET,<=,4,mg/L,Broth dilution,NA,CLSI,CLSI,34867917,NA,NA,NA
Campylobacter,jejuni,SRR15054041,Susceptible,TET,<=,4,mg/L,Broth dilution,NA,CLSI,CLSI,34867917,NA,NA,NA
Campylobacter,jejuni,SRR15054046,Susceptible,TET,<=,4,mg/L,Broth dilution,NA,CLSI,CLSI,34867917,NA,NA,NA
Campylobacter,jejuni,SRR15054048,Susceptible,TET,<=,4,mg/L,Broth dilution,NA,CLSI,CLSI,34867917,NA,NA,NA
Campylobacter,jejuni,SRR15054049,Susceptible,TET,<=,4,mg/L,Broth dilution,NA,CLSI,CLSI,34867917,NA,NA,NA
Campylobacter,jejuni,SRR15054054,Susceptible,TET,<=,4,mg/L,Broth dilution,NA,CLSI,CLSI,34867917,NA,NA,NA
Campylobacter,jejuni,SRR15054055,Susceptible,TET,<=,4,mg/L,Broth dilution,NA,CLSI,CLSI,34867917,NA,NA,NA
Campylobacter,jejuni,SRR15054056,Susceptible,TET,<=,4,mg/L,Broth dilution,NA,CLSI,CLSI,34867917,NA,NA,NA
Campylobacter,jejuni,SRR15054059,Susceptible,TET,<=,4,mg/L,Broth dilution,NA,CLSI,CLSI,34867917,NA,NA,NA
Campylobacter,jejuni,SRR15054062,Susceptible,TET,<=,4,mg/L,Broth dilution,NA,CLSI,CLSI,34867917,NA,NA,NA
Campylobacter,jejuni,SRR15054063,Susceptible,TET,<=,4,mg/L,Broth dilution,NA,CLSI,CLSI,34867917,NA,NA,NA
Campylobacter,jejuni,SRR15054065,Susceptible,TET,<=,4,mg/L,Broth dilution,NA,CLSI,CLSI,34867917,NA,NA,NA
Campylobacter,jejuni,SRR15054069,Susceptible,TET,<=,4,mg/L,Broth dilution,NA,CLSI,CLSI,34867917,NA,NA,NA
Campylobacter,jejuni,SRR15054071,Susceptible,TET,<=,4,mg/L,Broth dilution,NA,CLSI,CLSI,34867917,NA,NA,NA
Campylobacter,jejuni,SRR15054072,Susceptible,TET,<=,4,mg/L,Broth dilution,NA,CLSI,CLSI,34867917,NA,NA,NA
Campylobacter,jejuni,SRR15054073,Susceptible,TET,<=,4,mg/L,Broth dilution,NA,CLSI,CLSI,34867917,NA,NA,NA
Campylobacter,jejuni,SRR15054075,Susceptible,TET,<=,4,mg/L,Broth dilution,NA,CLSI,CLSI,34867917,NA,NA,NA
Campylobacter,jejuni,SRR15054079,Susceptible,TET,<=,4,mg/L,Broth dilution,NA,CLSI,CLSI,34867917,NA,NA,NA
Campylobacter,jejuni,SRR15054080,Susceptible,TET,<=,4,mg/L,Broth dilution,NA,CLSI,CLSI,34867917,NA,NA,NA
Campylobacter,jejuni,SRR15054082,Susceptible,TET,<=,4,mg/L,Broth dilution,NA,CLSI,CLSI,34867917,NA,NA,NA
Campylobacter,jejuni,SRR15054084,Susceptible,TET,<=,4,mg/L,Broth dilution,NA,CLSI,CLSI,34867917,NA,NA,NA
Campylobacter,jejuni,SRR15054088,Susceptible,TET,<=,4,mg/L,Broth dilution,NA,CLSI,CLSI,34867917,NA,NA,NA
Campylobacter,jejuni,SRR15054091,Susceptible,TET,<=,4,mg/L,Broth dilution,NA,CLSI,CLSI,34867917,NA,NA,NA
Campylobacter,jejuni,SRR15054094,Susceptible,TET,<=,4,mg/L,Broth dilution,NA,CLSI,CLSI,34867917,NA,NA,NA
Campylobacter,jejuni,SRR15054096,Susceptible,TET,<=,4,mg/L,Broth dilution,NA,CLSI,CLSI,34867917,NA,NA,NA
Campylobacter,jejuni,SRR15054097,Susceptible,TET,<=,4,mg/L,Broth dilution,NA,CLSI,CLSI,34867917,NA,NA,NA
Campylobacter,jejuni,SRR15054102,Susceptible,TET,<=,4,mg/L,Broth dilution,NA,CLSI,CLSI,34867917,NA,NA,NA
Campylobacter,jejuni,SRR15054103,Susceptible,TET,<=,4,mg/L,Broth dilution,NA,CLSI,CLSI,34867917,NA,NA,NA
Campylobacter,jejuni,SRR15054106,Susceptible,TET,<=,4,mg/L,Broth dilution,NA,CLSI,CLSI,34867917,NA,NA,NA
Campylobacter,jejuni,SRR15054108,Susceptible,TET,<=,4,mg/L,Broth dilution,NA,CLSI,CLSI,34867917,NA,NA,NA
Salmonella,enterica,SRR1514719,Susceptible,GEN,NA,0.5,mg/L,Broth dilution,Sensititre,CLSI,2013,30333126,Chicken Breast,USA,NA
Salmonella,enterica,SRR1514746,Resistant,GEN,NA,16,mg/L,Broth dilution,NA,CLSI,2013,30333126,Ground Turkey,USA,NA
Salmonella,enterica,SRR1525265,Resistant,GEN,NA,16,mg/L,Broth dilution,Sensititre,CLSI,2013,30333126,Chicken Breast,USA,NA
Salmonella,enterica,SRR1528486,Resistant,GEN,NA,16,mg/L,Broth dilution,Sensititre,CLSI,2013,30333126,Ground Turkey,USA,NA
Salmonella,enterica,SRR1528524,Resistant,GEN,NA,16,mg/L,Broth dilution,Sensititre,CLSI,2013,30333126,Ground Turkey,USA,NA
Salmonella,enterica,SRR1528531,Susceptible,GEN,<=,0.25,mg/L,Broth dilution,Sensititre,CLSI,2013,30333126,Ground Turkey,USA,NA
Salmonella,enterica,SRR1544207,Resistant,GEN,NA,16,mg/L,Broth dilution,Sensititre,CLSI,2013,30333126,Ground Turkey,USA,NA
Salmonella,enterica,SRR1544238,Resistant,GEN,NA,16,mg/L,Broth dilution,Sensititre,CLSI,2013,30333126,Ground Turkey,USA,NA
Salmonella,enterica,SRR1544306,Susceptible,GEN,NA,0.5,mg/L,Broth dilution,Sensititre,CLSI,2013,30333126,Chicken Breast,USA,NA
Salmonella,enterica,SRR1544319,Resistant,GEN,NA,8,mg/L,Broth dilution,Sensititre,CLSI,2013,30333126,Ground Turkey,USA,NA
Salmonella,enterica,SRR1553769,Resistant,GEN,NA,16,mg/L,Broth dilution,Sensititre,CLSI,2013,30333126,Ground Turkey,USA,NA
Salmonella,enterica,SRR1553817,Resistant,GEN,NA,8,mg/L,Broth dilution,Sensititre,CLSI,2013,30333126,Chicken Breast,USA,NA
Salmonella,enterica,SRR1553846,Resistant,GEN,NA,16,mg/L,Broth dilution,Sensititre,CLSI,2013,30333126,Ground Turkey,USA,NA
Salmonella,enterica,SRR1556116,Susceptible,GEN,<=,0.25,mg/L,Broth dilution,Sensititre,CLSI,2013,30333126,Ground Turkey,USA,NA
Salmonella,enterica,SRR1556980,Susceptible,GEN,NA,0.5,mg/L,Broth dilution,Sensititre,CLSI,2013,30333126,Chicken Breast,USA,NA
Salmonella,enterica,SRR1556982,Susceptible,GEN,<=,0.25,mg/L,Broth dilution,Sensititre,CLSI,2013,30333126,Ground Turkey,USA,NA
Salmonella,enterica,SRR1562598,Resistant,GEN,NA,16,mg/L,Broth dilution,Sensititre,CLSI,2013,30333126,Chicken Breast,USA,NA
Salmonella,enterica,SRR1562599,Resistant,GEN,NA,16,mg/L,Broth dilution,Sensititre,CLSI,2013,32513803,Ground Turkey,USA,NA
Salmonella,enterica,SRR1574320,Resistant,GEN,NA,16,mg/L,Broth dilution,NA,CLSI,2013,30333126,Chicken Breast,USA,NA
Salmonella,enterica,SRR1582177,Susceptible,GEN,NA,0.5,mg/L,Broth dilution,Sensititre,CLSI,2013,30333126,Pork Chop,USA,NA
Salmonella,enterica,SRR1583119,Susceptible,GEN,<=,0.25,mg/L,Broth dilution,Sensititre,CLSI,2013,30333126,Ground Turkey,USA,NA
Salmonella,enterica,SRR1598881,Resistant,GEN,NA,16,mg/L,Broth dilution,Sensititre,CLSI,2013,30333126,Ground Beef,USA,NA
Salmonella,enterica,SRR1609691,Susceptible,GEN,NA,0.5,mg/L,Broth dilution,Sensititre,CLSI,2013,30333126,Ground Turkey,USA,NA
Salmonella,enterica,SRR1615091,Resistant,GEN,NA,16,mg/L,Broth dilution,Sensititre,CLSI,2013,30333126,Ground Turkey,USA,NA
Salmonella,enterica,SRR1637058,Susceptible,GEN,NA,1,mg/L,Broth dilution,Sensititre,CLSI,2013,30333126,Ground Turkey,USA,NA
Salmonella,enterica,SRR1637072,Susceptible,GEN,NA,2,mg/L,Broth dilution,Sensititre,CLSI,2013,30333126,Ground Turkey,USA,NA
Salmonella,enterica,SRR1646548,Resistant,GEN,NA,16,mg/L,Broth dilution,Sensititre,CLSI,2013,30333126,Ground Turkey,USA,NA
Salmonella,enterica,SRR1646564,Susceptible,GEN,<=,0.25,mg/L,Broth dilution,Sensititre,CLSI,2013,30333126,Chicken Breast,USA,NA
Salmonella,enterica,SRR1646948,Susceptible,GEN,<=,0.25,mg/L,Broth dilution,Sensititre,CLSI,2013,30333126,Chicken Breast,USA,NA
Salmonella,enterica,SRR1658086,Susceptible,GEN,NA,1,mg/L,Broth dilution,Sensititre,CLSI,2013,30333126,Ground Turkey,USA,NA
Neisseria,gonorrhoeae,SRR1661154,Resistant,TET,NA,2,mg/L,Broth dilution,NA,CLSI,2013,25378573,Penis/Urethra,Canada,NA
Neisseria,gonorrhoeae,SRR1661157,Resistant,TET,NA,128,mg/L,Broth dilution,NA,CLSI,2013,25378573,Urethra,Canada,NA
Neisseria,gonorrhoeae,SRR1661158,Resistant,TET,NA,4,mg/L,Broth dilution,NA,CLSI,2013,25378573,NA,Canada,NA
Neisseria,gonorrhoeae,SRR1661161,Resistant,TET,NA,4,mg/L,Broth dilution,NA,CLSI,2013,25378573,Penis/Urethra,Canada,NA
Neisseria,gonorrhoeae,SRR1661162,Susceptible,TET,NA,0.125,mg/L,Broth dilution,NA,CLSI,2013,25378573,NA,Canada,NA
Neisseria,gonorrhoeae,SRR1661165,Resistant,TET,NA,2,mg/L,Broth dilution,NA,CLSI,2013,25378573,NA,Canada,NA
Neisseria,gonorrhoeae,SRR1661166,Resistant,TET,NA,4,mg/L,Broth dilution,NA,CLSI,2013,25378573,Penis/Urethra,Canada,NA
Neisseria,gonorrhoeae,SRR1661169,Susceptible,TET,NA,0.25,mg/L,Broth dilution,NA,CLSI,2013,25378573,Penis/Urethra,Canada,NA
Neisseria,gonorrhoeae,SRR1661171,Susceptible,TET,NA,0.25,mg/L,Broth dilution,NA,CLSI,2013,25378573,Cervix,Canada,NA
Neisseria,gonorrhoeae,SRR1661173,Resistant,TET,NA,4,mg/L,Broth dilution,NA,CLSI,2013,25378573,Penis/Urethra,Canada,NA
Neisseria,gonorrhoeae,SRR1661175,Resistant,TET,NA,4,mg/L,Broth dilution,NA,CLSI,2013,25378573,NA,Canada,NA
Neisseria,gonorrhoeae,SRR1661177,Susceptible,TET,NA,0.25,mg/L,Broth dilution,NA,CLSI,2013,25378573,Other,Canada,NA
Neisseria,gonorrhoeae,SRR1661178,Susceptible,TET,NA,0.25,mg/L,Broth dilution,NA,CLSI,2013,25378573,Cervix,Canada,NA
Neisseria,gonorrhoeae,SRR1661180,Susceptible,TET,NA,0.25,mg/L,Broth dilution,NA,CLSI,2013,25378573,Cervix,Canada,NA
Neisseria,gonorrhoeae,SRR1661181,Resistant,TET,NA,2,mg/L,Broth dilution,NA,CLSI,2013,25378573,Penis/Urethra,Canada,NA
Neisseria,gonorrhoeae,SRR1661183,Resistant,TET,NA,4,mg/L,Broth dilution,NA,CLSI,2013,25378573,NA,Canada,NA
Neisseria,gonorrhoeae,SRR1661184,Resistant,TET,NA,2,mg/L,Broth dilution,NA,CLSI,2013,25378573,NA,Canada,NA
Neisseria,gonorrhoeae,SRR1661185,Resistant,TET,NA,4,mg/L,Broth dilution,NA,CLSI,2013,25378573,NA,Canada,NA
Neisseria,gonorrhoeae,SRR1661186,Intermediate,TET,NA,1,mg/L,Broth dilution,NA,CLSI,2013,25378573,NA,Canada,NA
Neisseria,gonorrhoeae,SRR1661188,Resistant,TET,NA,8,mg/L,Broth dilution,NA,CLSI,2013,25378573,NA,Canada,NA
Neisseria,gonorrhoeae,SRR1661191,Resistant,TET,NA,4,mg/L,Broth dilution,NA,CLSI,2013,25378573,NA,Canada,NA
Neisseria,gonorrhoeae,SRR1661192,Resistant,TET,NA,4,mg/L,Broth dilution,NA,CLSI,2013,25378573,NA,Canada,NA
Neisseria,gonorrhoeae,SRR1661193,Intermediate,TET,NA,1,mg/L,Broth dilution,NA,CLSI,2013,25378573,NA,Canada,NA
Neisseria,gonorrhoeae,SRR1661195,Resistant,TET,NA,2,mg/L,Broth dilution,NA,CLSI,2013,25378573,NA,Canada,NA
Neisseria,gonorrhoeae,SRR1661199,Resistant,TET,NA,2,mg/L,Broth dilution,NA,CLSI,2013,25378573,NA,Canada,NA
Neisseria,gonorrhoeae,SRR1661210,Resistant,TET,NA,4,mg/L,Broth dilution,NA,CLSI,2013,25378573,Throat,Canada,NA
Neisseria,gonorrhoeae,SRR1661212,Resistant,TET,NA,4,mg/L,Broth dilution,NA,CLSI,2013,25378573,Penis/Urethra,Canada,NA
Neisseria,gonorrhoeae,SRR1661213,Resistant,TET,NA,4,mg/L,Broth dilution,NA,CLSI,2013,25378573,NA,Canada,NA
Neisseria,gonorrhoeae,SRR1661216,Resistant,TET,NA,2,mg/L,Broth dilution,NA,CLSI,2013,25378573,Penis/Urethra,Canada,NA
Neisseria,gonorrhoeae,SRR1661217,Resistant,TET,NA,2,mg/L,Broth dilution,NA,CLSI,2013,25378573,Throat,Canada,NA
Neisseria,gonorrhoeae,SRR1661219,Susceptible,TET,NA,0.125,mg/L,Broth dilution,NA,CLSI,2013,25378573,NA,Canada,NA
Neisseria,gonorrhoeae,SRR1661224,Intermediate,TET,NA,1,mg/L,Broth dilution,NA,CLSI,2013,25378573,NA,Canada,NA
Neisseria,gonorrhoeae,SRR1661225,Intermediate,TET,NA,1,mg/L,Broth dilution,NA,CLSI,2013,25378573,NA,Canada,NA
Neisseria,gonorrhoeae,SRR1661230,Resistant,TET,NA,2,mg/L,Broth dilution,NA,CLSI,2013,25378573,NA,Canada,NA
Neisseria,gonorrhoeae,SRR1661231,Resistant,TET,NA,4,mg/L,Broth dilution,NA,CLSI,2013,25378573,NA,Canada,NA
Neisseria,gonorrhoeae,SRR1661232,Susceptible,TET,NA,0.25,mg/L,Broth dilution,NA,CLSI,2013,25378573,Penis/Urethra,Canada,NA
Neisseria,gonorrhoeae,SRR1661234,Susceptible,TET,NA,0.25,mg/L,Broth dilution,NA,CLSI,2013,25378573,NA,Canada,NA
Neisseria,gonorrhoeae,SRR1661236,Susceptible,TET,NA,0.25,mg/L,Broth dilution,NA,CLSI,2013,25378573,NA,Canada,NA
Neisseria,gonorrhoeae,SRR1661237,Susceptible,TET,NA,0.25,mg/L,Broth dilution,NA,CLSI,2013,25378573,NA,Canada,NA
Neisseria,gonorrhoeae,SRR1661238,Susceptible,TET,NA,0.25,mg/L,Broth dilution,NA,CLSI,2013,25378573,NA,Canada,NA
Neisseria,gonorrhoeae,SRR1661239,Susceptible,TET,NA,0.25,mg/L,Broth dilution,NA,CLSI,2013,25378573,NA,Canada,NA
Neisseria,gonorrhoeae,SRR1661240,Susceptible,TET,NA,0.25,mg/L,Broth dilution,NA,CLSI,2013,25378573,NA,Canada,NA
Neisseria,gonorrhoeae,SRR1661241,Susceptible,TET,NA,0.25,mg/L,Broth dilution,NA,CLSI,2013,25378573,Penis/Urethra,Canada,NA
Neisseria,gonorrhoeae,SRR1661245,Resistant,TET,NA,4,mg/L,Broth dilution,NA,CLSI,2013,25378573,NA,Canada,NA
Neisseria,gonorrhoeae,SRR1661248,Resistant,TET,NA,8,mg/L,Broth dilution,NA,CLSI,2013,25378573,NA,Canada,NA
Neisseria,gonorrhoeae,SRR1661250,Resistant,TET,NA,2,mg/L,Broth dilution,NA,CLSI,2013,25378573,NA,Canada,NA
Neisseria,gonorrhoeae,SRR1661251,Resistant,TET,NA,4,mg/L,Broth dilution,NA,CLSI,2013,25378573,NA,Canada,NA
Neisseria,gonorrhoeae,SRR1661253,Resistant,TET,NA,2,mg/L,Broth dilution,NA,CLSI,2013,25378573,NA,Canada,NA
Neisseria,gonorrhoeae,SRR1661254,Intermediate,TET,NA,1,mg/L,Broth dilution,NA,CLSI,2013,25378573,NA,Canada,NA
Neisseria,gonorrhoeae,SRR1661256,Susceptible,TET,NA,0.25,mg/L,Broth dilution,NA,CLSI,2013,25378573,Penis/Urethra,Canada,NA
Neisseria,gonorrhoeae,SRR1661257,Susceptible,TET,NA,0.125,mg/L,Broth dilution,NA,CLSI,2013,25378573,Cervix,Canada,NA
Neisseria,gonorrhoeae,SRR1661259,Resistant,TET,NA,4,mg/L,Broth dilution,NA,CLSI,2013,25378573,NA,Canada,NA
Neisseria,gonorrhoeae,SRR1661260,Susceptible,TET,NA,0.25,mg/L,Broth dilution,NA,CLSI,2013,25378573,NA,Canada,NA
Neisseria,gonorrhoeae,SRR1661262,Resistant,TET,NA,4,mg/L,Broth dilution,NA,CLSI,2013,25378573,NA,Canada,NA
Neisseria,gonorrhoeae,SRR1661263,Susceptible,TET,NA,0.25,mg/L,Broth dilution,NA,CLSI,2013,25378573,NA,Canada,NA
Neisseria,gonorrhoeae,SRR1661265,Resistant,TET,NA,2,mg/L,Broth dilution,NA,CLSI,2013,25378573,NA,Canada,NA
Neisseria,gonorrhoeae,SRR1661266,Intermediate,TET,NA,0.5,mg/L,Broth dilution,NA,CLSI,2013,25378573,Penis/Urethra,Canada,NA
Neisseria,gonorrhoeae,SRR1661268,Resistant,TET,NA,4,mg/L,Broth dilution,NA,CLSI,2013,25378573,NA,Canada,NA
Neisseria,gonorrhoeae,SRR1661270,Resistant,TET,NA,8,mg/L,Broth dilution,NA,CLSI,2013,25378573,NA,Canada,NA
Neisseria,gonorrhoeae,SRR1661276,Resistant,TET,NA,4,mg/L,Broth dilution,NA,CLSI,2013,25378573,Rectum,Canada,NA
Neisseria,gonorrhoeae,SRR1661279,Resistant,TET,NA,4,mg/L,Broth dilution,NA,CLSI,2013,25378573,Penis/Urethra,Canada,NA
Neisseria,gonorrhoeae,SRR1661283,Intermediate,TET,NA,1,mg/L,Broth dilution,NA,CLSI,2013,25378573,NA,Canada,NA
Neisseria,gonorrhoeae,SRR1661284,Resistant,TET,NA,2,mg/L,Broth dilution,NA,CLSI,2013,25378573,Rectum,Canada,NA
Neisseria,gonorrhoeae,SRR1661285,Susceptible,TET,NA,0.25,mg/L,Broth dilution,NA,CLSI,2013,25378573,Penis/Urethra,Canada,NA
Neisseria,gonorrhoeae,SRR1661286,Susceptible,TET,NA,0.25,mg/L,Broth dilution,NA,CLSI,2013,25378573,Penis/Urethra,Canada,NA
Neisseria,gonorrhoeae,SRR1661287,Susceptible,TET,NA,0.25,mg/L,Broth dilution,NA,CLSI,2013,25378573,Penis/Urethra,Canada,NA
Neisseria,gonorrhoeae,SRR1661288,Susceptible,TET,NA,0.25,mg/L,Broth dilution,NA,CLSI,2013,25378573,Cervix,Canada,NA
Neisseria,gonorrhoeae,SRR1661289,Susceptible,TET,NA,0.25,mg/L,Broth dilution,NA,CLSI,2013,25378573,Cervix,Canada,NA
Neisseria,gonorrhoeae,SRR1661291,Intermediate,TET,NA,1,mg/L,Broth dilution,NA,CLSI,2013,25378573,Cervix,Canada,NA
Neisseria,gonorrhoeae,SRR1661301,Resistant,TET,NA,4,mg/L,Broth dilution,NA,CLSI,2013,25378573,NA,Canada,NA
Neisseria,gonorrhoeae,SRR1661304,Resistant,TET,NA,4,mg/L,Broth dilution,NA,CLSI,2013,25378573,NA,Canada,NA
Neisseria,gonorrhoeae,SRR1661314,Resistant,TET,NA,2,mg/L,Broth dilution,NA,CLSI,2013,25378573,Throat,Canada,NA
Neisseria,gonorrhoeae,SRR1661317,Intermediate,TET,NA,0.5,mg/L,Broth dilution,NA,CLSI,2013,25378573,Other,Canada,NA
Neisseria,gonorrhoeae,SRR1661318,Susceptible,TET,NA,0.25,mg/L,Broth dilution,NA,CLSI,2013,25378573,Penis/Urethra,Canada,NA
Neisseria,gonorrhoeae,SRR1661319,Intermediate,TET,NA,1,mg/L,Broth dilution,NA,CLSI,2013,25378573,NA,Canada,NA
Neisseria,gonorrhoeae,SRR1661320,Intermediate,TET,NA,1,mg/L,Broth dilution,NA,CLSI,2013,25378573,NA,Canada,NA
Neisseria,gonorrhoeae,SRR1661324,Susceptible,TET,NA,0.25,mg/L,Broth dilution,NA,CLSI,2013,25378573,NA,Canada,NA
Neisseria,gonorrhoeae,SRR1661328,Resistant,TET,NA,2,mg/L,Broth dilution,NA,CLSI,2013,25378573,NA,Philippines,NA
Neisseria,gonorrhoeae,SRR1661330,Resistant,TET,NA,4,mg/L,Broth dilution,NA,CLSI,2013,25378573,NA,Canada,NA
Neisseria,gonorrhoeae,SRR1661331,Intermediate,TET,NA,1,mg/L,Broth dilution,NA,CLSI,2013,25378573,NA,USA,NA
Salmonella,enterica,SRR1664211,Resistant,GEN,NA,16,mg/L,Broth dilution,Sensititre,CLSI,2013,30333126,Ground Turkey,USA,NA
Salmonella,enterica,SRR1695774,Susceptible,GEN,NA,0.5,mg/L,Broth dilution,Sensititre,CLSI,2013,30333126,Ground Turkey,USA,NA
Salmonella,enterica,SRR1698188,Resistant,GEN,NA,8,mg/L,Broth dilution,Sensititre,CLSI,2013,30333126,Chicken Breast,USA,NA
Salmonella,enterica,SRR1713636,Susceptible,GEN,NA,0.5,mg/L,Broth dilution,Sensititre,CLSI,2013,30333126,Chicken Breast,USA,NA
Salmonella,enterica,SRR1713641,Resistant,GEN,NA,16,mg/L,Broth dilution,Sensititre,CLSI,2013,30333126,Ground Turkey,USA,NA
Salmonella,enterica,SRR1763808,Resistant,GEN,NA,16,mg/L,Broth dilution,Sensititre,CLSI,2013,30333126,Ground Turkey,USA,NA
Salmonella,enterica,SRR1763828,Susceptible,GEN,NA,0.5,mg/L,Broth dilution,Sensititre,CLSI,2013,30333126,Chicken Breast,USA,NA
Salmonella,enterica,SRR1763849,Resistant,GEN,NA,16,mg/L,Broth dilution,Sensititre,CLSI,2013,30333126,Ground Turkey,USA,NA
Salmonella,enterica,SRR1767753,Susceptible,GEN,<=,0.25,mg/L,Broth dilution,Sensititre,CLSI,2013,30333126,Ground Turkey,USA,NA
Salmonella,enterica,SRR1767784,Susceptible,GEN,<=,0.25,mg/L,Broth dilution,Sensititre,CLSI,2013,30333126,Chicken Breast,USA,NA
Salmonella,enterica,SRR1767789,Susceptible,GEN,NA,0.5,mg/L,Broth dilution,Sensititre,CLSI,2013,30333126,Chicken Breast,USA,NA
Salmonella,enterica,SRR1773836,Susceptible,GEN,NA,0.5,mg/L,Broth dilution,Sensititre,CLSI,2013,30333126,Ground Turkey,USA,NA
Salmonella,enterica,SRR1777672,Resistant,GEN,NA,8,mg/L,Broth dilution,Sensititre,CLSI,2013,30333126,Ground Turkey,USA,NA
Salmonella,enterica,SRR1777683,Resistant,GEN,NA,16,mg/L,Broth dilution,Sensititre,CLSI,2013,30333126,Ground Turkey,USA,NA
Salmonella,enterica,SRR1777697,Resistant,GEN,NA,16,mg/L,Broth dilution,Sensititre,CLSI,2013,30333126,Ground Beef,USA,NA
Salmonella,enterica,SRR1777705,Resistant,GEN,NA,16,mg/L,Broth dilution,Sensititre,CLSI,2013,30333126,Ground Turkey,USA,NA
Salmonella,enterica,SRR1778032,Susceptible,GEN,NA,0.5,mg/L,Broth dilution,Sensititre,CLSI,2013,30333126,Ground Turkey,USA,NA
Salmonella,enterica,SRR1783160,Intermediate,GEN,NA,4,mg/L,Broth dilution,NA,CLSI,2013,30333126,Ground Turkey,USA,NA
Salmonella,enterica,SRR1783173,Resistant,GEN,NA,16,mg/L,Broth dilution,Sensititre,CLSI,2013,30333126,Ground Turkey,USA,NA
Salmonella,enterica,SRR1783182,Susceptible,GEN,<=,0.25,mg/L,Broth dilution,Sensititre,CLSI,2013,30333126,Chicken Breast,USA,NA
Salmonella,enterica,SRR1783194,Susceptible,GEN,<=,0.25,mg/L,Broth dilution,Sensititre,CLSI,2013,30333126,Ground Turkey,USA,NA
Salmonella,enterica,SRR1783212,Resistant,GEN,NA,16,mg/L,Broth dilution,Sensititre,CLSI,2013,30333126,Ground Turkey,USA,NA
Salmonella,enterica,SRR1783221,Intermediate,GEN,NA,4,mg/L,Broth dilution,NA,CLSI,2013,30333126,Ground Turkey,USA,NA
Salmonella,enterica,SRR1783224,Resistant,GEN,NA,16,mg/L,Broth dilution,Sensititre,CLSI,2013,30333126,Ground Turkey,USA,NA
Salmonella,enterica,SRR1791383,Resistant,GEN,NA,16,mg/L,Broth dilution,Sensititre,CLSI,2013,30333126,Ground Turkey,USA,NA
Salmonella,enterica,SRR1791386,Resistant,GEN,NA,16,mg/L,Broth dilution,Sensititre,CLSI,2013,30333126,Chicken Breast,USA,NA
Salmonella,enterica,SRR1793262,Resistant,GEN,NA,16,mg/L,Broth dilution,Sensititre,CLSI,2013,30333126,Ground Turkey,USA,NA
Salmonella,enterica,SRR1793263,Resistant,GEN,NA,8,mg/L,Broth dilution,Sensititre,CLSI,2013,30333126,Ground Turkey,USA,NA
Salmonella,enterica,SRR1793268,Susceptible,GEN,NA,0.5,mg/L,Broth dilution,Sensititre,CLSI,2013,30333126,Ground Turkey,USA,NA
Salmonella,enterica,SRR1801552,Resistant,GEN,NA,16,mg/L,Broth dilution,Sensititre,CLSI,2013,30333126,Ground Turkey,USA,NA
Salmonella,enterica,SRR1805624,Resistant,GEN,NA,16,mg/L,Broth dilution,Sensititre,CLSI,2013,30333126,Ground Turkey,USA,NA
Salmonella,enterica,SRR1812825,Resistant,GEN,NA,16,mg/L,Broth dilution,Sensititre,CLSI,2013,30333126,Ground Turkey,USA,NA
Salmonella,enterica,SRR1813435,Resistant,GEN,NA,16,mg/L,Broth dilution,Sensititre,CLSI,2013,30333126,Ground Turkey,USA,NA
Acinetobacter,baumannii,SRR1819800,Intermediate,CAZ,NA,16,mg/L,NA,Sensititre GNX2F,CLSI,2013,28893775,bronchoalveolar lavage fluid,USA,NA
Salmonella,enterica,SRR1820097,Susceptible,GEN,<=,0.25,mg/L,Broth dilution,Sensititre,CLSI,2013,30333126,Ground Turkey,USA,NA
Salmonella,enterica,SRR1823711,Susceptible,GEN,NA,0.5,mg/L,Broth dilution,Sensititre,CLSI,2013,30333126,Chicken Breast,USA,NA
Salmonella,enterica,SRR1849358,Susceptible,GEN,NA,0.5,mg/L,Broth dilution,Sensititre,CLSI,2013,30333126,Ground Turkey,USA,NA
Salmonella,enterica,SRR1849399,Resistant,GEN,NA,16,mg/L,Broth dilution,Sensititre,CLSI,2013,30333126,Ground Turkey,USA,NA
Salmonella,enterica,SRR1849406,Resistant,GEN,NA,16,mg/L,Broth dilution,Sensititre,CLSI,2013,30333126,Ground Turkey,USA,NA
Salmonella,enterica,SRR1849407,Susceptible,GEN,NA,0.5,mg/L,Broth dilution,Sensititre,CLSI,2013,30333126,Chicken Breast,USA,NA
Salmonella,enterica,SRR1908939,Resistant,GEN,NA,16,mg/L,Broth dilution,Sensititre,CLSI,2013,30333126,Ground Turkey,USA,NA
Salmonella,enterica,SRR1923642,Susceptible,GEN,<=,0.25,mg/L,Broth dilution,Sensititre,CLSI,2013,30333126,Chicken Breast,USA,NA
Salmonella,enterica,SRR1946913,Susceptible,GEN,<=,0.25,mg/L,Broth dilution,Sensititre,CLSI,2013,30333126,Chicken Breast,USA,NA
Salmonella,enterica,SRR1946947,Susceptible,GEN,NA,0.5,mg/L,Broth dilution,Sensititre,CLSI,2013,30333126,Chicken Breast,USA,NA
Salmonella,enterica,SRR1951846,Susceptible,GEN,NA,0.5,mg/L,Broth dilution,Sensititre,CLSI,2013,30333126,Chicken Breast,USA,NA
Salmonella,enterica,SRR1951852,Susceptible,GEN,NA,0.5,mg/L,Broth dilution,Sensititre,CLSI,2013,30333126,Ground Turkey,USA,NA
Salmonella,enterica,SRR1951871,Resistant,GEN,NA,16,mg/L,Broth dilution,Sensititre,CLSI,2013,30333126,Ground Turkey,USA,NA
Salmonella,enterica,SRR1951877,Resistant,GEN,NA,16,mg/L,Broth dilution,Sensititre,CLSI,2013,30333126,Ground Turkey,USA,NA
Salmonella,enterica,SRR1951881,Resistant,GEN,NA,16,mg/L,Broth dilution,Sensititre,CLSI,2013,30333126,Ground Turkey,USA,NA
Salmonella,enterica,SRR1973650,Susceptible,GEN,NA,1,mg/L,Broth dilution,Sensititre,CLSI,2013,30333126,Pork Chop,USA,NA
Salmonella,enterica,SRR1973720,Resistant,GEN,NA,16,mg/L,Broth dilution,Sensititre,CLSI,2013,30333126,Ground Turkey,USA,NA
Salmonella,enterica,SRR1973721,Susceptible,GEN,NA,0.5,mg/L,Broth dilution,Sensititre,CLSI,2013,30333126,Ground Turkey,USA,NA
Salmonella,enterica,SRR1980610,Resistant,GEN,NA,16,mg/L,Broth dilution,Sensititre,CLSI,2013,30333126,Ground Turkey,USA,NA
Salmonella,enterica,SRR1982193,Susceptible,GEN,NA,0.5,mg/L,Broth dilution,Sensititre,CLSI,2013,30333126,Chicken Breast,USA,NA
Salmonella,enterica,SRR1998972,Resistant,GEN,NA,16,mg/L,Broth dilution,Sensititre,CLSI,2013,30333126,Ground Turkey,USA,NA
Salmonella,enterica,SRR2002476,Susceptible,GEN,NA,0.5,mg/L,Broth dilution,Sensititre,CLSI,2013,30333126,Ground Turkey,USA,NA
Salmonella,enterica,SRR2002479,Resistant,GEN,NA,16,mg/L,Broth dilution,Sensititre,CLSI,2013,30333126,Ground Turkey,USA,NA
Salmonella,enterica,SRR2005891,Susceptible,GEN,NA,0.5,mg/L,Broth dilution,Sensititre,CLSI,2013,30333126,Ground Turkey,USA,NA
Salmonella,enterica,SRR2017874,Susceptible,GEN,<=,0.25,mg/L,Broth dilution,Sensititre,CLSI,2013,30333126,Chicken Breast,USA,NA
Salmonella,enterica,SRR2033920,Resistant,GEN,NA,16,mg/L,Broth dilution,Sensititre,CLSI,2013,30333126,Chicken Breast,USA,NA
Salmonella,enterica,SRR2047289,Resistant,GEN,NA,16,mg/L,Broth dilution,Sensititre,CLSI,2013,30333126,Chicken Breast,USA,NA
Salmonella,enterica,SRR2062220,Susceptible,GEN,NA,0.5,mg/L,Broth dilution,Sensititre,CLSI,2013,30333126,Ground Beef,USA,NA
Salmonella,enterica,SRR2064116,Susceptible,GEN,NA,0.5,mg/L,Broth dilution,Sensititre,CLSI,2013,30333126,Chicken Breast,USA,NA
Streptococcus,pneumoniae,SRR2072210,Susceptible,ERY,=,0.06,mg/L,Broth dilution,Sensititre,CLSI,2013,NA,NA,NA,NA
Streptococcus,pneumoniae,SRR2072211,Susceptible,ERY,=,0.06,mg/L,Broth dilution,Sensititre,CLSI,2013,NA,NA,NA,NA
Streptococcus,pneumoniae,SRR2072212,Resistant,ERY,NA,32,mg/L,Broth dilution,Sensititre,CLSI,2013,NA,NA,NA,NA
Streptococcus,pneumoniae,SRR2072213,Resistant,ERY,NA,16,mg/L,Broth dilution,Sensititre,CLSI,2013,NA,NA,NA,NA
Streptococcus,pneumoniae,SRR2072214,Susceptible,ERY,=,0.06,mg/L,Broth dilution,Sensititre,CLSI,2013,NA,NA,NA,NA
Streptococcus,pneumoniae,SRR2072216,Resistant,ERY,NA,4,mg/L,Broth dilution,Sensititre,CLSI,2013,NA,NA,NA,NA
Streptococcus,pneumoniae,SRR2072224,Susceptible,ERY,<=,0.03,mg/L,Broth dilution,Sensititre,CLSI,2013,NA,NA,NA,NA
Streptococcus,pneumoniae,SRR2072227,Susceptible,ERY,<=,0.03,mg/L,Broth dilution,Sensititre,CLSI,2013,NA,NA,NA,NA
Streptococcus,pneumoniae,SRR2072228,Susceptible,ERY,<=,0.03,mg/L,Broth dilution,Sensititre,CLSI,2013,NA,NA,NA,NA
Streptococcus,pneumoniae,SRR2072229,Susceptible,ERY,=,0.06,mg/L,Broth dilution,Sensititre,CLSI,2013,NA,NA,NA,NA
Streptococcus,pneumoniae,SRR2072232,Resistant,ERY,NA,4,mg/L,Broth dilution,Sensititre,CLSI,2013,NA,NA,NA,NA
Streptococcus,pneumoniae,SRR2072233,Resistant,ERY,NA,4,mg/L,Broth dilution,Sensititre,CLSI,2013,NA,NA,NA,NA
Streptococcus,pneumoniae,SRR2072235,Susceptible,ERY,=,0.06,mg/L,Broth dilution,Sensititre,CLSI,2013,NA,NA,NA,NA
Streptococcus,pneumoniae,SRR2072239,Susceptible,ERY,<=,0.03,mg/L,Broth dilution,Sensititre,CLSI,2013,NA,NA,NA,NA
Streptococcus,pneumoniae,SRR2072240,Susceptible,ERY,<=,0.03,mg/L,Broth dilution,Sensititre,CLSI,2013,NA,NA,NA,NA
Streptococcus,pneumoniae,SRR2072242,Susceptible,ERY,<=,0.03,mg/L,Broth dilution,Sensititre,CLSI,2013,NA,NA,NA,NA
Streptococcus,pneumoniae,SRR2072243,Resistant,ERY,NA,2,mg/L,Broth dilution,Sensititre,CLSI,2013,NA,NA,NA,NA
Streptococcus,pneumoniae,SRR2072246,Resistant,ERY,NA,8,mg/L,Broth dilution,Sensititre,CLSI,2013,NA,NA,NA,NA
Streptococcus,pneumoniae,SRR2072248,Susceptible,ERY,=,0.06,mg/L,Broth dilution,Sensititre,CLSI,2013,NA,NA,NA,NA
Streptococcus,pneumoniae,SRR2072250,Susceptible,ERY,=,0.06,mg/L,Broth dilution,Sensititre,CLSI,2013,NA,NA,NA,NA
Streptococcus,pneumoniae,SRR2072251,Resistant,ERY,NA,8,mg/L,Broth dilution,Sensititre,CLSI,2013,NA,NA,NA,NA
Streptococcus,pneumoniae,SRR2072253,Resistant,ERY,NA,4,mg/L,Broth dilution,Sensititre,CLSI,2013,NA,NA,NA,NA
Streptococcus,pneumoniae,SRR2072254,Susceptible,ERY,<=,0.03,mg/L,Broth dilution,Sensititre,CLSI,2013,NA,NA,NA,NA
Streptococcus,pneumoniae,SRR2072263,Susceptible,ERY,<=,0.03,mg/L,Broth dilution,Sensititre,CLSI,2013,NA,NA,NA,NA
Streptococcus,pneumoniae,SRR2072265,Susceptible,ERY,<=,0.03,mg/L,Broth dilution,Sensititre,CLSI,2013,NA,NA,NA,NA
Streptococcus,pneumoniae,SRR2072272,Resistant,ERY,NA,4,mg/L,Broth dilution,Sensititre,CLSI,2013,NA,NA,NA,NA
Streptococcus,pneumoniae,SRR2072274,Susceptible,ERY,=,0.06,mg/L,Broth dilution,Sensititre,CLSI,2013,NA,NA,NA,NA
Streptococcus,pneumoniae,SRR2072278,Susceptible,ERY,<=,0.03,mg/L,Broth dilution,Sensititre,CLSI,2013,NA,NA,NA,NA
Streptococcus,pneumoniae,SRR2072280,Resistant,ERY,NA,8,mg/L,Broth dilution,Sensititre,CLSI,2013,NA,NA,NA,NA
Streptococcus,pneumoniae,SRR2072281,Susceptible,ERY,=,0.06,mg/L,Broth dilution,Sensititre,CLSI,2013,NA,NA,NA,NA
Streptococcus,pneumoniae,SRR2072286,Resistant,ERY,NA,4,mg/L,Broth dilution,Sensititre,CLSI,2013,NA,NA,NA,NA
Streptococcus,pneumoniae,SRR2072287,Resistant,ERY,NA,8,mg/L,Broth dilution,Sensititre,CLSI,2013,NA,NA,NA,NA
Streptococcus,pneumoniae,SRR2072288,Susceptible,ERY,=,0.06,mg/L,Broth dilution,Sensititre,CLSI,2013,NA,NA,NA,NA
Streptococcus,pneumoniae,SRR2072290,Resistant,ERY,NA,8,mg/L,Broth dilution,Sensititre,CLSI,2013,NA,NA,NA,NA
Streptococcus,pneumoniae,SRR2072291,Susceptible,ERY,=,0.06,mg/L,Broth dilution,Sensititre,CLSI,2013,NA,NA,NA,NA
Streptococcus,pneumoniae,SRR2072292,Susceptible,ERY,<=,0.03,mg/L,Broth dilution,Sensititre,CLSI,2013,NA,NA,NA,NA
Streptococcus,pneumoniae,SRR2072293,Susceptible,ERY,=,0.06,mg/L,Broth dilution,Sensititre,CLSI,2013,NA,NA,NA,NA
Streptococcus,pneumoniae,SRR2072296,Susceptible,ERY,<=,0.03,mg/L,Broth dilution,Sensititre,CLSI,2013,NA,NA,NA,NA
Streptococcus,pneumoniae,SRR2072299,Susceptible,ERY,<=,0.03,mg/L,Broth dilution,Sensititre,CLSI,2013,NA,NA,NA,NA
Streptococcus,pneumoniae,SRR2072300,Susceptible,ERY,=,0.06,mg/L,Broth dilution,Sensititre,CLSI,2013,NA,NA,NA,NA
Streptococcus,pneumoniae,SRR2072303,Susceptible,ERY,<=,0.03,mg/L,Broth dilution,Sensititre,CLSI,2013,NA,NA,NA,NA
Streptococcus,pneumoniae,SRR2072308,Resistant,ERY,NA,8,mg/L,Broth dilution,Sensititre,CLSI,2013,NA,NA,NA,NA
Streptococcus,pneumoniae,SRR2072312,Resistant,ERY,NA,8,mg/L,Broth dilution,Sensititre,CLSI,2013,NA,NA,NA,NA
Streptococcus,pneumoniae,SRR2072316,Susceptible,ERY,=,0.06,mg/L,Broth dilution,Sensititre,CLSI,2013,NA,NA,NA,NA
Streptococcus,pneumoniae,SRR2072319,Susceptible,ERY,=,0.06,mg/L,Broth dilution,Sensititre,CLSI,2013,NA,NA,NA,NA
Streptococcus,pneumoniae,SRR2072321,Resistant,ERY,NA,32,mg/L,Broth dilution,Sensititre,CLSI,2013,NA,NA,NA,NA
Streptococcus,pneumoniae,SRR2072323,Resistant,ERY,NA,8,mg/L,Broth dilution,Sensititre,CLSI,2013,NA,NA,NA,NA
Streptococcus,pneumoniae,SRR2072324,Susceptible,ERY,=,0.06,mg/L,Broth dilution,Sensititre,CLSI,2013,NA,NA,NA,NA
Streptococcus,pneumoniae,SRR2072332,Resistant,ERY,NA,4,mg/L,Broth dilution,Sensititre,CLSI,2013,NA,NA,NA,NA
Streptococcus,pneumoniae,SRR2072334,Susceptible,ERY,=,0.06,mg/L,Broth dilution,Sensititre,CLSI,2013,NA,NA,NA,NA
Streptococcus,pneumoniae,SRR2072335,Susceptible,ERY,=,0.06,mg/L,Broth dilution,Sensititre,CLSI,2013,NA,NA,NA,NA
Streptococcus,pneumoniae,SRR2072336,Susceptible,ERY,<=,0.03,mg/L,Broth dilution,Sensititre,CLSI,2013,NA,NA,NA,NA
Streptococcus,pneumoniae,SRR2072338,Susceptible,ERY,=,0.06,mg/L,Broth dilution,Sensititre,CLSI,2013,NA,NA,NA,NA
Streptococcus,pneumoniae,SRR2072339,Resistant,ERY,NA,8,mg/L,Broth dilution,Sensititre,CLSI,2013,NA,NA,NA,NA
Streptococcus,pneumoniae,SRR2072341,Resistant,ERY,NA,4,mg/L,Broth dilution,Sensititre,CLSI,2013,NA,NA,NA,NA
Streptococcus,pneumoniae,SRR2072342,Susceptible,ERY,=,0.06,mg/L,Broth dilution,Sensititre,CLSI,2013,NA,NA,NA,NA
Streptococcus,pneumoniae,SRR2072343,Susceptible,ERY,=,0.06,mg/L,Broth dilution,Sensititre,CLSI,2013,NA,NA,NA,NA
Streptococcus,pneumoniae,SRR2072344,Susceptible,ERY,<=,0.03,mg/L,Broth dilution,Sensititre,CLSI,2013,NA,NA,NA,NA
Streptococcus,pneumoniae,SRR2072351,Susceptible,ERY,<=,0.03,mg/L,Broth dilution,Sensititre,CLSI,2013,NA,NA,NA,NA
Streptococcus,pneumoniae,SRR2072352,Resistant,ERY,NA,8,mg/L,Broth dilution,Sensititre,CLSI,2013,NA,NA,NA,NA
Streptococcus,pneumoniae,SRR2072357,Susceptible,ERY,=,0.06,mg/L,Broth dilution,Sensititre,CLSI,2013,NA,NA,NA,NA
Streptococcus,pneumoniae,SRR2072361,Susceptible,ERY,=,0.06,mg/L,Broth dilution,Sensititre,CLSI,2013,NA,NA,NA,NA
Streptococcus,pneumoniae,SRR2072368,Susceptible,ERY,=,0.06,mg/L,Broth dilution,Sensititre,CLSI,2013,NA,NA,NA,NA
Streptococcus,pneumoniae,SRR2072370,Susceptible,ERY,=,0.06,mg/L,Broth dilution,Sensititre,CLSI,2013,NA,NA,NA,NA
Streptococcus,pneumoniae,SRR2072371,Resistant,ERY,NA,8,mg/L,Broth dilution,Sensititre,CLSI,2013,NA,NA,NA,NA
Streptococcus,pneumoniae,SRR2072372,Susceptible,ERY,<=,0.03,mg/L,Broth dilution,Sensititre,CLSI,2013,NA,NA,NA,NA
Streptococcus,pneumoniae,SRR2072373,Resistant,ERY,NA,8,mg/L,Broth dilution,Sensititre,CLSI,2013,NA,NA,NA,NA
Streptococcus,pneumoniae,SRR2072374,Resistant,ERY,NA,16,mg/L,Broth dilution,Sensititre,CLSI,2013,NA,NA,NA,NA
Streptococcus,pneumoniae,SRR2072377,Resistant,ERY,NA,4,mg/L,Broth dilution,Sensititre,CLSI,2013,NA,NA,NA,NA
Streptococcus,pneumoniae,SRR2072380,Susceptible,ERY,=,0.06,mg/L,Broth dilution,Sensititre,CLSI,2013,NA,NA,NA,NA
Streptococcus,pneumoniae,SRR2072381,Resistant,ERY,NA,8,mg/L,Broth dilution,Sensititre,CLSI,2013,NA,NA,NA,NA
Acinetobacter,baumannii,SRR2075860,Resistant,CAZ,NA,256,mg/L,Broth dilution,NA,CLSI,2013,26195261,No data,Sweden,NA
Acinetobacter,baumannii,SRR2075876,Resistant,CAZ,NA,256,mg/L,Broth dilution,NA,CLSI,2013,26195261,Feces,Thailand,NA
Acinetobacter,baumannii,SRR2075877,Resistant,CAZ,NA,256,mg/L,Broth dilution,NA,CLSI,2013,26195261,Tracheal secretion,Sweden,NA
Acinetobacter,baumannii,SRR2075880,Resistant,CAZ,NA,256,mg/L,Broth dilution,NA,CLSI,2013,26195261,Urine,Sweden,NA
Acinetobacter,baumannii,SRR2075882,Resistant,CAZ,NA,256,mg/L,Broth dilution,NA,CLSI,2013,26195261,Rectum,Sweden,NA
Acinetobacter,baumannii,SRR2075884,Resistant,CAZ,NA,256,mg/L,Broth dilution,NA,CLSI,2013,26195261,No data,Sweden,NA
Acinetobacter,baumannii,SRR2075885,Resistant,CAZ,NA,256,mg/L,Broth dilution,NA,CLSI,2013,26195261,Tracheal secretion,Sweden,NA
Acinetobacter,baumannii,SRR2075887,Resistant,CAZ,NA,256,mg/L,Broth dilution,NA,CLSI,2013,26195261,Wound,Sweden,NA
Acinetobacter,baumannii,SRR2075890,Resistant,CAZ,NA,256,mg/L,Broth dilution,NA,CLSI,2013,26195261,Groin,Iraq,NA
Acinetobacter,baumannii,SRR2075893,Resistant,CAZ,NA,256,mg/L,Broth dilution,NA,CLSI,2013,26195261,Rectum,Sweden,NA
Acinetobacter,baumannii,SRR2075896,Resistant,CAZ,NA,256,mg/L,Broth dilution,NA,CLSI,2013,26195261,No data,Thailand,NA
Acinetobacter,baumannii,SRR2075897,Resistant,CAZ,NA,256,mg/L,Broth dilution,NA,CLSI,2013,26195261,Feces,Italy,NA
Acinetobacter,baumannii,SRR2075898,Resistant,CAZ,NA,256,mg/L,Broth dilution,NA,CLSI,2013,26195261,Blood,Sweden,NA
Acinetobacter,baumannii,SRR2075899,Resistant,CAZ,NA,256,mg/L,Broth dilution,NA,CLSI,2013,26195261,No data,Sweden,NA
Acinetobacter,baumannii,SRR2075900,Susceptible,CAZ,NA,8,mg/L,Broth dilution,NA,CLSI,2013,26195261,Feces,Sweden,NA
Acinetobacter,baumannii,SRR2075902,Resistant,CAZ,NA,256,mg/L,Broth dilution,NA,CLSI,2013,26195261,Feces,Sweden,NA
Acinetobacter,baumannii,SRR2075903,Resistant,CAZ,NA,256,mg/L,Broth dilution,NA,CLSI,2013,26195261,Thorax,Sweden,NA
Acinetobacter,baumannii,SRR2075906,Resistant,CAZ,NA,256,mg/L,Broth dilution,NA,CLSI,2013,26195261,No datase,Sweden,NA
Acinetobacter,baumannii,SRR2075907,Resistant,CAZ,NA,32,mg/L,Broth dilution,NA,CLSI,2013,26195261,Underlob,Sweden,NA
Acinetobacter,baumannii,SRR2075948,Resistant,CAZ,NA,256,mg/L,Broth dilution,NA,CLSI,2013,26195261,No data,Sweden,NA
Acinetobacter,baumannii,SRR2075950,Resistant,CAZ,NA,256,mg/L,Broth dilution,NA,CLSI,2013,26195261,Decubitus,Sweden,NA
Acinetobacter,baumannii,SRR2075951,Resistant,CAZ,NA,256,mg/L,Broth dilution,NA,CLSI,2013,26195261,Bronchial secretion,Sweden,NA
Streptococcus,pneumoniae,SRR2076740,Resistant,ERY,NA,8,mg/L,Broth dilution,Sensititre,CLSI,2013,NA,NA,NA,NA
Salmonella,enterica,SRR2082955,Susceptible,GEN,<=,0.25,mg/L,Broth dilution,Sensititre,CLSI,2013,30333126,Chicken Breast,USA,NA
Staphylococcus,aureus,SRR2101499,Susceptible,ERY,NA,NA,NA,NA,NA,CLSI,2013,26686880,NA,NA,NA
Salmonella,enterica,SRR2102393,Resistant,GEN,NA,16,mg/L,Broth dilution,Sensititre,CLSI,2013,30333126,Ground Turkey,USA,NA
Salmonella,enterica,SRR2102423,Susceptible,GEN,<=,0.25,mg/L,Broth dilution,Sensititre,CLSI,2013,30333126,Chicken Breast,USA,NA
Salmonella,enterica,SRR2125022,Susceptible,GEN,NA,0.5,mg/L,Broth dilution,Sensititre,CLSI,2013,30333126,Ground Turkey,USA,NA
Salmonella,enterica,SRR2131386,Resistant,GEN,NA,16,mg/L,Broth dilution,Sensititre,CLSI,2013,30333126,Ground Turkey,USA,NA
Klebsiella,pneumoniae,SRR2134674,Susceptible,GEN,<=,1,mg/L,Broth dilution,VITEK 2,CLSI,2013,29017452,ulcer,Italy,NA
Escherichia,coli,SRR2134675,Susceptible,GEN,<=,1,mg/L,Broth dilution,VITEK 2,CLSI,2013,NA,blood,USA,NA
Klebsiella,pneumoniae,SRR2134679,Resistant,GEN,NA,8,mg/L,Broth dilution,VITEK 2,CLSI,2013,NA,wound,USA,NA
Klebsiella,pneumoniae,SRR2134680,Intermediate,GEN,NA,4,mg/L,Broth dilution,VITEK 2,CLSI,2013,29017452,urine,Italy,NA
Salmonella,enterica,SRR2143425,Resistant,GEN,NA,16,mg/L,Broth dilution,Sensititre,CLSI,2013,30333126,Ground Turkey,USA,NA
Salmonella,enterica,SRR2143474,Susceptible,GEN,NA,0.5,mg/L,Broth dilution,Sensititre,CLSI,2013,30333126,Ground Turkey,USA,NA
Salmonella,enterica,SRR2143475,Susceptible,GEN,NA,0.5,mg/L,Broth dilution,Sensititre,CLSI,2013,30333126,Ground Turkey,USA,NA
Salmonella,enterica,SRR2156584,Resistant,GEN,NA,16,mg/L,Broth dilution,Sensititre,CLSI,2013,30333126,Ground Turkey,USA,NA
Salmonella,enterica,SRR2226943,Susceptible,GEN,NA,0.5,mg/L,Broth dilution,Sensititre,CLSI,2013,30333126,Turkeys,USA,NA
Salmonella,enterica,SRR2226944,Susceptible,GEN,NA,0.5,mg/L,Broth dilution,Sensititre,CLSI,2013,30333126,Cattle,USA,NA
Escherichia,coli,SRR2239575,Susceptible,GEN,=,0.5,mg/L,Broth dilution,Sensititre,CLSI,2013,26142410,cattle,USA,NA
Escherichia,coli,SRR2239576,Susceptible,GEN,=,1,mg/L,Broth dilution,Sensititre,CLSI,2013,26142410,cattle,USA,NA
Escherichia,coli,SRR2239577,Susceptible,GEN,=,0.5,mg/L,Broth dilution,Sensititre,CLSI,2013,26142410,cattle,USA,NA
Escherichia,coli,SRR2239578,Susceptible,GEN,=,0.5,mg/L,Broth dilution,Sensititre,CLSI,2013,26142410,cattle,USA,NA
Escherichia,coli,SRR2239579,Susceptible,GEN,=,1,mg/L,Broth dilution,Sensititre,CLSI,2013,26142410,cattle,USA,NA
Escherichia,coli,SRR2239580,Susceptible,GEN,=,1,mg/L,Broth dilution,Sensititre,CLSI,2013,26142410,cattle,USA,NA
Escherichia,coli,SRR2239581,Susceptible,GEN,=,0.5,mg/L,Broth dilution,Sensititre,CLSI,2013,26142410,cattle,USA,NA
Escherichia,coli,SRR2239582,Susceptible,GEN,=,1,mg/L,Broth dilution,Sensititre,CLSI,2013,26142410,cattle,USA,NA
Escherichia,coli,SRR2239583,Susceptible,GEN,=,1,mg/L,Broth dilution,Sensititre,CLSI,2013,26142410,cattle,USA,NA
Escherichia,coli,SRR2239584,Susceptible,GEN,=,1,mg/L,Broth dilution,Sensititre,CLSI,2013,26142410,cattle,USA,NA
Escherichia,coli,SRR2239585,Susceptible,GEN,=,1,mg/L,Broth dilution,Sensititre,CLSI,2013,26142410,cattle,USA,NA
Escherichia,coli,SRR2239586,Susceptible,GEN,=,1,mg/L,Broth dilution,Sensititre,CLSI,2013,26142410,cattle,USA,NA
Escherichia,coli,SRR2239587,Susceptible,GEN,=,1,mg/L,Broth dilution,Sensititre,CLSI,2013,26142410,cattle,USA,NA
Escherichia,coli,SRR2239588,Susceptible,GEN,=,1,mg/L,Broth dilution,Sensititre,CLSI,2013,26142410,cattle,USA,NA
Escherichia,coli,SRR2239589,Susceptible,GEN,=,1,mg/L,Broth dilution,Sensititre,CLSI,2013,26142410,cattle,USA,NA
Escherichia,coli,SRR2239590,Susceptible,GEN,=,0.5,mg/L,Broth dilution,Sensititre,CLSI,2013,26142410,cattle,USA,NA
Escherichia,coli,SRR2239591,Susceptible,GEN,=,1,mg/L,Broth dilution,Sensititre,CLSI,2013,26142410,cattle,USA,NA
Escherichia,coli,SRR2239592,Susceptible,GEN,=,0.5,mg/L,Broth dilution,Sensititre,CLSI,2013,26142410,cattle,USA,NA
Escherichia,coli,SRR2239593,Susceptible,GEN,=,1,mg/L,Broth dilution,Sensititre,CLSI,2013,26142410,cattle,USA,NA
Escherichia,coli,SRR2239594,Susceptible,GEN,=,0.5,mg/L,Broth dilution,Sensititre,CLSI,2013,26142410,cattle,USA,NA
Escherichia,coli,SRR2239595,Susceptible,GEN,=,0.5,mg/L,Broth dilution,Sensititre,CLSI,2013,26142410,cattle,USA,NA
Escherichia,coli,SRR2239596,Susceptible,GEN,=,1,mg/L,Broth dilution,Sensititre,CLSI,2013,26142410,cattle,USA,NA
Escherichia,coli,SRR2239597,Susceptible,GEN,=,0.5,mg/L,Broth dilution,Sensititre,CLSI,2013,26142410,cattle,USA,NA
Escherichia,coli,SRR2239598,Susceptible,GEN,=,1,mg/L,Broth dilution,Sensititre,CLSI,2013,26142410,cattle,USA,NA
Escherichia,coli,SRR2239599,Susceptible,GEN,=,0.5,mg/L,Broth dilution,Sensititre,CLSI,2013,26142410,cattle,USA,NA
Escherichia,coli,SRR2239600,Susceptible,GEN,=,1,mg/L,Broth dilution,Sensititre,CLSI,2013,26142410,cattle,USA,NA
Escherichia,coli,SRR2239601,Susceptible,GEN,=,1,mg/L,Broth dilution,Sensititre,CLSI,2013,26142410,cattle,USA,NA
Escherichia,coli,SRR2239602,Susceptible,GEN,=,1,mg/L,Broth dilution,Sensititre,CLSI,2013,26142410,cattle,USA,NA
Escherichia,coli,SRR2239603,Susceptible,GEN,=,1,mg/L,Broth dilution,Sensititre,CLSI,2013,26142410,cattle,USA,NA
Escherichia,coli,SRR2239604,Susceptible,GEN,=,1,mg/L,Broth dilution,Sensititre,CLSI,2013,26142410,cattle,USA,NA
Escherichia,coli,SRR2239605,Susceptible,GEN,=,1,mg/L,Broth dilution,Sensititre,CLSI,2013,26142410,cattle,USA,NA
Escherichia,coli,SRR2239606,Susceptible,GEN,=,1,mg/L,Broth dilution,Sensititre,CLSI,2013,26142410,cattle,USA,NA
Escherichia,coli,SRR2239607,Susceptible,GEN,=,1,mg/L,Broth dilution,Sensititre,CLSI,2013,26142410,cattle,USA,NA
Escherichia,coli,SRR2239608,Susceptible,GEN,=,1,mg/L,Broth dilution,Sensititre,CLSI,2013,26142410,cattle,USA,NA
Escherichia,coli,SRR2239609,Susceptible,GEN,=,0.5,mg/L,Broth dilution,Sensititre,CLSI,2013,26142410,cattle,USA,NA
Escherichia,coli,SRR2239610,Susceptible,GEN,=,1,mg/L,Broth dilution,Sensititre,CLSI,2013,26142410,cattle,USA,NA
Escherichia,coli,SRR2239611,Susceptible,GEN,=,0.5,mg/L,Broth dilution,Sensititre,CLSI,2013,26142410,cattle,USA,NA
Escherichia,coli,SRR2239612,Susceptible,GEN,=,0.5,mg/L,Broth dilution,Sensititre,CLSI,2013,26142410,cattle,USA,NA
Escherichia,coli,SRR2239613,Susceptible,GEN,=,1,mg/L,Broth dilution,Sensititre,CLSI,2013,26142410,cattle,USA,NA
Escherichia,coli,SRR2239614,Resistant,GEN,NA,16,mg/L,Broth dilution,Sensititre,CLSI,2013,26142410,cattle,USA,NA
Escherichia,coli,SRR2239615,Susceptible,GEN,=,1,mg/L,Broth dilution,Sensititre,CLSI,2013,26142410,cattle,USA,NA
Escherichia,coli,SRR2239616,Susceptible,GEN,=,2,mg/L,Broth dilution,Sensititre,CLSI,2013,26142410,cattle,USA,NA
Escherichia,coli,SRR2239617,Susceptible,GEN,=,1,mg/L,Broth dilution,Sensititre,CLSI,2013,26142410,cattle,USA,NA
Escherichia,coli,SRR2239618,Susceptible,GEN,=,1,mg/L,Broth dilution,Sensititre,CLSI,2013,26142410,cattle,USA,NA
Escherichia,coli,SRR2239619,Susceptible,GEN,=,1,mg/L,Broth dilution,Sensititre,CLSI,2013,26142410,cattle,USA,NA
Escherichia,coli,SRR2239620,Susceptible,GEN,=,1,mg/L,Broth dilution,Sensititre,CLSI,2013,26142410,cattle,USA,NA
Escherichia,coli,SRR2239621,Susceptible,GEN,=,1,mg/L,Broth dilution,Sensititre,CLSI,2013,26142410,cattle,USA,NA
Escherichia,coli,SRR2239622,Susceptible,GEN,=,1,mg/L,Broth dilution,Sensititre,CLSI,2013,26142410,cattle,USA,NA
Escherichia,coli,SRR2239623,Susceptible,GEN,=,1,mg/L,Broth dilution,Sensititre,CLSI,2013,26142410,cattle,USA,NA
Escherichia,coli,SRR2239624,Susceptible,GEN,=,2,mg/L,Broth dilution,Sensititre,CLSI,2013,26142410,cattle,USA,NA
Escherichia,coli,SRR2239625,Susceptible,GEN,=,0.5,mg/L,Broth dilution,Sensititre,CLSI,2013,26142410,cattle,USA,NA
Escherichia,coli,SRR2239626,Resistant,GEN,NA,16,mg/L,Broth dilution,Sensititre,CLSI,2013,26142410,cattle,USA,NA
Escherichia,coli,SRR2239627,Susceptible,GEN,=,1,mg/L,Broth dilution,Sensititre,CLSI,2013,26142410,cattle,USA,NA
Escherichia,coli,SRR2239628,Susceptible,GEN,=,1,mg/L,Broth dilution,Sensititre,CLSI,2013,26142410,cattle,USA,NA
Escherichia,coli,SRR2239629,Susceptible,GEN,=,1,mg/L,Broth dilution,Sensititre,CLSI,2013,26142410,cattle,USA,NA
Escherichia,coli,SRR2239630,Susceptible,GEN,=,0.5,mg/L,Broth dilution,Sensititre,CLSI,2013,26142410,cattle,USA,NA
Escherichia,coli,SRR2239631,Susceptible,GEN,=,0.5,mg/L,Broth dilution,Sensititre,CLSI,2013,26142410,cattle,USA,NA
Escherichia,coli,SRR2239632,Susceptible,GEN,=,1,mg/L,Broth dilution,Sensititre,CLSI,2013,26142410,cattle,USA,NA
Escherichia,coli,SRR2239633,Susceptible,GEN,=,1,mg/L,Broth dilution,Sensititre,CLSI,2013,26142410,cattle,USA,NA
Escherichia,coli,SRR2239634,Susceptible,GEN,=,1,mg/L,Broth dilution,Sensititre,CLSI,2013,26142410,cattle,USA,NA
Escherichia,coli,SRR2239635,Susceptible,GEN,=,1,mg/L,Broth dilution,Sensititre,CLSI,2013,26142410,cattle,USA,NA
Escherichia,coli,SRR2239636,Susceptible,GEN,=,1,mg/L,Broth dilution,Sensititre,CLSI,2013,26142410,cattle,USA,NA
Escherichia,coli,SRR2239637,Susceptible,GEN,=,1,mg/L,Broth dilution,Sensititre,CLSI,2013,26142410,cattle,USA,NA
Escherichia,coli,SRR2239638,Susceptible,GEN,=,0.5,mg/L,Broth dilution,Sensititre,CLSI,2013,26142410,cattle,USA,NA
Escherichia,coli,SRR2239639,Susceptible,GEN,=,1,mg/L,Broth dilution,Sensititre,CLSI,2013,26142410,cattle,USA,NA
Escherichia,coli,SRR2239640,Susceptible,GEN,=,0.5,mg/L,Broth dilution,Sensititre,CLSI,2013,26142410,cattle,USA,NA
Escherichia,coli,SRR2239641,Susceptible,GEN,=,1,mg/L,Broth dilution,Sensititre,CLSI,2013,26142410,cattle,USA,NA
Escherichia,coli,SRR2239642,Susceptible,GEN,=,1,mg/L,Broth dilution,Sensititre,CLSI,2013,26142410,cattle,USA,NA
Escherichia,coli,SRR2239643,Susceptible,GEN,=,0.5,mg/L,Broth dilution,Sensititre,CLSI,2013,26142410,cattle,USA,NA
Escherichia,coli,SRR2239644,Susceptible,GEN,=,1,mg/L,Broth dilution,Sensititre,CLSI,2013,26142410,cattle,USA,NA
Escherichia,coli,SRR2239645,Susceptible,GEN,=,1,mg/L,Broth dilution,Sensititre,CLSI,2013,26142410,cattle,USA,NA
Escherichia,coli,SRR2239646,Susceptible,GEN,=,1,mg/L,Broth dilution,Sensititre,CLSI,2013,26142410,cattle,USA,NA
Escherichia,coli,SRR2239647,Susceptible,GEN,=,1,mg/L,Broth dilution,Sensititre,CLSI,2013,26142410,cattle,USA,NA
Escherichia,coli,SRR2239648,Susceptible,GEN,=,0.5,mg/L,Broth dilution,Sensititre,CLSI,2013,26142410,cattle,USA,NA
Escherichia,coli,SRR2239649,Resistant,GEN,NA,16,mg/L,Broth dilution,Sensititre,CLSI,2013,26142410,cattle,USA,NA
Escherichia,coli,SRR2239650,Susceptible,GEN,=,1,mg/L,Broth dilution,Sensititre,CLSI,2013,26142410,cattle,USA,NA
Pseudomonas,aeruginosa,SRR2299415,Intermediate,CAZ,NA,28,mm,Disk diffusion,NA,CLSI,2013,NA,sputum,USA,NA
Salmonella,enterica,SRR2407533,Resistant,GEN,NA,16,mg/L,Broth dilution,NA,CLSI,2013,NA,Chicken Wings,USA,NA
Salmonella,enterica,SRR2407549,Resistant,GEN,NA,16,mg/L,Broth dilution,NA,CLSI,2013,NA,Chicken Thighs,USA,NA
Salmonella,enterica,SRR2407560,Susceptible,GEN,<=,0.25,mg/L,Broth dilution,NA,CLSI,2013,30333126,Chicken Breast,USA,NA
Salmonella,enterica,SRR2407568,Susceptible,GEN,=,0.5,mg/L,Broth dilution,NA,CLSI,2013,30333126,Chicken Breast,USA,NA
Salmonella,enterica,SRR2407585,Susceptible,GEN,=,0.5,mg/L,Broth dilution,NA,CLSI,2013,NA,Ground Turkey,USA,NA
Salmonella,enterica,SRR2407588,Resistant,GEN,NA,16,mg/L,Broth dilution,NA,CLSI,2013,30333126,Ground Turkey,USA,NA
Salmonella,enterica,SRR2407589,Resistant,GEN,NA,16,mg/L,Broth dilution,NA,CLSI,2013,30333126,Ground Turkey,USA,NA
Salmonella,enterica,SRR2407598,Susceptible,GEN,NA,1,mg/L,Broth dilution,Sensititre,CLSI,2013,30333126,Chicken Breast,USA,NA
Salmonella,enterica,SRR2407600,Resistant,GEN,NA,16,mg/L,Broth dilution,NA,CLSI,2013,NA,Ground Turkey,USA,NA
Salmonella,enterica,SRR2407601,Resistant,GEN,NA,16,mg/L,Broth dilution,Sensititre,CLSI,2013,32513803,Ground Turkey,USA,NA
Salmonella,enterica,SRR2407605,Susceptible,GEN,<=,0.25,mg/L,Broth dilution,Sensititre,CLSI,2013,30333126,Chicken Breast,USA,NA
Salmonella,enterica,SRR2407616,Resistant,GEN,NA,16,mg/L,Broth dilution,NA,CLSI,2013,NA,Ground Turkey,USA,NA
Salmonella,enterica,SRR2407628,Susceptible,GEN,NA,0.5,mg/L,Broth dilution,Sensititre,CLSI,2013,30333126,Chicken Breast,USA,NA
Salmonella,enterica,SRR2407629,Susceptible,GEN,NA,0.5,mg/L,Broth dilution,Sensititre,CLSI,2013,30333126,Chicken Breast,USA,NA
Salmonella,enterica,SRR2407632,Resistant,GEN,NA,16,mg/L,Broth dilution,Sensititre,CLSI,2013,30333126,Chicken Breast,USA,NA
Salmonella,enterica,SRR2407645,Resistant,GEN,NA,16,mg/L,Broth dilution,NA,CLSI,2013,NA,Chicken Breast,USA,NA
Salmonella,enterica,SRR2407646,Resistant,GEN,NA,16,mg/L,Broth dilution,Sensititre,CLSI,2013,30333126,Chicken Breast,USA,NA
Salmonella,enterica,SRR2407648,Susceptible,GEN,<=,0.25,mg/L,Broth dilution,Sensititre,CLSI,2013,30333126,Chicken Breast,USA,NA
Salmonella,enterica,SRR2407654,Susceptible,GEN,=,0.5,mg/L,Broth dilution,NA,CLSI,2013,NA,Pork Chop,USA,NA
Salmonella,enterica,SRR2407656,Resistant,GEN,NA,16,mg/L,Broth dilution,NA,CLSI,2013,NA,Ground Turkey,USA,NA
Salmonella,enterica,SRR2407661,Susceptible,GEN,NA,0.5,mg/L,Broth dilution,Sensititre,CLSI,2013,30333126,Chicken Breast,USA,NA
Salmonella,enterica,SRR2407681,Susceptible,GEN,=,0.5,mg/L,Broth dilution,NA,CLSI,2013,30333126,Chicken Breast,USA,NA
Salmonella,enterica,SRR2407707,Susceptible,GEN,=,0.5,mg/L,Broth dilution,NA,CLSI,2013,30333126,Ground Turkey,USA,NA
Salmonella,enterica,SRR2407715,Susceptible,GEN,<=,0.25,mg/L,Broth dilution,NA,CLSI,2013,30333126,Chicken Wings,USA,NA
Salmonella,enterica,SRR2407716,Resistant,GEN,NA,16,mg/L,Broth dilution,NA,CLSI,2013,NA,Ground Turkey,USA,NA
Salmonella,enterica,SRR2407719,Resistant,GEN,NA,16,mg/L,Broth dilution,NA,CLSI,2013,32513803,Ground Turkey,USA,NA
Salmonella,enterica,SRR2407720,Resistant,GEN,NA,8,mg/L,Broth dilution,Sensititre,CLSI,2013,30333126,Ground Turkey,USA,NA
Salmonella,enterica,SRR2407725,Susceptible,GEN,=,0.5,mg/L,Broth dilution,NA,CLSI,2013,NA,Ground Turkey,USA,NA
Salmonella,enterica,SRR2407727,Susceptible,GEN,=,2,mg/L,Broth dilution,NA,CLSI,2013,NA,Pork Chop,USA,NA
Salmonella,enterica,SRR2407731,Susceptible,GEN,=,0.5,mg/L,Broth dilution,NA,CLSI,2013,30333126,Chicken Wings,USA,NA
Salmonella,enterica,SRR2407735,Susceptible,GEN,=,1,mg/L,Broth dilution,NA,CLSI,2013,30333126,Chicken Wings,USA,NA
Salmonella,enterica,SRR2407736,Susceptible,GEN,=,1,mg/L,Broth dilution,NA,CLSI,2013,NA,Ground Beef,USA,NA
Salmonella,enterica,SRR2407737,Susceptible,GEN,<=,0.25,mg/L,Broth dilution,Sensititre,CLSI,2013,30333126,Ground Beef,USA,NA
Salmonella,enterica,SRR2407744,Susceptible,GEN,=,0.5,mg/L,Broth dilution,NA,CLSI,2013,NA,Chicken Breast,USA,NA
Salmonella,enterica,SRR2407748,Susceptible,GEN,=,0.5,mg/L,Broth dilution,NA,CLSI,2013,30333126,Chicken Breast,USA,NA
Salmonella,enterica,SRR2407756,Susceptible,GEN,NA,0.5,mg/L,Broth dilution,Sensititre,CLSI,2013,30333126,Chicken Breast,USA,NA
Salmonella,enterica,SRR2407757,Susceptible,GEN,=,0.5,mg/L,Broth dilution,NA,CLSI,2013,NA,Chicken Breast,USA,NA
Salmonella,enterica,SRR2407762,Resistant,GEN,NA,16,mg/L,Broth dilution,NA,CLSI,2013,30333126,Chicken Breast,USA,NA
Salmonella,enterica,SRR2407764,Susceptible,GEN,<=,0.25,mg/L,Broth dilution,NA,CLSI,2013,30333126,Pork Chop,USA,NA
Salmonella,enterica,SRR2407766,Resistant,GEN,NA,16,mg/L,Broth dilution,NA,CLSI,2013,30333126,Ground Turkey,USA,NA
Salmonella,enterica,SRR2407768,Susceptible,GEN,<=,0.25,mg/L,Broth dilution,NA,CLSI,2013,NA,Chicken Breast,USA,NA
Salmonella,enterica,SRR2407778,Resistant,GEN,NA,8,mg/L,Broth dilution,NA,CLSI,2013,30333126,Chicken Legs,USA,NA
Salmonella,enterica,SRR2407782,Susceptible,GEN,<=,0.25,mg/L,Broth dilution,NA,CLSI,2013,30333126,Chicken Thighs,USA,NA
Salmonella,enterica,SRR2407787,Resistant,GEN,NA,16,mg/L,Broth dilution,NA,CLSI,2013,30333126,Ground Turkey,USA,NA
Salmonella,enterica,SRR2407789,Resistant,GEN,NA,16,mg/L,Broth dilution,NA,CLSI,2013,30333126,Ground Turkey,USA,NA
Salmonella,enterica,SRR2407795,Resistant,GEN,NA,16,mg/L,Broth dilution,NA,CLSI,2013,NA,Ground Turkey,USA,NA
Escherichia,coli,SRR2449036,Resistant,GEN,NA,16,mg/L,Broth dilution,VITEK 2,CLSI,2013,NA,blood,USA,NA
Escherichia,coli,SRR2449085,Resistant,GEN,NA,16,mg/L,Broth dilution,VITEK 2,CLSI,2013,NA,blood,USA,NA
Escherichia,coli,SRR2449109,Resistant,GEN,NA,16,mg/L,Broth dilution,VITEK 2,CLSI,2013,NA,blood,USA,NA
Escherichia,coli,SRR2449140,Resistant,GEN,NA,16,mg/L,Broth dilution,VITEK 2,CLSI,2013,NA,blood,USA,NA
Escherichia,coli,SRR2449141,Resistant,GEN,NA,16,mg/L,Broth dilution,VITEK 2,CLSI,2013,NA,blood,USA,NA
Escherichia,coli,SRR2449142,Susceptible,GEN,<=,1,mg/L,Broth dilution,VITEK 2,CLSI,2013,NA,blood,USA,NA
Escherichia,coli,SRR2449143,Resistant,GEN,NA,16,mg/L,Broth dilution,VITEK 2,CLSI,2013,NA,blood,USA,NA
Escherichia,coli,SRR2449168,Resistant,GEN,NA,16,mg/L,Broth dilution,VITEK 2,CLSI,2013,NA,blood,USA,NA
Escherichia,coli,SRR2449204,Resistant,GEN,NA,16,mg/L,Broth dilution,VITEK 2,CLSI,2013,NA,blood,USA,NA
Escherichia,coli,SRR2449248,Resistant,GEN,NA,16,mg/L,Broth dilution,VITEK 2,CLSI,2013,NA,blood,USA,NA
Klebsiella,pneumoniae,SRR2449251,Resistant,GEN,NA,16,mg/L,Broth dilution,VITEK 2,CLSI,2013,NA,urine,USA,NA
Pseudomonas,aeruginosa,SRR2449253,Susceptible,CAZ,=,6,mm,Disk diffusion,KB panel,CLSI,2013,NA,bronchial alveolar lavage,USA,NA
Escherichia,coli,SRR2449254,Resistant,GEN,NA,16,mg/L,Broth dilution,VITEK 2,CLSI,2013,NA,blood,USA,NA
Salmonella,enterica,SRR2532631,Resistant,GEN,NA,16,mg/L,Broth dilution,Sensititre,CLSI,2013,30333126,Ground Turkey,USA,NA
Salmonella,enterica,SRR2532635,Susceptible,GEN,<=,0.25,mg/L,Broth dilution,Sensititre,CLSI,2013,30333126,Chicken Breast,USA,NA
Salmonella,enterica,SRR2532788,Resistant,GEN,NA,8,mg/L,Broth dilution,Sensititre,CLSI,2013,30333126,Pork Chop,USA,NA
Salmonella,enterica,SRR2532791,Susceptible,GEN,NA,0.5,mg/L,Broth dilution,Sensititre,CLSI,2013,30333126,Pork Chop,USA,NA
Salmonella,enterica,SRR2533321,Susceptible,GEN,<=,0.25,mg/L,Broth dilution,Sensititre,CLSI,2013,30333126,Chicken Breast,USA,NA
Salmonella,enterica,SRR2533323,Susceptible,GEN,NA,0.5,mg/L,Broth dilution,Sensititre,CLSI,2013,30333126,Ground Turkey,USA,NA
Salmonella,enterica,SRR2533324,Susceptible,GEN,NA,0.5,mg/L,Broth dilution,Sensititre,CLSI,2013,30333126,Ground Turkey,USA,NA
Salmonella,enterica,SRR2533328,Resistant,GEN,NA,16,mg/L,Broth dilution,Sensititre,CLSI,2013,30333126,Ground Turkey,USA,NA
Salmonella,enterica,SRR2533333,Resistant,GEN,NA,16,mg/L,Broth dilution,Sensititre,CLSI,2013,30333126,Pork Chop,USA,NA
Salmonella,enterica,SRR2533342,Resistant,GEN,NA,16,mg/L,Broth dilution,Sensititre,CLSI,2013,30333126,Ground Turkey,USA,NA
Salmonella,enterica,SRR2533345,Susceptible,GEN,NA,0.5,mg/L,Broth dilution,Sensititre,CLSI,2013,30333126,Ground Turkey,USA,NA
Salmonella,enterica,SRR2533346,Susceptible,GEN,NA,0.5,mg/L,Broth dilution,Sensititre,CLSI,2013,30333126,Ground Beef,USA,NA
Salmonella,enterica,SRR2533348,Susceptible,GEN,NA,0.5,mg/L,Broth dilution,Sensititre,CLSI,2013,30333126,Chicken Breast,USA,NA
Salmonella,enterica,SRR2533383,Resistant,GEN,NA,16,mg/L,Broth dilution,Sensititre,CLSI,2013,30333126,Ground Turkey,USA,NA
Salmonella,enterica,SRR2533437,Resistant,GEN,NA,16,mg/L,Broth dilution,Sensititre,CLSI,2013,30333126,Ground Turkey,USA,NA
Salmonella,enterica,SRR2533446,Resistant,GEN,NA,16,mg/L,Broth dilution,Sensititre,CLSI,2013,30333126,Ground Turkey,USA,NA
Salmonella,enterica,SRR2533452,Resistant,GEN,NA,16,mg/L,Broth dilution,Sensititre,CLSI,2013,30333126,Ground Turkey,USA,NA
Salmonella,enterica,SRR2533454,Resistant,GEN,NA,16,mg/L,Broth dilution,Sensititre,CLSI,2013,30333126,Ground Turkey,USA,NA
Salmonella,enterica,SRR2533458,Resistant,GEN,NA,16,mg/L,Broth dilution,Sensititre,CLSI,2013,30333126,Ground Turkey,USA,NA
Salmonella,enterica,SRR2533460,Resistant,GEN,NA,16,mg/L,Broth dilution,Sensititre,CLSI,2013,30333126,Ground Turkey,USA,NA
Salmonella,enterica,SRR2533476,Susceptible,GEN,<=,0.25,mg/L,Broth dilution,Sensititre,CLSI,2013,30333126,Ground Turkey,USA,NA
Salmonella,enterica,SRR2533544,Resistant,GEN,NA,16,mg/L,Broth dilution,Sensititre,CLSI,2013,30333126,Ground Turkey,USA,NA
Escherichia,coli,SRR2544769,Resistant,GEN,NA,16,mg/L,Broth dilution,VITEK 2,CLSI,2013,NA,blood,USA,NA
Escherichia,coli,SRR2544770,Susceptible,GEN,<=,1,mg/L,Broth dilution,VITEK 2,CLSI,2013,NA,blood,USA,NA
Escherichia,coli,SRR2544771,Resistant,GEN,NA,16,mg/L,Broth dilution,VITEK 2,CLSI,2013,NA,blood,USA,NA
Escherichia,coli,SRR2544772,Resistant,GEN,NA,16,mg/L,Broth dilution,VITEK 2,CLSI,2013,NA,blood,USA,NA
Escherichia,coli,SRR2544773,Resistant,GEN,NA,16,mg/L,Broth dilution,VITEK 2,CLSI,2013,NA,blood,USA,NA
Escherichia,coli,SRR2544774,Resistant,GEN,NA,16,mg/L,Broth dilution,VITEK 2,CLSI,2013,NA,blood,USA,NA
Escherichia,coli,SRR2544775,Susceptible,GEN,<=,1,mg/L,Broth dilution,VITEK 2,CLSI,2013,NA,blood,USA,NA
Escherichia,coli,SRR2544776,Resistant,GEN,NA,16,mg/L,Broth dilution,VITEK 2,CLSI,2013,NA,blood,USA,NA
Escherichia,coli,SRR2544777,Resistant,GEN,NA,16,mg/L,Broth dilution,VITEK 2,CLSI,2013,NA,blood,USA,NA
Escherichia,coli,SRR2544778,Resistant,GEN,NA,16,mg/L,Broth dilution,VITEK 2,CLSI,2013,NA,blood,USA,NA
Klebsiella,pneumoniae,SRR2544779,Susceptible,GEN,<=,1,mg/L,Broth dilution,VITEK 2,CLSI,2013,NA,rectal,USA,NA
Pseudomonas,aeruginosa,SRR2544785,Intermediate,CAZ,NA,12,mm,Disk diffusion,KB panel,CLSI,2013,NA,bronchial alveolar lavage,USA,NA
Salmonella,enterica,SRR2566858,Susceptible,GEN,=,0.5,mg/L,Broth dilution,NA,CLSI,2013,27381390,Chicken Breast,USA,NA
Salmonella,enterica,SRR2566864,Resistant,GEN,NA,16,mg/L,Broth dilution,CMV2AGNF/CMV3AGNF,CLSI,2013,27381390,Ground Turkey,USA,NA
Salmonella,enterica,SRR2566865,Susceptible,GEN,NA,0.5,mg/L,Broth dilution,Sensititre,CLSI,2013,30333126,Ground Turkey,USA,NA
Salmonella,enterica,SRR2566872,Susceptible,GEN,=,0.5,mg/L,Broth dilution,NA,CLSI,2013,27381390,Ground Turkey,USA,NA
Salmonella,enterica,SRR2566876,Susceptible,GEN,<=,0.25,mg/L,Broth dilution,NA,CLSI,2013,27381390,Chicken Breast,USA,NA
Salmonella,enterica,SRR2566877,Susceptible,GEN,=,0.5,mg/L,Broth dilution,NA,CLSI,2013,27381390,Chicken Breast,USA,NA
Salmonella,enterica,SRR2566882,Susceptible,GEN,NA,0.5,mg/L,Broth dilution,Sensititre,CLSI,2013,30333126,Chicken Breast,USA,NA
Salmonella,enterica,SRR2566885,Susceptible,GEN,NA,0.5,mg/L,Broth dilution,Sensititre,CLSI,2013,30333126,Ground Turkey,USA,NA
Salmonella,enterica,SRR2566889,Susceptible,GEN,=,1,mg/L,Broth dilution,CMV2AGNF/CMV3AGNF,CLSI,2013,27381390,Chicken Breast,USA,NA
Salmonella,enterica,SRR2566891,Resistant,GEN,NA,16,mg/L,Broth dilution,CMV2AGNF/CMV3AGNF,CLSI,2013,27381390,Ground Turkey,USA,NA
Salmonella,enterica,SRR2566892,Resistant,GEN,NA,16,mg/L,Broth dilution,CMV2AGNF/CMV3AGNF,CLSI,2013,27381390,Ground Turkey,USA,NA
Salmonella,enterica,SRR2566905,Susceptible,GEN,<=,0.25,mg/L,Broth dilution,Sensititre,CLSI,2013,30333126,Chicken Breast,USA,NA
Salmonella,enterica,SRR2566907,Susceptible,GEN,=,0.5,mg/L,Broth dilution,NA,CLSI,2013,27381390,Chicken Breast,USA,NA
Salmonella,enterica,SRR2566915,Resistant,GEN,NA,16,mg/L,Broth dilution,NA,CLSI,2013,27381390,Chicken Breast,USA,NA
Salmonella,enterica,SRR2566923,Susceptible,GEN,=,0.5,mg/L,Broth dilution,NA,CLSI,2013,27381390,Chicken Breast,USA,NA
Salmonella,enterica,SRR2566925,Susceptible,GEN,=,0.5,mg/L,Broth dilution,NA,CLSI,2013,27381390,Chicken Breast,USA,NA
Salmonella,enterica,SRR2566926,Susceptible,GEN,NA,0.5,mg/L,Broth dilution,Sensititre,CLSI,2013,30333126,Ground Turkey,USA,NA
Salmonella,enterica,SRR2566929,Susceptible,GEN,=,0.5,mg/L,Broth dilution,CMV2AGNF/CMV3AGNF,CLSI,2013,27381390,Pork Chops,USA,NA
Salmonella,enterica,SRR2566933,Susceptible,GEN,=,0.5,mg/L,Broth dilution,NA,CLSI,2013,27381390,Chicken Breast,USA,NA
Salmonella,enterica,SRR2566938,Resistant,GEN,NA,16,mg/L,Broth dilution,CMV2AGNF/CMV3AGNF,CLSI,2013,27381390,Chicken Breast,USA,NA
Salmonella,enterica,SRR2566941,Susceptible,GEN,=,0.5,mg/L,Broth dilution,CMV2AGNF/CMV3AGNF,CLSI,2013,27381390,Ground Turkey,USA,NA
Salmonella,enterica,SRR2566946,Susceptible,GEN,=,0.5,mg/L,Broth dilution,NA,CLSI,2013,27381390,Chicken Breast,USA,NA
Salmonella,enterica,SRR2566948,Resistant,GEN,NA,16,mg/L,Broth dilution,NA,CLSI,2013,27381390,Ground Turkey,USA,NA
Salmonella,enterica,SRR2566956,Susceptible,GEN,=,0.5,mg/L,Broth dilution,NA,CLSI,2013,27381390,Chicken Breast,USA,NA
Salmonella,enterica,SRR2566958,Susceptible,GEN,=,1,mg/L,Broth dilution,NA,CLSI,2013,27381390,Ground Turkey,USA,NA
Salmonella,enterica,SRR2566962,Resistant,GEN,NA,16,mg/L,Broth dilution,NA,CLSI,2013,27381390,Ground Turkey,USA,NA
Salmonella,enterica,SRR2566966,Resistant,GEN,NA,16,mg/L,Broth dilution,CMV2AGNF/CMV3AGNF,CLSI,2013,27381390,Ground Turkey,USA,NA
Salmonella,enterica,SRR2566979,Susceptible,GEN,NA,0.5,mg/L,Broth dilution,Sensititre,CLSI,2013,30333126,Pork Chop,USA,NA
Salmonella,enterica,SRR2566980,Susceptible,GEN,=,0.5,mg/L,Broth dilution,NA,CLSI,2013,27381390,Chicken Breast,USA,NA
Salmonella,enterica,SRR2566981,Susceptible,GEN,=,0.5,mg/L,Broth dilution,NA,CLSI,2013,27381390,Chicken Breast,USA,NA
Salmonella,enterica,SRR2566982,Resistant,GEN,NA,16,mg/L,Broth dilution,CMV2AGNF/CMV3AGNF,CLSI,2013,27381390,Chicken Breast,USA,NA
Salmonella,enterica,SRR2566984,Resistant,GEN,NA,16,mg/L,Broth dilution,CMV2AGNF/CMV3AGNF,CLSI,2013,27381390,Ground Turkey,USA,NA
Salmonella,enterica,SRR2566985,Susceptible,GEN,=,0.5,mg/L,Broth dilution,CMV2AGNF/CMV3AGNF,CLSI,2013,27381390,Ground Turkey,USA,NA
Salmonella,enterica,SRR2566987,Resistant,GEN,NA,16,mg/L,Broth dilution,NA,CLSI,2013,27381390,Ground Turkey,USA,NA
Salmonella,enterica,SRR2566989,Resistant,GEN,NA,16,mg/L,Broth dilution,NA,CLSI,2013,27381390,Ground Beef,USA,NA
Salmonella,enterica,SRR2566992,Susceptible,GEN,=,0.5,mg/L,Broth dilution,CMV2AGNF/CMV3AGNF,CLSI,2013,27381390,Chicken Breast,USA,NA
Salmonella,enterica,SRR2566993,Resistant,GEN,NA,16,mg/L,Broth dilution,NA,CLSI,2013,27381390,Chicken Breast,USA,NA
Salmonella,enterica,SRR2566994,Resistant,GEN,NA,16,mg/L,Broth dilution,NA,CLSI,2013,27381390,Chicken Breast,USA,NA
Salmonella,enterica,SRR2567000,Resistant,GEN,NA,16,mg/L,Broth dilution,NA,CLSI,2013,27381390,Ground Turkey,USA,NA
Salmonella,enterica,SRR2567001,Susceptible,GEN,=,0.5,mg/L,Broth dilution,CMV2AGNF/CMV3AGNF,CLSI,2013,27381390,Chicken Breast,USA,NA
Salmonella,enterica,SRR2567004,Susceptible,GEN,=,0.5,mg/L,Broth dilution,CMV2AGNF/CMV3AGNF,CLSI,2013,27381390,Ground Turkey,USA,NA
Salmonella,enterica,SRR2567008,Resistant,GEN,NA,16,mg/L,Broth dilution,CMV2AGNF/CMV3AGNF,CLSI,2013,27381390,Ground Turkey,USA,NA
Salmonella,enterica,SRR2567010,Susceptible,GEN,=,0.5,mg/L,Broth dilution,CMV2AGNF/CMV3AGNF,CLSI,2013,27381390,Chicken Breast,USA,NA
Salmonella,enterica,SRR2567014,Susceptible,GEN,NA,0.5,mg/L,Broth dilution,Sensititre,CLSI,2013,30333126,Chicken Breast,USA,NA
Salmonella,enterica,SRR2567021,Susceptible,GEN,<=,0.25,mg/L,Broth dilution,Sensititre,CLSI,2013,30333126,Chicken Breast,USA,NA
Salmonella,enterica,SRR2567023,Susceptible,GEN,=,0.5,mg/L,Broth dilution,CMV2AGNF/CMV3AGNF,CLSI,2013,27381390,Ground Turkey,USA,NA
Salmonella,enterica,SRR2567026,Susceptible,GEN,<=,0.25,mg/L,Broth dilution,NA,CLSI,2013,27381390,Chicken Breast,USA,NA
Salmonella,enterica,SRR2567027,Resistant,GEN,NA,16,mg/L,Broth dilution,CMV2AGNF/CMV3AGNF,CLSI,2013,27381390,Ground Turkey,USA,NA
Salmonella,enterica,SRR2567028,Resistant,GEN,NA,16,mg/L,Broth dilution,NA,CLSI,2013,27381390,Ground Turkey,USA,NA
Salmonella,enterica,SRR2567032,Susceptible,GEN,<=,0.25,mg/L,Broth dilution,CMV2AGNF/CMV3AGNF,CLSI,2013,27381390,Chicken Breast,USA,NA
Salmonella,enterica,SRR2567036,Resistant,GEN,NA,16,mg/L,Broth dilution,CMV2AGNF/CMV3AGNF,CLSI,2013,27381390,Ground Turkey,USA,NA
Salmonella,enterica,SRR2567040,Susceptible,GEN,NA,0.5,mg/L,Broth dilution,Sensititre,CLSI,2013,30333126,Ground Turkey,USA,NA
Salmonella,enterica,SRR2567041,Susceptible,GEN,NA,0.5,mg/L,Broth dilution,Sensititre,CLSI,2013,30333126,Chicken Breast,USA,NA
Salmonella,enterica,SRR2567045,Resistant,GEN,NA,16,mg/L,Broth dilution,NA,CLSI,2013,27381390,Ground Turkey,USA,NA
Salmonella,enterica,SRR2567047,Susceptible,GEN,<=,0.25,mg/L,Broth dilution,NA,CLSI,2013,27381390,Chicken Breast,USA,NA
Salmonella,enterica,SRR2567051,Susceptible,GEN,NA,0.5,mg/L,Broth dilution,Sensititre,CLSI,2013,32513803,Ground Turkey,USA,NA
Salmonella,enterica,SRR2567056,Resistant,GEN,NA,16,mg/L,Broth dilution,NA,CLSI,2013,27381390,Ground Turkey,USA,NA
Salmonella,enterica,SRR2567057,Resistant,GEN,NA,16,mg/L,Broth dilution,Sensititre,CLSI,2013,30333126,Ground Turkey,USA,NA
Salmonella,enterica,SRR2567058,Susceptible,GEN,=,0.5,mg/L,Broth dilution,NA,CLSI,2013,27381390,Ground Turkey,USA,NA
Salmonella,enterica,SRR2567059,Susceptible,GEN,=,0.5,mg/L,Broth dilution,CMV2AGNF/CMV3AGNF,CLSI,2013,27381390,Ground Turkey,USA,NA
Salmonella,enterica,SRR2567062,Susceptible,GEN,<=,0.25,mg/L,Broth dilution,NA,CLSI,2013,27381390,Chicken Breast,USA,NA
Salmonella,enterica,SRR2567064,Resistant,GEN,NA,16,mg/L,Broth dilution,Sensititre,CLSI,2013,30333126,Chicken Breast,USA,NA
Salmonella,enterica,SRR2567067,Resistant,GEN,NA,16,mg/L,Broth dilution,NA,CLSI,2013,27381390,Ground Turkey,USA,NA
Salmonella,enterica,SRR2567068,Susceptible,GEN,<=,0.25,mg/L,Broth dilution,NA,CLSI,2013,27381390,Chicken Breast,USA,NA
Salmonella,enterica,SRR2567072,Resistant,GEN,NA,16,mg/L,Broth dilution,Sensititre,CLSI,2013,30333126,Ground Turkey,USA,NA
Salmonella,enterica,SRR2567077,Susceptible,GEN,<=,0.25,mg/L,Broth dilution,CMV2AGNF/CMV3AGNF,CLSI,2013,27381390,Chicken Breast,USA,NA
Salmonella,enterica,SRR2567079,Resistant,GEN,NA,16,mg/L,Broth dilution,NA,CLSI,2013,27381390,Chicken Breast,USA,NA
Salmonella,enterica,SRR2567083,Susceptible,GEN,<=,0.25,mg/L,Broth dilution,CMV2AGNF/CMV3AGNF,CLSI,2013,27381390,Ground Beef,USA,NA
Salmonella,enterica,SRR2567085,Susceptible,GEN,<=,0.25,mg/L,Broth dilution,CMV2AGNF/CMV3AGNF,CLSI,2013,27381390,Ground Turkey,USA,NA
Salmonella,enterica,SRR2567088,Resistant,GEN,NA,16,mg/L,Broth dilution,NA,CLSI,2013,27381390,Ground Turkey,USA,NA
Salmonella,enterica,SRR2567094,Susceptible,GEN,<=,0.25,mg/L,Broth dilution,Sensititre,CLSI,2013,30333126,Chicken Breast,USA,NA
Salmonella,enterica,SRR2567113,Susceptible,GEN,<=,0.25,mg/L,Broth dilution,NA,CLSI,2013,27381390,Chicken Breast,USA,NA
Salmonella,enterica,SRR2567125,Resistant,GEN,NA,16,mg/L,Broth dilution,Sensititre,CLSI,2013,30333126,Ground Beef,USA,NA
Salmonella,enterica,SRR2567132,Resistant,GEN,NA,8,mg/L,Broth dilution,CMV2AGNF/CMV3AGNF,CLSI,2013,27381390,Ground Turkey,USA,NA
Salmonella,enterica,SRR2567137,Resistant,GEN,NA,16,mg/L,Broth dilution,CMV2AGNF/CMV3AGNF,CLSI,2013,27381390,Chicken Breast,USA,NA
Salmonella,enterica,SRR2567144,Susceptible,GEN,=,1,mg/L,Broth dilution,CMV2AGNF/CMV3AGNF,CLSI,2013,27381390,Ground Beef,USA,NA
Salmonella,enterica,SRR2567148,Susceptible,GEN,<=,0.25,mg/L,Broth dilution,NA,CLSI,2013,27381390,Chicken Breast,USA,NA
Salmonella,enterica,SRR2567151,Resistant,GEN,NA,16,mg/L,Broth dilution,CMV2AGNF/CMV3AGNF,CLSI,2013,27381390,Chicken Breast,USA,NA
Salmonella,enterica,SRR2567164,Resistant,GEN,NA,16,mg/L,Broth dilution,CMV2AGNF/CMV3AGNF,CLSI,2013,27381390,Ground Turkey,USA,NA
Salmonella,enterica,SRR2567167,Resistant,GEN,NA,16,mg/L,Broth dilution,CMV2AGNF/CMV3AGNF,CLSI,2013,27381390,Ground Turkey,USA,NA
Salmonella,enterica,SRR2567172,Resistant,GEN,NA,16,mg/L,Broth dilution,NA,CLSI,2013,27381390,Ground Turkey,USA,NA
Salmonella,enterica,SRR2567174,Resistant,GEN,NA,16,mg/L,Broth dilution,NA,CLSI,2013,27381390,Ground Turkey,USA,NA
Salmonella,enterica,SRR2567177,Susceptible,GEN,=,0.5,mg/L,Broth dilution,CMV2AGNF/CMV3AGNF,CLSI,2013,27381390,Ground Turkey,USA,NA
Salmonella,enterica,SRR2567178,Susceptible,GEN,=,0.5,mg/L,Broth dilution,NA,CLSI,2013,27381390,Chicken Breast,USA,NA
Salmonella,enterica,SRR2567183,Susceptible,GEN,NA,0.5,mg/L,Broth dilution,Sensititre,CLSI,2013,30333126,Ground Beef,USA,NA
Salmonella,enterica,SRR2567185,Resistant,GEN,NA,16,mg/L,Broth dilution,CMV2AGNF/CMV3AGNF,CLSI,2013,27381390,Ground Turkey,USA,NA
Salmonella,enterica,SRR2567193,Susceptible,GEN,<=,0.25,mg/L,Broth dilution,Sensititre,CLSI,2013,30333126,Chicken Breast,USA,NA
Salmonella,enterica,SRR2567196,Susceptible,GEN,<=,0.25,mg/L,Broth dilution,CMV2AGNF/CMV3AGNF,CLSI,2013,27381390,Chicken Breast,USA,NA
Salmonella,enterica,SRR2567205,Resistant,GEN,NA,16,mg/L,Broth dilution,NA,CLSI,2013,27381390,Ground Turkey,USA,NA
Salmonella,enterica,SRR2567206,Susceptible,GEN,=,1,mg/L,Broth dilution,CMV2AGNF/CMV3AGNF,CLSI,2013,27381390,Chicken Breast,USA,NA
Salmonella,enterica,SRR2567209,Susceptible,GEN,=,0.5,mg/L,Broth dilution,NA,CLSI,2013,27381390,Chicken Breast,USA,NA
Salmonella,enterica,SRR2583954,Resistant,GEN,NA,16,mg/L,Broth dilution,Sensititre,CLSI,2013,30333126,Ground Turkey,USA,NA
Salmonella,enterica,SRR2583959,Resistant,GEN,NA,16,mg/L,Broth dilution,Sensititre,CLSI,2013,30333126,Ground Turkey,USA,NA
Salmonella,enterica,SRR2583961,Susceptible,GEN,NA,1,mg/L,Broth dilution,Sensititre,CLSI,2013,30333126,Ground Turkey,USA,NA
Salmonella,enterica,SRR2638018,Susceptible,GEN,NA,0.5,mg/L,Broth dilution,Sensititre,CLSI,2013,30333126,Swine,USA,NA
Salmonella,enterica,SRR2648195,Susceptible,GEN,NA,0.5,mg/L,Broth dilution,Sensititre,CLSI,2013,30333126,Ground Turkey,USA,NA
Salmonella,enterica,SRR2648751,Susceptible,GEN,NA,1,mg/L,Broth dilution,Sensititre,CLSI,2013,30333126,Cattle,USA,NA
Salmonella,enterica,SRR2669161,Resistant,GEN,NA,16,mg/L,Broth dilution,Sensititre,CLSI,2013,30333126,Ground Turkey,USA,NA
Salmonella,enterica,SRR2670695,Resistant,GEN,NA,16,mg/L,Broth dilution,Sensititre,CLSI,2013,30333126,Ground Turkey,USA,NA
Salmonella,enterica,SRR2670707,Susceptible,GEN,NA,0.5,mg/L,Broth dilution,Sensititre,CLSI,2013,30333126,Chicken Breast,USA,NA
Salmonella,enterica,SRR2670712,Resistant,GEN,NA,8,mg/L,Broth dilution,Sensititre,CLSI,2013,30333126,Ground Turkey,USA,NA
Salmonella,enterica,SRR2724060,Resistant,GEN,NA,16,mg/L,Broth dilution,Sensititre,CLSI,2013,30333126,Ground Turkey,USA,NA
Salmonella,enterica,SRR2724061,Susceptible,GEN,NA,0.5,mg/L,Broth dilution,Sensititre,CLSI,2013,30333126,Ground Beef,USA,NA
Salmonella,enterica,SRR2829314,Resistant,GEN,NA,16,mg/L,Broth dilution,Sensititre,CLSI,2013,30333126,Chickens,USA,NA
Salmonella,enterica,SRR2889978,Susceptible,GEN,NA,0.5,mg/L,Broth dilution,Sensititre,CLSI,2013,30333126,Ground Turkey,USA,NA
Salmonella,enterica,SRR2889980,Resistant,GEN,NA,16,mg/L,Broth dilution,Sensititre,CLSI,2013,30333126,Chicken Breast,USA,NA
Acinetobacter,baumannii,SRR2911724,Resistant,CAZ,NA,64,mg/L,Broth dilution,VITEK 2,CLSI,2013,25824815,tracheal mucosa,USA,NA
Acinetobacter,baumannii,SRR2911726,Susceptible,CAZ,=,8,mg/L,Broth dilution,BD Phoenix,CLSI,2013,25824815,sterile tissue of foot,USA,NA
Acinetobacter,baumannii,SRR2911739,Intermediate,CAZ,NA,16,mg/L,Broth dilution,MicroScan,CLSI,2013,25824815,perineum,USA,NA
Salmonella,enterica,SRR2912654,Intermediate,GEN,NA,4,mg/L,Broth dilution,NA,CLSI,2013,30333126,Ground Turkey,USA,NA
Acinetobacter,baumannii,SRR2916634,Resistant,CAZ,NA,64,mg/L,Broth dilution,VITEK 2,CLSI,2013,23812239,blood,USA,NA
Acinetobacter,baumannii,SRR2916635,Resistant,CAZ,NA,64,mg/L,Broth dilution,VITEK 2,CLSI,2013,23812239,sputum,USA,NA
Acinetobacter,baumannii,SRR2916656,Resistant,CAZ,NA,64,mg/L,Broth dilution,VITEK 2,CLSI,2013,23812239,sacrum,USA,NA
Salmonella,enterica,SRR2917935,Susceptible,GEN,<=,0.25,mg/L,Broth dilution,Sensititre,CLSI,2013,30333126,Ground Turkey,USA,NA
Salmonella,enterica,SRR2919947,Susceptible,GEN,NA,0.5,mg/L,Broth dilution,Sensititre,CLSI,2013,30333126,Swine,USA,NA
Salmonella,enterica,SRR2920118,Susceptible,GEN,NA,0.5,mg/L,Broth dilution,Sensititre,CLSI,2013,30333126,Cattle,USA,NA
Escherichia,coli,SRR2927303,Susceptible,GEN,<=,1,mg/L,Broth dilution,VITEK 2,CLSI,2013,NA,blood,USA,NA
Escherichia,coli,SRR2927304,Susceptible,GEN,<=,1,mg/L,Broth dilution,VITEK 2,CLSI,2013,NA,blood,USA,NA
Escherichia,coli,SRR2927305,Susceptible,GEN,<=,1,mg/L,Broth dilution,VITEK 2,CLSI,2013,NA,blood,USA,NA
Escherichia,coli,SRR2927306,Susceptible,GEN,<=,1,mg/L,Broth dilution,VITEK 2,CLSI,2013,NA,blood,USA,NA
Escherichia,coli,SRR2927307,Susceptible,GEN,<=,1,mg/L,Broth dilution,VITEK 2,CLSI,2013,NA,blood,USA,NA
Escherichia,coli,SRR2927308,Susceptible,GEN,<=,1,mg/L,Broth dilution,VITEK 2,CLSI,2013,NA,blood,USA,NA
Salmonella,enterica,SRR2962362,Resistant,GEN,NA,16,mg/L,Broth dilution,Sensititre,CLSI,2013,30333126,Ground Turkey,USA,NA
Salmonella,enterica,SRR2962662,Susceptible,GEN,NA,0.5,mg/L,Broth dilution,Sensititre,CLSI,2013,30333126,Chicken Breast,USA,NA
Salmonella,enterica,SRR2962888,Susceptible,GEN,NA,1,mg/L,Broth dilution,Sensititre,CLSI,2013,30333126,Chickens,USA,NA
Salmonella,enterica,SRR2973701,Resistant,GEN,NA,16,mg/L,Broth dilution,Sensititre,CLSI,2013,30333126,Chickens,USA,NA
Salmonella,enterica,SRR2973702,Resistant,GEN,NA,8,mg/L,Broth dilution,Sensititre,CLSI,2013,30333126,Chickens,USA,NA
Salmonella,enterica,SRR2973708,Susceptible,GEN,NA,1,mg/L,Broth dilution,Sensititre,CLSI,2013,30333126,Swine,USA,NA
Salmonella,enterica,SRR2973754,Susceptible,GEN,NA,1,mg/L,Broth dilution,Sensititre,CLSI,2013,30333126,Cattle,USA,NA
Acinetobacter,baumannii,SRR2976831,Resistant,CAZ,NA,64,mg/L,Broth dilution,NA,CLSI,2013,NA,trachael aspirate,USA,NA
Escherichia,coli,SRR2976832,Susceptible,GEN,<=,0.5,mg/L,Broth dilution,NA,CLSI,2013,NA,sputum,USA,NA
Escherichia,coli,SRR2976833,Resistant,GEN,NA,16,mg/L,Broth dilution,NA,CLSI,2013,NA,urine,USA,NA
Escherichia,coli,SRR2976834,Susceptible,GEN,<=,1,mg/L,Broth dilution,NA,CLSI,2013,NA,urine,USA,NA
Pseudomonas,aeruginosa,SRR2976835,Susceptible,CAZ,=,6,mm,Disk diffusion,NA,CLSI,2013,NA,sputum,USA,NA
Escherichia,coli,SRR2976836,Susceptible,GEN,<=,1,mg/L,Broth dilution,NA,CLSI,2013,NA,urine,USA,NA
Salmonella,enterica,SRR2982345,Resistant,GEN,NA,16,mg/L,Broth dilution,Sensititre,CLSI,2013,30333126,Ground Turkey,USA,NA
Salmonella,enterica,SRR2982350,Susceptible,GEN,NA,0.5,mg/L,Broth dilution,Sensititre,CLSI,2013,30333126,Chicken Breast,USA,NA
Salmonella,enterica,SRR2993932,Resistant,GEN,NA,16,mg/L,Broth dilution,Sensititre,CLSI,2013,30333126,Chicken Breast,USA,NA
Salmonella,enterica,SRR2993935,Susceptible,GEN,NA,0.5,mg/L,Broth dilution,Sensititre,CLSI,2013,30333126,Chicken Breast,USA,NA
Salmonella,enterica,SRR3033302,Susceptible,GEN,<=,0.25,mg/L,Broth dilution,Sensititre,CLSI,2013,30333126,Cattle,USA,NA
Salmonella,enterica,SRR3038514,Resistant,GEN,NA,16,mg/L,Broth dilution,Sensititre,CLSI,2013,30333126,Turkeys,USA,NA
Salmonella,enterica,SRR3052027,Resistant,GEN,NA,8,mg/L,Broth dilution,Sensititre,CLSI,2013,30333126,Ground Turkey,USA,NA
Salmonella,enterica,SRR3055294,Resistant,GEN,NA,16,mg/L,Broth dilution,Sensititre,CLSI,2013,30333126,Ground Turkey,USA,NA
Salmonella,enterica,SRR3056893,Susceptible,GEN,<=,0.25,mg/L,Broth dilution,Sensititre,CLSI,2013,30333126,Swine,USA,NA
Salmonella,enterica,SRR3056894,Susceptible,GEN,<=,0.25,mg/L,Broth dilution,Sensititre,CLSI,2013,30333126,Chickens,USA,NA
Salmonella,enterica,SRR3056908,Susceptible,GEN,NA,0.5,mg/L,Broth dilution,Sensititre,CLSI,2013,30333126,Swine,USA,NA
Acinetobacter,baumannii,SRR3057118,Resistant,CAZ,NA,64,mg/L,Broth dilution,VITEK 2,CLSI,2013,NA,ulcer,USA,NA
Escherichia,coli,SRR3057119,Susceptible,GEN,<=,1,mg/L,Broth dilution,VITEK 2,CLSI,2013,NA,urine,USA,NA
Escherichia,coli,SRR3057120,Susceptible,GEN,<=,0.5,mg/L,Broth dilution,VITEK 2,CLSI,2013,NA,induced sputum,USA,NA
Escherichia,coli,SRR3057121,Susceptible,GEN,<=,1,mg/L,Broth dilution,VITEK 2,CLSI,2013,NA,urine,USA,NA
Escherichia,coli,SRR3057122,Susceptible,GEN,<=,0.5,mg/L,Broth dilution,VITEK 2,CLSI,2013,NA,tacheal aspirate,USA,NA
Escherichia,coli,SRR3057123,Susceptible,GEN,<=,1,mg/L,Broth dilution,VITEK 2,CLSI,2013,NA,urine,USA,NA
Escherichia,coli,SRR3057124,Susceptible,GEN,<=,1,mg/L,Broth dilution,VITEK 2,CLSI,2013,NA,urine,USA,NA
Escherichia,coli,SRR3057125,Susceptible,GEN,<=,0.5,mg/L,Broth dilution,VITEK 2,CLSI,2013,NA,rectal,USA,NA
Escherichia,coli,SRR3057126,Resistant,GEN,NA,16,mg/L,Broth dilution,VITEK 2,CLSI,2013,NA,blood,USA,NA
Escherichia,coli,SRR3057131,Susceptible,GEN,<=,1,mg/L,Broth dilution,VITEK 2,CLSI,2013,NA,urine,USA,NA
Escherichia,coli,SRR3057133,Susceptible,GEN,<=,1,mg/L,Broth dilution,VITEK 2,CLSI,2013,NA,urine,USA,NA
Escherichia,coli,SRR3057134,Susceptible,GEN,<=,1,mg/L,Broth dilution,VITEK 2,CLSI,2013,NA,urine,USA,NA
Escherichia,coli,SRR3057135,Susceptible,GEN,<=,1,mg/L,Broth dilution,VITEK 2,CLSI,2013,NA,urine,USA,NA
Salmonella,enterica,SRR3057227,Susceptible,GEN,NA,0.5,mg/L,Broth dilution,Sensititre,CLSI,2013,30333126,Chicken Breast,USA,NA
Salmonella,enterica,SRR3062665,Resistant,GEN,NA,16,mg/L,Broth dilution,Sensititre,CLSI,2013,30333126,Chickens,USA,NA
Salmonella,enterica,SRR3062669,Resistant,GEN,NA,8,mg/L,Broth dilution,Sensititre,CLSI,2013,30333126,Swine,USA,NA
Streptococcus,pneumoniae,SRR307140,Resistant,ERY,Streptococcus pneumoniae GA11856,64,NA,NA,NA,CLSI,2013,NA,blood,USA,NA
Streptococcus,pneumoniae,SRR307595,Resistant,ERY,Streptococcus pneumoniae GA43264,8,NA,NA,NA,CLSI,2013,NA,blood,USA,NA
Streptococcus,pneumoniae,SRR307597,Resistant,ERY,Streptococcus pneumoniae GA44128,8,NA,NA,NA,CLSI,2013,NA,blood,USA,NA
Streptococcus,pneumoniae,SRR307602,Resistant,ERY,Streptococcus pneumoniae GA04175,4,NA,NA,NA,CLSI,2013,NA,blood,USA,NA
Streptococcus,pneumoniae,SRR307607,Resistant,ERY,Streptococcus pneumoniae GA47522,16,NA,NA,NA,CLSI,2013,NA,blood,USA,NA
Streptococcus,pneumoniae,SRR307616,Susceptible,ERY,=,0.12,NA,NA,NA,CLSI,2013,NA,blood,USA,NA
Streptococcus,pneumoniae,SRR307618,Resistant,ERY,Streptococcus pneumoniae EU-NP02,32,NA,NA,NA,CLSI,2013,NA,carriage,USA,NA
Streptococcus,pneumoniae,SRR307620,Resistant,ERY,Streptococcus pneumoniae 4075-00,16,NA,NA,NA,CLSI,2013,NA,blood,USA,NA
Streptococcus,pneumoniae,SRR307622,Resistant,ERY,Streptococcus pneumoniae GA02714,4,NA,NA,NA,CLSI,2013,NA,blood,USA,NA
Salmonella,enterica,SRR3085525,Susceptible,GEN,NA,0.5,mg/L,Broth dilution,Sensititre,CLSI,2013,30333126,Swine,USA,NA
Salmonella,enterica,SRR3085620,Resistant,GEN,NA,8,mg/L,Broth dilution,Sensititre,CLSI,2013,30333126,Chickens,USA,NA
Salmonella,enterica,SRR3085621,Resistant,GEN,NA,16,mg/L,Broth dilution,Sensititre,CLSI,2013,30333126,Chickens,USA,NA
Streptococcus,pneumoniae,SRR308719,Resistant,ERY,Streptococcus pneumoniae GA47597,32,NA,NA,NA,CLSI,2013,NA,blood,USA,NA
Salmonella,enterica,SRR3091334,Susceptible,GEN,<=,0.25,mg/L,Broth dilution,Sensititre,CLSI,2013,30333126,Ground Turkey,USA,NA
Salmonella,enterica,SRR3091342,Resistant,GEN,NA,16,mg/L,Broth dilution,Sensititre,CLSI,2013,30333126,Ground Turkey,USA,NA
Salmonella,enterica,SRR3091348,Susceptible,GEN,NA,0.5,mg/L,Broth dilution,Sensititre,CLSI,2013,30333126,Ground Turkey,USA,NA
Salmonella,enterica,SRR3091418,Susceptible,GEN,NA,1,mg/L,Broth dilution,Sensititre,CLSI,2013,30333126,Ground Turkey,USA,NA
Escherichia,coli,SRR3095378,Susceptible,GEN,<=,1,mg/L,Broth dilution,VITEK 2,CLSI,2013,NA,urine,USA,NA
Escherichia,coli,SRR3095379,Susceptible,GEN,<=,1,mg/L,Broth dilution,VITEK 2,CLSI,2013,NA,urine,USA,NA
Escherichia,coli,SRR3095380,Susceptible,GEN,<=,1,mg/L,Broth dilution,VITEK 2,CLSI,2013,NA,urine,USA,NA
Escherichia,coli,SRR3095381,Intermediate,GEN,NA,4,mg/L,Broth dilution,VITEK 2,CLSI,2013,NA,abdominal,USA,NA
Escherichia,coli,SRR3095382,Resistant,GEN,NA,16,mg/L,Broth dilution,VITEK 2,CLSI,2013,NA,urine,USA,NA
Escherichia,coli,SRR3095384,Susceptible,GEN,<=,1,mg/L,Broth dilution,VITEK 2,CLSI,2013,NA,urine,USA,NA
Escherichia,coli,SRR3095385,Susceptible,GEN,<=,1,mg/L,Broth dilution,VITEK 2,CLSI,2013,NA,urine,USA,NA
Escherichia,coli,SRR3095387,Resistant,GEN,NA,16,mg/L,Broth dilution,VITEK 2,CLSI,2013,NA,urine,USA,NA
Escherichia,coli,SRR3095388,Susceptible,GEN,<=,1,mg/L,Broth dilution,VITEK 2,CLSI,2013,NA,urine,USA,NA
Escherichia,coli,SRR3095389,Resistant,GEN,NA,18,mm,Disk diffusion,NA,CLSI,2013,NA,urine,USA,NA
Escherichia,coli,SRR3095391,Susceptible,GEN,<=,1,mg/L,Broth dilution,VITEK 2,CLSI,2013,NA,urine,USA,NA
Salmonella,enterica,SRR3096028,Susceptible,GEN,NA,0.5,mg/L,Broth dilution,Sensititre,CLSI,2013,30333126,Ground Turkey,USA,NA
Salmonella,enterica,SRR3096080,Susceptible,GEN,NA,0.5,mg/L,Broth dilution,Sensititre,CLSI,2013,30333126,Ground Turkey,USA,NA
Salmonella,enterica,SRR3098266,Susceptible,GEN,NA,0.5,mg/L,Broth dilution,Sensititre,CLSI,2013,30333126,Swine,USA,NA
Salmonella,enterica,SRR3098270,Resistant,GEN,NA,8,mg/L,Broth dilution,Sensititre,CLSI,2013,30333126,Swine,USA,NA
Salmonella,enterica,SRR3099653,Susceptible,GEN,<=,0.25,mg/L,Broth dilution,Sensititre,CLSI,2013,30333126,Chicken Breast,USA,NA
Salmonella,enterica,SRR3110299,Susceptible,GEN,<=,0.25,mg/L,Broth dilution,Sensititre,CLSI,2013,30333126,Ground Turkey,USA,NA
Salmonella,enterica,SRR3110475,Resistant,GEN,NA,16,mg/L,Broth dilution,Sensititre,CLSI,2013,30333126,Ground Turkey,USA,NA
Salmonella,enterica,SRR3111262,Susceptible,GEN,NA,0.5,mg/L,Broth dilution,Sensititre,CLSI,2013,30333126,Chicken Breast,USA,NA
Salmonella,enterica,SRR3111268,Susceptible,GEN,NA,0.5,mg/L,Broth dilution,Sensititre,CLSI,2013,30333126,Ground Turkey,USA,NA
Acinetobacter,baumannii,SRR3112206,Intermediate,CAZ,NA,16,mg/L,NA,Sensititre GNX2F,CLSI,2013,28893775,groin/axilla,USA,NA
Salmonella,enterica,SRR3115200,Susceptible,GEN,<=,0.25,mg/L,Broth dilution,Sensititre,CLSI,2013,30333126,Chicken Breast,USA,NA
Salmonella,enterica,SRR3115221,Resistant,GEN,NA,16,mg/L,Broth dilution,Sensititre,CLSI,2013,30333126,Chicken Breast,USA,NA
Salmonella,enterica,SRR3115231,Susceptible,GEN,NA,0.5,mg/L,Broth dilution,Sensititre,CLSI,2013,30333126,Ground Turkey,USA,NA
Salmonella,enterica,SRR3115236,Susceptible,GEN,<=,0.25,mg/L,Broth dilution,Sensititre,CLSI,2013,30333126,Ground Beef,USA,NA
Salmonella,enterica,SRR3115237,Resistant,GEN,NA,16,mg/L,Broth dilution,Sensititre,CLSI,2013,30333126,Ground Turkey,USA,NA
Salmonella,enterica,SRR3115243,Susceptible,GEN,NA,1,mg/L,Broth dilution,Sensititre,CLSI,2013,30333126,Ground Beef,USA,NA
Salmonella,enterica,SRR3116161,Susceptible,GEN,<=,0.25,mg/L,Broth dilution,Sensititre,CLSI,2013,30333126,Chicken Breast,USA,NA
Salmonella,enterica,SRR3116163,Susceptible,GEN,NA,0.5,mg/L,Broth dilution,Sensititre,CLSI,2013,30333126,Ground Turkey,USA,NA
Acinetobacter,baumannii,SRR3130307,Resistant,CAZ,NA,64,mg/L,Broth dilution,VITEK 2,CLSI,2013,NA,Wound,USA,NA
Acinetobacter,baumannii,SRR3130308,Resistant,CAZ,NA,64,mg/L,Broth dilution,VITEK 2,CLSI,2013,NA,Wound,USA,NA
Acinetobacter,baumannii,SRR3130309,Resistant,CAZ,NA,64,mg/L,Broth dilution,VITEK 2,CLSI,2013,NA,Wound,USA,NA
Acinetobacter,baumannii,SRR3130311,Resistant,CAZ,NA,64,mg/L,Broth dilution,VITEK 2,CLSI,2013,NA,Wound,USA,NA
Acinetobacter,baumannii,SRR3131127,Resistant,CAZ,NA,64,mg/L,Broth dilution,VITEK 2,CLSI,2013,NA,URINE,USA,NA
Acinetobacter,baumannii,SRR3131130,Resistant,CAZ,NA,64,mg/L,Broth dilution,VITEK 2,CLSI,2013,NA,Urine,USA,NA
Acinetobacter,baumannii,SRR3131131,Resistant,CAZ,NA,64,mg/L,Broth dilution,VITEK 2,CLSI,2013,NA,Surveillance,USA,NA
Salmonella,enterica,SRR3131144,Susceptible,GEN,NA,0.5,mg/L,Broth dilution,Sensititre,CLSI,2013,30333126,Ground Turkey,USA,NA
Acinetobacter,baumannii,SRR3131146,Intermediate,CAZ,NA,16,mg/L,Broth dilution,BD Phoenix,CLSI,2013,NA,Tissue,USA,NA
Acinetobacter,baumannii,SRR3131148,Intermediate,CAZ,NA,16,mg/L,Broth dilution,BD Phoenix,CLSI,2013,NA,Surveillance,USA,NA
Acinetobacter,baumannii,SRR3131149,Intermediate,CAZ,NA,16,mg/L,Broth dilution,BD Phoenix,CLSI,2013,NA,Wound,USA,NA
Acinetobacter,baumannii,SRR3131150,Resistant,CAZ,NA,64,mg/L,Broth dilution,VITEK 2,CLSI,2013,NA,Surveillance,USA,NA
Acinetobacter,baumannii,SRR3131154,Susceptible,CAZ,=,8,mg/L,Broth dilution,BD Phoenix,CLSI,2013,NA,Surveillance,USA,NA
Acinetobacter,baumannii,SRR3131155,Intermediate,CAZ,NA,16,mg/L,Broth dilution,VITEK 2,CLSI,2013,NA,Surveillance,USA,NA
Acinetobacter,baumannii,SRR3131157,Resistant,CAZ,NA,64,mg/L,Broth dilution,VITEK 2,CLSI,2013,NA,Wound,USA,NA
Acinetobacter,baumannii,SRR3131158,Resistant,CAZ,NA,64,mg/L,Broth dilution,VITEK 2,CLSI,2013,NA,Blood,USA,NA
Acinetobacter,baumannii,SRR3131159,Resistant,CAZ,NA,64,mg/L,Broth dilution,VITEK 2,CLSI,2013,NA,Blood,USA,NA
Acinetobacter,baumannii,SRR3131163,Resistant,CAZ,NA,64,mg/L,Broth dilution,VITEK 2,CLSI,2013,NA,Wound,USA,NA
Acinetobacter,baumannii,SRR3131164,Resistant,CAZ,NA,64,mg/L,Broth dilution,VITEK 2,CLSI,2013,NA,Blood,USA,NA
Acinetobacter,baumannii,SRR3131166,Resistant,CAZ,NA,32,mg/L,Broth dilution,VITEK 2,CLSI,2013,NA,Warwound,USA,NA
Acinetobacter,baumannii,SRR3131167,Resistant,CAZ,NA,64,mg/L,Broth dilution,VITEK 2,CLSI,2013,NA,Wound,USA,NA
Acinetobacter,baumannii,SRR3131168,Resistant,CAZ,NA,64,mg/L,Broth dilution,VITEK 2,CLSI,2013,NA,Warwound,USA,NA
Acinetobacter,baumannii,SRR3131169,Resistant,CAZ,NA,64,mg/L,Broth dilution,VITEK 2,CLSI,2013,NA,Warwound,USA,NA
Acinetobacter,baumannii,SRR3131170,Susceptible,CAZ,=,8,mg/L,Broth dilution,BD Phoenix,CLSI,2013,NA,Warwound,USA,NA
Acinetobacter,baumannii,SRR3131171,Resistant,CAZ,NA,64,mg/L,Broth dilution,VITEK 2,CLSI,2013,NA,Warwound,USA,NA
Acinetobacter,baumannii,SRR3131172,Resistant,CAZ,NA,64,mg/L,Broth dilution,VITEK 2,CLSI,2013,NA,Warwound,USA,NA
Acinetobacter,baumannii,SRR3131173,Resistant,CAZ,NA,64,mg/L,Broth dilution,VITEK 2,CLSI,2013,NA,Warwound,USA,NA
Acinetobacter,baumannii,SRR3131208,Susceptible,CAZ,=,4,mg/L,Broth dilution,BD Phoenix,CLSI,2013,NA,Wound,USA,NA
Acinetobacter,baumannii,SRR3131210,Intermediate,CAZ,NA,16,mg/L,Broth dilution,BD Phoenix,CLSI,2013,NA,Surveillance,USA,NA
Acinetobacter,baumannii,SRR3131211,Intermediate,CAZ,NA,16,mg/L,Broth dilution,BD Phoenix,CLSI,2013,NA,Blood,USA,NA
Acinetobacter,baumannii,SRR3131212,Susceptible,CAZ,=,8,mg/L,Broth dilution,MicroScan,CLSI,2013,NA,Surveillance,USA,NA
Acinetobacter,baumannii,SRR3131213,Intermediate,CAZ,NA,16,mg/L,Broth dilution,MicroScan,CLSI,2013,NA,Respiratory,USA,NA
Acinetobacter,baumannii,SRR3131214,Susceptible,CAZ,=,8,mg/L,Broth dilution,BD Phoenix,CLSI,2013,NA,Blood,USA,NA
Acinetobacter,baumannii,SRR3131215,Susceptible,CAZ,=,8,mg/L,Broth dilution,MicroScan,CLSI,2013,NA,Surveillance,USA,NA
Acinetobacter,baumannii,SRR3131217,Resistant,CAZ,NA,64,mg/L,Broth dilution,VITEK 2,CLSI,2013,NA,Wound,USA,NA
Acinetobacter,baumannii,SRR3131221,Resistant,CAZ,NA,64,mg/L,Broth dilution,VITEK 2,CLSI,2013,NA,Wound,USA,NA
Acinetobacter,baumannii,SRR3131222,Susceptible,CAZ,=,8,mg/L,Broth dilution,BD Phoenix,CLSI,2013,NA,Wound,USA,NA
Acinetobacter,baumannii,SRR3131223,Susceptible,CAZ,=,8,mg/L,Broth dilution,MicroScan,CLSI,2013,NA,Wound,USA,NA
Acinetobacter,baumannii,SRR3131224,Susceptible,CAZ,=,8,mg/L,Broth dilution,BD Phoenix,CLSI,2013,NA,Blood,USA,NA
Acinetobacter,baumannii,SRR3131225,Intermediate,CAZ,NA,16,mg/L,Broth dilution,MicroScan,CLSI,2013,NA,Wound,USA,NA
Acinetobacter,baumannii,SRR3131227,Resistant,CAZ,NA,64,mg/L,Broth dilution,VITEK 2,CLSI,2013,NA,Wound,USA,NA
Acinetobacter,baumannii,SRR3131230,Susceptible,CAZ,=,4,mg/L,Broth dilution,BD Phoenix,CLSI,2013,NA,Wound,USA,NA
Acinetobacter,baumannii,SRR3131235,Resistant,CAZ,NA,64,mg/L,Broth dilution,VITEK 2,CLSI,2013,NA,Surveillance,USA,NA
Acinetobacter,baumannii,SRR3131237,Resistant,CAZ,NA,64,mg/L,Broth dilution,VITEK 2,CLSI,2013,NA,Surveillance,USA,NA
Acinetobacter,baumannii,SRR3131238,Susceptible,CAZ,=,8,mg/L,Broth dilution,MicroScan,CLSI,2013,NA,Wound,USA,NA
Acinetobacter,baumannii,SRR3131239,Resistant,CAZ,NA,64,mg/L,Broth dilution,VITEK 2,CLSI,2013,NA,Wound,USA,NA
Acinetobacter,baumannii,SRR3131240,Resistant,CAZ,NA,64,mg/L,Broth dilution,VITEK 2,CLSI,2013,NA,Surveillance,USA,NA
Acinetobacter,baumannii,SRR3133086,Resistant,CAZ,NA,64,mg/L,Broth dilution,VITEK 2,CLSI,2013,NA,Surveillance,USA,NA
Acinetobacter,baumannii,SRR3133087,Intermediate,CAZ,NA,16,mg/L,Broth dilution,VITEK 2,CLSI,2013,NA,Wound,USA,NA
Acinetobacter,baumannii,SRR3133089,Intermediate,CAZ,NA,16,mg/L,Broth dilution,MicroScan,CLSI,2013,NA,Blood,USA,NA
Acinetobacter,baumannii,SRR3133091,Intermediate,CAZ,NA,16,mg/L,Broth dilution,BD Phoenix,CLSI,2013,NA,Sterile Fluid,USA,NA
Acinetobacter,baumannii,SRR3133092,Intermediate,CAZ,NA,16,mg/L,Broth dilution,MicroScan,CLSI,2013,NA,Surveillance,USA,NA
Acinetobacter,baumannii,SRR3133093,Intermediate,CAZ,NA,16,mg/L,Broth dilution,MicroScan,CLSI,2013,NA,Sterile Body Site,USA,NA
Acinetobacter,baumannii,SRR3133096,Intermediate,CAZ,NA,16,mg/L,Broth dilution,VITEK 2,CLSI,2013,NA,Surveillance,USA,NA
Acinetobacter,baumannii,SRR3133097,Intermediate,CAZ,NA,16,mg/L,Broth dilution,VITEK 2,CLSI,2013,NA,Surveillance,USA,NA
Acinetobacter,baumannii,SRR3133100,Intermediate,CAZ,NA,16,mg/L,Broth dilution,VITEK 2,CLSI,2013,NA,Surveillance,USA,NA
Acinetobacter,baumannii,SRR3133101,Intermediate,CAZ,NA,16,mg/L,Broth dilution,BD Phoenix,CLSI,2013,NA,Surveillance,USA,NA
Acinetobacter,baumannii,SRR3133103,Susceptible,CAZ,=,4,mg/L,Broth dilution,MicroScan,CLSI,2013,NA,Sterile Body Site,USA,NA
Acinetobacter,baumannii,SRR3133105,Susceptible,CAZ,=,8,mg/L,Broth dilution,BD Phoenix,CLSI,2013,NA,Urine,USA,NA
Acinetobacter,baumannii,SRR3133106,Susceptible,CAZ,=,8,mg/L,Broth dilution,BD Phoenix,CLSI,2013,NA,Surveillance,USA,NA
Acinetobacter,baumannii,SRR3135171,Resistant,CAZ,NA,64,mg/L,Broth dilution,VITEK 2,CLSI,2013,NA,Surveillance,USA,NA
Acinetobacter,baumannii,SRR3135275,Resistant,CAZ,NA,64,mg/L,Broth dilution,VITEK 2,CLSI,2013,NA,Surveillance,USA,NA
Acinetobacter,baumannii,SRR3137567,Intermediate,CAZ,NA,16,mg/L,Broth dilution,BD Phoenix,CLSI,2013,NA,Blood,USA,NA
Acinetobacter,baumannii,SRR3137568,Intermediate,CAZ,NA,16,mg/L,Broth dilution,BD Phoenix,CLSI,2013,NA,Wound,USA,NA
Acinetobacter,baumannii,SRR3137569,Intermediate,CAZ,NA,16,mg/L,Broth dilution,MicroScan,CLSI,2013,NA,Wound,USA,NA
Acinetobacter,baumannii,SRR3137570,Intermediate,CAZ,NA,16,mg/L,Broth dilution,BD Phoenix,CLSI,2013,NA,Wound,USA,NA
Acinetobacter,baumannii,SRR3137571,Intermediate,CAZ,NA,16,mg/L,Broth dilution,BD Phoenix,CLSI,2013,NA,Wound,USA,NA
Acinetobacter,baumannii,SRR3137574,Susceptible,CAZ,=,4,mg/L,Broth dilution,BD Phoenix,CLSI,2013,NA,Wound,USA,NA
Acinetobacter,baumannii,SRR3137575,Susceptible,CAZ,=,4,mg/L,Broth dilution,MicroScan,CLSI,2013,NA,Wound,USA,NA
Acinetobacter,baumannii,SRR3137579,Resistant,CAZ,NA,64,mg/L,Broth dilution,VITEK 2,CLSI,2013,NA,Wound,USA,NA
Acinetobacter,baumannii,SRR3137580,Resistant,CAZ,NA,64,mg/L,Broth dilution,VITEK 2,CLSI,2013,NA,Wound,USA,NA
Acinetobacter,baumannii,SRR3137582,Resistant,CAZ,NA,64,mg/L,Broth dilution,VITEK 2,CLSI,2013,NA,Wound,USA,NA
Acinetobacter,baumannii,SRR3137583,Resistant,CAZ,NA,64,mg/L,Broth dilution,VITEK 2,CLSI,2013,NA,Wound,USA,NA
Acinetobacter,baumannii,SRR3137584,Resistant,CAZ,NA,64,mg/L,Broth dilution,VITEK 2,CLSI,2013,NA,Wound,USA,NA
Acinetobacter,baumannii,SRR3137585,Resistant,CAZ,NA,64,mg/L,Broth dilution,VITEK 2,CLSI,2013,NA,Wound,USA,NA
Acinetobacter,baumannii,SRR3137586,Resistant,CAZ,NA,64,mg/L,Broth dilution,VITEK 2,CLSI,2013,NA,Wound,USA,NA
Acinetobacter,baumannii,SRR3137590,Resistant,CAZ,NA,64,mg/L,Broth dilution,VITEK 2,CLSI,2013,NA,Wound,USA,NA
Campylobacter,jejuni,SRR3138666,Resistant,TET,NA,64,mg/L,Broth dilution,NA,CLSI,2013,NA,Animal-Cattle-Steer,USA,NA
Campylobacter,jejuni,SRR3138667,Resistant,TET,NA,64,mg/L,Broth dilution,NA,CLSI,2013,NA,Animal-Cattle-Dairy Cow,USA,NA
Campylobacter,jejuni,SRR3138668,Resistant,TET,NA,64,mg/L,Broth dilution,NA,CLSI,2013,NA,Animal-Cattle-Dairy Cow,USA,NA
Campylobacter,jejuni,SRR3138669,Resistant,TET,NA,64,mg/L,Broth dilution,NA,CLSI,2013,NA,Animal-Cattle-Steer,USA,NA
Campylobacter,jejuni,SRR3138670,Susceptible,TET,=,0.25,mg/L,Broth dilution,NA,CLSI,2013,NA,Animal-Cattle-Dairy Cow,USA,NA
Campylobacter,jejuni,SRR3138671,Susceptible,TET,=,0.25,mg/L,Broth dilution,NA,CLSI,2013,NA,Animal-Cattle-Steer,USA,NA
Campylobacter,jejuni,SRR3138672,Susceptible,TET,=,0.12,mg/L,Broth dilution,NA,CLSI,2013,NA,Animal-Cattle-Heifer,USA,NA
Campylobacter,jejuni,SRR3138673,Resistant,TET,NA,64,mg/L,Broth dilution,NA,CLSI,2013,NA,Animal-Cattle-Heifer,USA,NA
Campylobacter,jejuni,SRR3138675,Susceptible,TET,=,0.25,mg/L,Broth dilution,NA,CLSI,2013,NA,Animal-Cattle-Steer,USA,NA
Campylobacter,jejuni,SRR3138676,Resistant,TET,NA,64,mg/L,Broth dilution,NA,CLSI,2013,NA,Animal-Cattle-Dairy Cow,USA,NA
Campylobacter,jejuni,SRR3138681,Resistant,TET,NA,64,mg/L,Broth dilution,NA,CLSI,2013,NA,Animal-Cattle-Steer,USA,NA
Campylobacter,jejuni,SRR3138683,Resistant,TET,NA,64,mg/L,Broth dilution,NA,CLSI,2013,NA,Animal-Cattle-Steer,USA,NA
Campylobacter,jejuni,SRR3138686,Resistant,TET,NA,64,mg/L,Broth dilution,NA,CLSI,2013,NA,Animal-Cattle-Beef Cow,USA,NA
Acinetobacter,baumannii,SRR3146381,Intermediate,CAZ,NA,16,mg/L,Broth dilution,BD Phoenix,CLSI,2013,NA,Surveillance,USA,NA
Acinetobacter,baumannii,SRR3146382,Intermediate,CAZ,NA,16,mg/L,Broth dilution,BD Phoenix,CLSI,2013,NA,Surveillance,USA,NA
Acinetobacter,baumannii,SRR3146383,Intermediate,CAZ,NA,16,mg/L,Broth dilution,BD Phoenix,CLSI,2013,NA,Respiratory,USA,NA
Acinetobacter,baumannii,SRR3146385,Intermediate,CAZ,NA,16,mg/L,Broth dilution,VITEK 2,CLSI,2013,NA,Sterile Body Site,USA,NA
Campylobacter,jejuni,SRR3147787,Resistant,TET,NA,32,mg/L,Broth dilution,NA,CLSI,2013,NA,Animal-Cattle-Dairy Cow,USA,NA
Campylobacter,jejuni,SRR3147788,Resistant,TET,NA,64,mg/L,Broth dilution,NA,CLSI,2013,NA,Animal-Cattle-Dairy Cow,USA,NA
Campylobacter,jejuni,SRR3147790,Resistant,TET,NA,64,mg/L,Broth dilution,NA,CLSI,2013,NA,Animal-Cattle-Dairy Cow,USA,NA
Campylobacter,jejuni,SRR3147791,Resistant,TET,NA,64,mg/L,Broth dilution,NA,CLSI,2013,NA,Animal-Cattle-Dairy Cow,USA,NA
Salmonella,enterica,SRR3147931,Resistant,GEN,NA,16,mg/L,Broth dilution,Sensititre,CLSI,2013,30333126,Ground Turkey,USA,NA
Campylobacter,jejuni,SRR3148205,Resistant,TET,NA,64,mg/L,Broth dilution,NA,CLSI,2013,NA,Animal-Cattle-Heifer,USA,NA
Campylobacter,jejuni,SRR3148208,Resistant,TET,NA,64,mg/L,Broth dilution,NA,CLSI,2013,NA,Animal-Cattle-Heifer,USA,NA
Campylobacter,jejuni,SRR3148212,Susceptible,TET,=,0.5,mg/L,Broth dilution,NA,CLSI,2013,NA,Animal-Cattle-Steer,USA,NA
Campylobacter,jejuni,SRR3148213,Resistant,TET,NA,64,mg/L,Broth dilution,NA,CLSI,2013,NA,Animal-Cattle-Dairy Cow,USA,NA
Campylobacter,jejuni,SRR3148215,Susceptible,TET,<=,0.06,mg/L,Broth dilution,NA,CLSI,2013,NA,Animal-Cattle-Beef Cow,USA,NA
Campylobacter,jejuni,SRR3148216,Resistant,TET,NA,64,mg/L,Broth dilution,NA,CLSI,2013,NA,Animal-Cattle-Steer,USA,NA
Campylobacter,jejuni,SRR3148242,Resistant,TET,NA,64,mg/L,Broth dilution,NA,CLSI,2013,NA,Animal-Cattle-Steer,USA,NA
Campylobacter,jejuni,SRR3148243,Susceptible,TET,=,0.25,mg/L,Broth dilution,NA,CLSI,2013,NA,Animal-Cattle-Dairy Cow,USA,NA
Campylobacter,jejuni,SRR3148303,Resistant,TET,NA,64,mg/L,Broth dilution,NA,CLSI,2013,NA,Animal-Cattle-Steer,USA,NA
Campylobacter,jejuni,SRR3148313,Resistant,TET,NA,64,mg/L,Broth dilution,NA,CLSI,2013,NA,Animal-Cattle-Dairy Cow,USA,NA
Campylobacter,jejuni,SRR3148323,Susceptible,TET,=,0.12,mg/L,Broth dilution,NA,CLSI,2013,NA,Animal-Cattle-Beef Cow,USA,NA
Campylobacter,jejuni,SRR3148332,Susceptible,TET,=,0.25,mg/L,Broth dilution,NA,CLSI,2013,NA,Animal-Cattle-Dairy Cow,USA,NA
Acinetobacter,baumannii,SRR3151888,Susceptible,CAZ,=,4,mg/L,Broth dilution,BD Phoenix,CLSI,2013,NA,Wound,USA,NA
Acinetobacter,baumannii,SRR3151890,Intermediate,CAZ,NA,16,mg/L,Broth dilution,BD Phoenix,CLSI,2013,NA,Wound,USA,NA
Acinetobacter,baumannii,SRR3152492,Intermediate,CAZ,NA,16,mg/L,Broth dilution,MicroScan,CLSI,2013,NA,Respiratory,USA,NA
Acinetobacter,baumannii,SRR3152496,Resistant,CAZ,NA,64,mg/L,Broth dilution,VITEK 2,CLSI,2013,NA,Surveillance,USA,NA
Acinetobacter,baumannii,SRR3152498,Susceptible,CAZ,=,8,mg/L,Broth dilution,BD Phoenix,CLSI,2013,NA,Wound,USA,NA
Acinetobacter,baumannii,SRR3152499,Susceptible,CAZ,=,4,mg/L,Broth dilution,VITEK 2,CLSI,2013,NA,Wound,USA,NA
Acinetobacter,baumannii,SRR3152500,Resistant,CAZ,NA,64,mg/L,Broth dilution,VITEK 2,CLSI,2013,NA,Wound,USA,NA
Acinetobacter,baumannii,SRR3152502,Susceptible,CAZ,=,4,mg/L,Broth dilution,BD Phoenix,CLSI,2013,NA,Surveillance,USA,NA
Acinetobacter,baumannii,SRR3152503,Susceptible,CAZ,=,4,mg/L,Broth dilution,VITEK 2,CLSI,2013,NA,Wound,USA,NA
Acinetobacter,baumannii,SRR3152504,Resistant,CAZ,NA,64,mg/L,Broth dilution,VITEK 2,CLSI,2013,NA,Surveillance,USA,NA
Acinetobacter,baumannii,SRR3152507,Resistant,CAZ,NA,64,mg/L,Broth dilution,VITEK 2,CLSI,2013,NA,Urine,USA,NA
Acinetobacter,baumannii,SRR3152508,Susceptible,CAZ,=,4,mg/L,Broth dilution,BD Phoenix,CLSI,2013,NA,Wound,USA,NA
Salmonella,enterica,SRR3156383,Resistant,GEN,NA,16,mg/L,Broth dilution,Sensititre,CLSI,2013,30333126,Turkeys,USA,NA
Acinetobacter,baumannii,SRR3159147,Intermediate,CAZ,NA,16,mg/L,Broth dilution,MicroScan,CLSI,2013,NA,Surveillance,USA,NA
Acinetobacter,baumannii,SRR3159150,Intermediate,CAZ,NA,16,mg/L,Broth dilution,VITEK 2,CLSI,2013,NA,Surveillance,USA,NA
Acinetobacter,baumannii,SRR3159151,Intermediate,CAZ,NA,16,mg/L,Broth dilution,MicroScan,CLSI,2013,NA,Surveillance,USA,NA
Acinetobacter,baumannii,SRR3159153,Intermediate,CAZ,NA,16,mg/L,Broth dilution,BD Phoenix,CLSI,2013,NA,Sterile Fluid,USA,NA
Acinetobacter,baumannii,SRR3159154,Intermediate,CAZ,NA,16,mg/L,Broth dilution,VITEK 2,CLSI,2013,NA,Sterile Body Site,USA,NA
Acinetobacter,baumannii,SRR3159159,Intermediate,CAZ,NA,16,mg/L,Broth dilution,VITEK 2,CLSI,2013,NA,Sterile Body Site,USA,NA
Acinetobacter,baumannii,SRR3159160,Intermediate,CAZ,NA,16,mg/L,Broth dilution,VITEK 2,CLSI,2013,NA,Wound,USA,NA
Acinetobacter,baumannii,SRR3159162,Intermediate,CAZ,NA,16,mg/L,Broth dilution,BD Phoenix,CLSI,2013,NA,Respiratory,USA,NA
Acinetobacter,baumannii,SRR3159163,Intermediate,CAZ,NA,16,mg/L,Broth dilution,BD Phoenix,CLSI,2013,NA,Surveillance,USA,NA
Acinetobacter,baumannii,SRR3159167,Resistant,CAZ,NA,64,mg/L,Broth dilution,VITEK 2,CLSI,2013,NA,Blood,USA,NA
Acinetobacter,baumannii,SRR3159168,Susceptible,CAZ,=,8,mg/L,Broth dilution,BD Phoenix,CLSI,2013,NA,Sterile Body Site,USA,NA
Acinetobacter,baumannii,SRR3159169,Intermediate,CAZ,NA,16,mg/L,Broth dilution,BD Phoenix,CLSI,2013,NA,Sterile Body Site,USA,NA
Escherichia,coli,SRR3168634,Resistant,GEN,NA,16,mg/L,Broth dilution,VITEK 2,CLSI,2013,NA,urine,USA,NA
Staphylococcus,aureus,SRR3168638,Susceptible,ERY,<=,0.25,mg/L,Broth dilution,VITEK 2,CLSI,2013,NA,tissue,USA,NA
Acinetobacter,baumannii,SRR3168639,Resistant,CAZ,NA,64,mg/L,Broth dilution,VITEK 2,CLSI,2013,NA,trachael aspirate,USA,NA
Acinetobacter,baumannii,SRR3168640,Resistant,CAZ,NA,64,mg/L,Broth dilution,VITEK 2,CLSI,2013,NA,bronchial washings,USA,NA
Escherichia,coli,SRR3168641,Resistant,GEN,NA,16,mg/L,Broth dilution,VITEK 2,CLSI,2013,NA,blood,USA,NA
Acinetobacter,baumannii,SRR3168642,Resistant,CAZ,NA,64,mg/L,Broth dilution,VITEK 2,CLSI,2013,NA,urine,USA,NA
Escherichia,coli,SRR3168643,Susceptible,GEN,<=,1,mg/L,Broth dilution,VITEK 2,CLSI,2013,NA,gall bladder,USA,NA
Acinetobacter,baumannii,SRR3168648,Resistant,CAZ,NA,64,mg/L,Broth dilution,VITEK 2,CLSI,2013,NA,wound,USA,NA
Acinetobacter,baumannii,SRR3170230,Resistant,CAZ,NA,64,mg/L,Broth dilution,VITEK 2,CLSI,2013,NA,Wound,USA,NA
Acinetobacter,baumannii,SRR3170232,Resistant,CAZ,NA,64,mg/L,Broth dilution,VITEK 2,CLSI,2013,NA,Wound,USA,NA
Acinetobacter,baumannii,SRR3170234,Resistant,CAZ,NA,64,mg/L,Broth dilution,VITEK 2,CLSI,2013,NA,Tissue,USA,NA
Acinetobacter,baumannii,SRR3170235,Resistant,CAZ,NA,64,mg/L,Broth dilution,VITEK 2,CLSI,2013,NA,Wound,USA,NA
Acinetobacter,baumannii,SRR3170237,Resistant,CAZ,NA,64,mg/L,Broth dilution,VITEK 2,CLSI,2013,NA,Wound,USA,NA
Acinetobacter,baumannii,SRR3170240,Resistant,CAZ,NA,64,mg/L,Broth dilution,VITEK 2,CLSI,2013,NA,Wound,USA,NA
Acinetobacter,baumannii,SRR3170241,Resistant,CAZ,NA,64,mg/L,Broth dilution,VITEK 2,CLSI,2013,NA,Urine,USA,NA
Acinetobacter,baumannii,SRR3170244,Intermediate,CAZ,NA,16,mg/L,Broth dilution,BD Phoenix,CLSI,2013,NA,Blood,USA,NA
Acinetobacter,baumannii,SRR3170246,Susceptible,CAZ,=,4,mg/L,Broth dilution,VITEK 2,CLSI,2013,NA,Wound,USA,NA
Acinetobacter,baumannii,SRR3170254,Susceptible,CAZ,=,4,mg/L,Broth dilution,BD Phoenix,CLSI,2013,NA,Wound,USA,NA
Acinetobacter,baumannii,SRR3170256,Susceptible,CAZ,=,8,mg/L,Broth dilution,BD Phoenix,CLSI,2013,NA,Wound,USA,NA
Acinetobacter,baumannii,SRR3170260,Intermediate,CAZ,NA,16,mg/L,Broth dilution,BD Phoenix,CLSI,2013,NA,NA,USA,NA
Acinetobacter,baumannii,SRR3170262,Susceptible,CAZ,=,4,mg/L,Broth dilution,BD Phoenix,CLSI,2013,NA,Wound,USA,NA
Acinetobacter,baumannii,SRR3170264,Intermediate,CAZ,NA,16,mg/L,Broth dilution,BD Phoenix,CLSI,2013,NA,Blood,USA,NA
Acinetobacter,baumannii,SRR3170266,Intermediate,CAZ,NA,16,mg/L,Broth dilution,MicroScan,CLSI,2013,NA,Respiratory,USA,NA
Acinetobacter,baumannii,SRR3170267,Susceptible,CAZ,=,8,mg/L,Broth dilution,BD Phoenix,CLSI,2013,NA,Sterile Fluid,USA,NA
Acinetobacter,baumannii,SRR3170587,Susceptible,CAZ,=,8,mg/L,Broth dilution,BD Phoenix,CLSI,2013,NA,Wound,USA,NA
Acinetobacter,baumannii,SRR3170588,Intermediate,CAZ,NA,16,mg/L,Broth dilution,BD Phoenix,CLSI,2013,NA,Wound,USA,NA
Acinetobacter,baumannii,SRR3170591,Resistant,CAZ,NA,64,mg/L,Broth dilution,VITEK 2,CLSI,2013,NA,Surveillance,USA,NA
Acinetobacter,baumannii,SRR3170594,Resistant,CAZ,NA,64,mg/L,Broth dilution,VITEK 2,CLSI,2013,NA,Wound,USA,NA
Acinetobacter,baumannii,SRR3170595,Resistant,CAZ,NA,64,mg/L,Broth dilution,VITEK 2,CLSI,2013,NA,Surveillance,USA,NA
Acinetobacter,baumannii,SRR3170598,Resistant,CAZ,NA,64,mg/L,Broth dilution,VITEK 2,CLSI,2013,NA,Respiratory,USA,NA
Acinetobacter,baumannii,SRR3170599,Resistant,CAZ,NA,64,mg/L,Broth dilution,VITEK 2,CLSI,2013,NA,Sterile Body Site,USA,NA
Acinetobacter,baumannii,SRR3170600,Resistant,CAZ,NA,64,mg/L,Broth dilution,VITEK 2,CLSI,2013,NA,Surveillance,USA,NA
Acinetobacter,baumannii,SRR3170601,Resistant,CAZ,NA,64,mg/L,Broth dilution,VITEK 2,CLSI,2013,NA,Respiratory,USA,NA
Acinetobacter,baumannii,SRR3170602,Resistant,CAZ,NA,64,mg/L,Broth dilution,VITEK 2,CLSI,2013,NA,Sterile Body Site,USA,NA
Acinetobacter,baumannii,SRR3170603,Susceptible,CAZ,=,8,mg/L,Broth dilution,BD Phoenix,CLSI,2013,NA,Sterile Body Site,USA,NA
Acinetobacter,baumannii,SRR3170604,Resistant,CAZ,NA,64,mg/L,Broth dilution,VITEK 2,CLSI,2013,NA,Blood,USA,NA
Acinetobacter,baumannii,SRR3170605,Resistant,CAZ,NA,64,mg/L,Broth dilution,VITEK 2,CLSI,2013,NA,Blood,USA,NA
Acinetobacter,baumannii,SRR3170606,Resistant,CAZ,NA,64,mg/L,Broth dilution,VITEK 2,CLSI,2013,NA,Blood,USA,NA
Acinetobacter,baumannii,SRR3170733,Resistant,CAZ,NA,64,mg/L,Broth dilution,VITEK 2,CLSI,2013,NA,Blood,USA,NA
Acinetobacter,baumannii,SRR3170734,Resistant,CAZ,NA,64,mg/L,Broth dilution,VITEK 2,CLSI,2013,NA,Sputum,USA,NA
Acinetobacter,baumannii,SRR3170737,Resistant,CAZ,NA,64,mg/L,Broth dilution,VITEK 2,CLSI,2013,NA,Tissue,USA,NA
Acinetobacter,baumannii,SRR3170739,Resistant,CAZ,NA,64,mg/L,Broth dilution,VITEK 2,CLSI,2013,NA,Wound,USA,NA
Acinetobacter,baumannii,SRR3170740,Resistant,CAZ,NA,64,mg/L,Broth dilution,VITEK 2,CLSI,2013,NA,Wound,USA,NA
Acinetobacter,baumannii,SRR3170768,Resistant,CAZ,NA,64,mg/L,Broth dilution,VITEK 2,CLSI,2013,NA,Respiratory,USA,NA
Acinetobacter,baumannii,SRR3170770,Resistant,CAZ,NA,64,mg/L,Broth dilution,VITEK 2,CLSI,2013,NA,Respiratory,USA,NA
Acinetobacter,baumannii,SRR3170771,Resistant,CAZ,NA,64,mg/L,Broth dilution,VITEK 2,CLSI,2013,NA,Surveillance,USA,NA
Acinetobacter,baumannii,SRR3170775,Resistant,CAZ,NA,64,mg/L,Broth dilution,VITEK 2,CLSI,2013,NA,Surveillance,USA,NA
Acinetobacter,baumannii,SRR3170776,Susceptible,CAZ,=,8,mg/L,Broth dilution,BD Phoenix,CLSI,2013,NA,Surveillance,USA,NA
Acinetobacter,baumannii,SRR3170778,Resistant,CAZ,NA,64,mg/L,Broth dilution,VITEK 2,CLSI,2013,NA,Surveillance,USA,NA
Acinetobacter,baumannii,SRR3170780,Susceptible,CAZ,=,8,mg/L,Broth dilution,BD Phoenix,CLSI,2013,NA,Surveillance,USA,NA
Acinetobacter,baumannii,SRR3170781,Susceptible,CAZ,=,8,mg/L,Broth dilution,BD Phoenix,CLSI,2013,NA,Wound,USA,NA
Acinetobacter,baumannii,SRR3170786,Resistant,CAZ,NA,64,mg/L,Broth dilution,VITEK 2,CLSI,2013,NA,Surveillance,USA,NA
Acinetobacter,baumannii,SRR3170788,Susceptible,CAZ,=,8,mg/L,Broth dilution,BD Phoenix,CLSI,2013,NA,Blood,USA,NA
Campylobacter,jejuni,SRR3171747,Resistant,TET,NA,64,mg/L,Broth dilution,NA,CLSI,2013,NA,Animal-Cattle-Dairy Cow,USA,NA
Campylobacter,jejuni,SRR3171748,Resistant,TET,NA,64,mg/L,Broth dilution,NA,CLSI,2013,NA,Animal-Cattle-Heifer,USA,NA
Campylobacter,jejuni,SRR3171750,Resistant,TET,NA,64,mg/L,Broth dilution,NA,CLSI,2013,NA,Animal-Cattle-Dairy Cow,USA,NA
Campylobacter,jejuni,SRR3171757,Resistant,TET,NA,64,mg/L,Broth dilution,NA,CLSI,2013,NA,Animal-Cattle-Dairy Cow,USA,NA
Campylobacter,jejuni,SRR3171758,Susceptible,TET,<=,0.06,mg/L,Broth dilution,NA,CLSI,2013,NA,Animal-Cattle-Dairy Cow,USA,NA
Campylobacter,jejuni,SRR3171761,Susceptible,TET,=,0.12,mg/L,Broth dilution,NA,CLSI,2013,NA,Animal-Cattle-Dairy Cow,USA,NA
Campylobacter,jejuni,SRR3171764,Resistant,TET,NA,64,mg/L,Broth dilution,NA,CLSI,2013,NA,Animal-Cattle-Heifer,USA,NA
Salmonella,enterica,SRR3173688,Susceptible,GEN,<=,0.25,mg/L,Broth dilution,Sensititre,CLSI,2013,30333126,Chicken Breast,USA,NA
Salmonella,enterica,SRR3173704,Susceptible,GEN,<=,0.25,mg/L,Broth dilution,Sensititre,CLSI,2013,30333126,Pork Chop,USA,NA
Salmonella,enterica,SRR3180038,Intermediate,GEN,NA,4,mg/L,Broth dilution,Sensititre,CLSI,2013,30333126,Chickens,USA,NA
Salmonella,enterica,SRR3182556,Resistant,GEN,NA,16,mg/L,Broth dilution,Sensititre,CLSI,2013,30333126,Ground Turkey,USA,NA
Campylobacter,jejuni,SRR3183448,Resistant,TET,NA,64,mg/L,Broth dilution,NA,CLSI,2013,NA,Animal-Cattle-Steer,USA,NA
Campylobacter,jejuni,SRR3183449,Resistant,TET,NA,64,mg/L,Broth dilution,NA,CLSI,2013,NA,Animal-Cattle-Dairy Cow,USA,NA
Campylobacter,jejuni,SRR3183451,Resistant,TET,NA,64,mg/L,Broth dilution,NA,CLSI,2013,NA,Animal-Cattle-Dairy Cow,USA,NA
Campylobacter,jejuni,SRR3183453,Resistant,TET,NA,64,mg/L,Broth dilution,NA,CLSI,2013,NA,Animal-Cattle-Steer,USA,NA
Campylobacter,jejuni,SRR3183457,Resistant,TET,NA,64,mg/L,Broth dilution,NA,CLSI,2013,NA,Animal-Cattle-Heifer,USA,NA
Campylobacter,jejuni,SRR3183458,Susceptible,TET,=,0.25,mg/L,Broth dilution,NA,CLSI,2013,NA,Animal-Cattle-Heifer,USA,NA
Campylobacter,jejuni,SRR3183459,Resistant,TET,NA,64,mg/L,Broth dilution,NA,CLSI,2013,NA,Animal-Cattle-Heifer,USA,NA
Campylobacter,jejuni,SRR3183462,Susceptible,TET,<=,0.06,mg/L,Broth dilution,NA,CLSI,2013,NA,Animal-Cattle-Steer,USA,NA
Campylobacter,jejuni,SRR3183463,Resistant,TET,NA,64,mg/L,Broth dilution,NA,CLSI,2013,NA,Animal-Cattle-Dairy Cow,USA,NA
Campylobacter,jejuni,SRR3183467,Susceptible,TET,=,0.25,mg/L,Broth dilution,NA,CLSI,2013,NA,Animal-Cattle-Heifer,USA,NA
Campylobacter,jejuni,SRR3183468,Resistant,TET,NA,64,mg/L,Broth dilution,NA,CLSI,2013,NA,Animal-Cattle-Dairy Cow,USA,NA
Campylobacter,jejuni,SRR3183471,Susceptible,TET,=,1,mg/L,Broth dilution,NA,CLSI,2013,NA,Animal-Cattle-Dairy Cow,USA,NA
Campylobacter,jejuni,SRR3183472,Resistant,TET,NA,64,mg/L,Broth dilution,NA,CLSI,2013,NA,Animal-Cattle-Dairy Cow,USA,NA
Campylobacter,jejuni,SRR3183476,Resistant,TET,NA,64,mg/L,Broth dilution,NA,CLSI,2013,NA,Animal-Cattle-Dairy Cow,USA,NA
Campylobacter,jejuni,SRR3183477,Resistant,TET,NA,64,mg/L,Broth dilution,NA,CLSI,2013,NA,Animal-Cattle-Heifer,USA,NA
Campylobacter,jejuni,SRR3183478,Resistant,TET,NA,64,mg/L,Broth dilution,NA,CLSI,2013,NA,Animal-Cattle-Dairy Cow,USA,NA
Campylobacter,jejuni,SRR3183479,Resistant,TET,NA,64,mg/L,Broth dilution,NA,CLSI,2013,NA,Animal-Cattle-Dairy Cow,USA,NA
Campylobacter,jejuni,SRR3183481,Resistant,TET,NA,64,mg/L,Broth dilution,NA,CLSI,2013,NA,Animal-Cattle-Heifer,USA,NA
Campylobacter,jejuni,SRR3183482,Resistant,TET,NA,32,mg/L,Broth dilution,NA,CLSI,2013,NA,Animal-Cattle-Dairy Cow,USA,NA
Campylobacter,jejuni,SRR3183483,Resistant,TET,NA,64,mg/L,Broth dilution,NA,CLSI,2013,NA,Animal-Cattle-Dairy Cow,USA,NA
Salmonella,enterica,SRR3184114,Resistant,GEN,NA,16,mg/L,Broth dilution,Sensititre,CLSI,2013,30333126,Swine,USA,NA
Salmonella,enterica,SRR3184159,Resistant,GEN,NA,8,mg/L,Broth dilution,Sensititre,CLSI,2013,30333126,Chicken Breast,USA,NA
Salmonella,enterica,SRR3184167,Resistant,GEN,NA,16,mg/L,Broth dilution,Sensititre,CLSI,2013,32513803,Ground Beef,USA,NA
Campylobacter,jejuni,SRR3185255,Susceptible,TET,=,0.12,mg/L,Broth dilution,NA,CLSI,2013,NA,Animal-Cattle-Dairy Cow,USA,NA
Campylobacter,jejuni,SRR3185256,Susceptible,TET,<=,0.06,mg/L,Broth dilution,NA,CLSI,2013,NA,Animal-Swine-Market Swine,USA,NA
Campylobacter,jejuni,SRR3185258,Resistant,TET,NA,64,mg/L,Broth dilution,NA,CLSI,2013,NA,Animal-Cattle-Dairy Cow,USA,NA
Campylobacter,jejuni,SRR3185260,Resistant,TET,NA,64,mg/L,Broth dilution,NA,CLSI,2013,NA,Animal-Cattle-Dairy Cow,USA,NA
Campylobacter,jejuni,SRR3185263,Resistant,TET,NA,64,mg/L,Broth dilution,NA,CLSI,2013,NA,Animal-Cattle-Steer,USA,NA
Campylobacter,jejuni,SRR3185902,Susceptible,TET,=,0.12,mg/L,Broth dilution,NA,CLSI,2013,NA,Animal-Cattle-Dairy Cow,USA,NA
Campylobacter,jejuni,SRR3185903,Susceptible,TET,<=,0.06,mg/L,Broth dilution,NA,CLSI,2013,NA,Animal-Cattle-Heifer,USA,NA
Campylobacter,jejuni,SRR3185904,Resistant,TET,NA,64,mg/L,Broth dilution,NA,CLSI,2013,NA,Animal-Cattle-Heifer,USA,NA
Campylobacter,jejuni,SRR3185905,Susceptible,TET,=,0.5,mg/L,Broth dilution,NA,CLSI,2013,NA,Animal-Cattle-Heifer,USA,NA
Campylobacter,jejuni,SRR3185979,Resistant,TET,NA,64,mg/L,Broth dilution,NA,CLSI,2013,NA,Animal-Cattle-Heifer,USA,NA
Campylobacter,jejuni,SRR3185980,Susceptible,TET,=,0.25,mg/L,Broth dilution,NA,CLSI,2013,NA,Animal-Cattle-Dairy Cow,USA,NA
Campylobacter,jejuni,SRR3185981,Resistant,TET,NA,64,mg/L,Broth dilution,NA,CLSI,2013,NA,Animal-Cattle-Heifer,USA,NA
Salmonella,enterica,SRR3188261,Susceptible,GEN,<=,0.25,mg/L,Broth dilution,Sensititre,CLSI,2013,30333126,Ground Turkey,USA,NA
Salmonella,enterica,SRR3191434,Susceptible,GEN,NA,0.5,mg/L,Broth dilution,Sensititre,CLSI,2013,30333126,Ground Beef,USA,NA
Salmonella,enterica,SRR3191437,Susceptible,GEN,NA,0.5,mg/L,Broth dilution,Sensititre,CLSI,2013,30333126,Chicken Breast,USA,NA
Campylobacter,jejuni,SRR3194380,Resistant,TET,NA,64,mg/L,Broth dilution,NA,CLSI,2013,NA,Animal-Cattle-Heifer,USA,NA
Campylobacter,jejuni,SRR3194381,Resistant,TET,NA,64,mg/L,Broth dilution,NA,CLSI,2013,NA,Animal-Cattle-Steer,USA,NA
Campylobacter,jejuni,SRR3194383,Resistant,TET,NA,64,mg/L,Broth dilution,NA,CLSI,2013,NA,Animal-Cattle-Dairy Cow,USA,NA
Campylobacter,jejuni,SRR3196126,Resistant,TET,NA,64,mg/L,Broth dilution,NA,CLSI,2013,NA,Animal-Cattle-Steer,USA,NA
Campylobacter,jejuni,SRR3196127,Resistant,TET,NA,64,mg/L,Broth dilution,NA,CLSI,2013,NA,Animal-Cattle-Dairy Cow,USA,NA
Campylobacter,jejuni,SRR3196128,Resistant,TET,NA,64,mg/L,Broth dilution,NA,CLSI,2013,NA,Animal-Cattle-Dairy Cow,USA,NA
Campylobacter,jejuni,SRR3196129,Resistant,TET,NA,64,mg/L,Broth dilution,NA,CLSI,2013,NA,Animal-Cattle-Heifer,USA,NA
Campylobacter,jejuni,SRR3196130,Susceptible,TET,=,0.12,mg/L,Broth dilution,NA,CLSI,2013,NA,Animal-Cattle-Steer,USA,NA
Campylobacter,jejuni,SRR3196132,Resistant,TET,NA,16,mg/L,Broth dilution,NA,CLSI,2013,NA,Animal-Cattle-Dairy Cow,USA,NA
Campylobacter,jejuni,SRR3196133,Susceptible,TET,=,0.5,mg/L,Broth dilution,NA,CLSI,2013,NA,Animal-Cattle-Dairy Cow,USA,NA
Campylobacter,jejuni,SRR3196134,Susceptible,TET,=,0.12,mg/L,Broth dilution,NA,CLSI,2013,NA,Animal-Cattle-Beef Cow,USA,NA
Campylobacter,jejuni,SRR3196135,Resistant,TET,NA,64,mg/L,Broth dilution,NA,CLSI,2013,NA,Animal-Cattle-Dairy Cow,USA,NA
Campylobacter,jejuni,SRR3196141,Resistant,TET,NA,64,mg/L,Broth dilution,NA,CLSI,2013,NA,Animal-Cattle-Steer,USA,NA
Campylobacter,jejuni,SRR3196142,Resistant,TET,NA,64,mg/L,Broth dilution,NA,CLSI,2013,NA,Animal-Cattle-Steer,USA,NA
Campylobacter,jejuni,SRR3196143,Resistant,TET,NA,64,mg/L,Broth dilution,NA,CLSI,2013,NA,Animal-Cattle-Dairy Cow,USA,NA
Campylobacter,jejuni,SRR3196446,Resistant,TET,NA,64,mg/L,Broth dilution,NA,CLSI,2013,NA,Animal-Cattle-Steer,USA,NA
Campylobacter,jejuni,SRR3196679,Resistant,TET,NA,64,mg/L,Broth dilution,NA,CLSI,2013,NA,Animal-Cattle-Dairy Cow,USA,NA
Campylobacter,jejuni,SRR3196683,Resistant,TET,NA,64,mg/L,Broth dilution,NA,CLSI,2013,NA,Animal-Cattle-Steer,USA,NA
Campylobacter,jejuni,SRR3196686,Resistant,TET,NA,64,mg/L,Broth dilution,NA,CLSI,2013,NA,Animal-Cattle-Steer,USA,NA
Campylobacter,jejuni,SRR3196687,Resistant,TET,NA,64,mg/L,Broth dilution,NA,CLSI,2013,NA,Animal-Cattle-Heifer,USA,NA
Acinetobacter,baumannii,SRR3197175,Susceptible,CAZ,=,4,mg/L,Broth dilution,BD Phoenix,CLSI,2013,NA,BLOOD,USA,NA
Acinetobacter,baumannii,SRR3197589,Susceptible,CAZ,=,8,mg/L,Broth dilution,BD Phoenix,CLSI,2013,NA,Wound,USA,NA
Acinetobacter,baumannii,SRR3197590,Intermediate,CAZ,NA,16,mg/L,Broth dilution,BD Phoenix,CLSI,2013,NA,Sterile Body Site,USA,NA
Acinetobacter,baumannii,SRR3197591,Intermediate,CAZ,NA,16,mg/L,Broth dilution,BD Phoenix,CLSI,2013,NA,Anaerobic Culture,USA,NA
Acinetobacter,baumannii,SRR3197595,Intermediate,CAZ,NA,16,mg/L,Broth dilution,BD Phoenix,CLSI,2013,NA,Surveillance,USA,NA
Acinetobacter,baumannii,SRR3197603,Susceptible,CAZ,=,4,mg/L,Broth dilution,BD Phoenix,CLSI,2013,NA,Respiratory,USA,NA
Acinetobacter,baumannii,SRR3197606,Intermediate,CAZ,NA,16,mg/L,Broth dilution,BD Phoenix,CLSI,2013,NA,Surveillance,USA,NA
Acinetobacter,baumannii,SRR3197607,Intermediate,CAZ,NA,16,mg/L,Broth dilution,BD Phoenix,CLSI,2013,NA,Sterile Body Site,USA,NA
Acinetobacter,baumannii,SRR3197608,Intermediate,CAZ,NA,16,mg/L,Broth dilution,BD Phoenix,CLSI,2013,NA,Surveillance,USA,NA
Salmonella,enterica,SRR3198626,Susceptible,GEN,NA,0.5,mg/L,Broth dilution,Sensititre,CLSI,2013,30333126,Chicken Breast,USA,NA
Campylobacter,jejuni,SRR3199489,Susceptible,TET,=,0.12,mg/L,Broth dilution,NA,CLSI,2013,NA,Animal-Cattle-Beef Cow,USA,NA
Campylobacter,jejuni,SRR3199584,Susceptible,TET,<=,0.06,mg/L,Broth dilution,NA,CLSI,2013,NA,Animal-Cattle-Beef Cow,USA,NA
Campylobacter,jejuni,SRR3199585,Resistant,TET,NA,64,mg/L,Broth dilution,NA,CLSI,2013,NA,Animal-Cattle-Dairy Cow,USA,NA
Campylobacter,jejuni,SRR3201098,Resistant,TET,NA,32,mg/L,Broth dilution,NA,CLSI,2013,NA,Animal-Cattle-Dairy Cow,USA,NA
Campylobacter,jejuni,SRR3201099,Resistant,TET,NA,64,mg/L,Broth dilution,NA,CLSI,2013,NA,Animal-Cattle-Heifer,USA,NA
Campylobacter,jejuni,SRR3201100,Susceptible,TET,=,0.25,mg/L,Broth dilution,NA,CLSI,2013,NA,Animal-Cattle-Heifer,USA,NA
Campylobacter,jejuni,SRR3201101,Resistant,TET,NA,64,mg/L,Broth dilution,NA,CLSI,2013,NA,Animal-Cattle-Steer,USA,NA
Campylobacter,jejuni,SRR3201102,Resistant,TET,NA,64,mg/L,Broth dilution,NA,CLSI,2013,NA,Animal-Cattle-Heifer,USA,NA
Campylobacter,jejuni,SRR3201105,Susceptible,TET,=,0.12,mg/L,Broth dilution,NA,CLSI,2013,NA,Animal-Cattle-Steer,USA,NA
Campylobacter,jejuni,SRR3201106,Resistant,TET,NA,64,mg/L,Broth dilution,NA,CLSI,2013,NA,Animal-Cattle-Heifer,USA,NA
Campylobacter,jejuni,SRR3201107,Susceptible,TET,=,0.12,mg/L,Broth dilution,NA,CLSI,2013,NA,Animal-Cattle-Beef Cow,USA,NA
Campylobacter,jejuni,SRR3201108,Resistant,TET,NA,64,mg/L,Broth dilution,NA,CLSI,2013,NA,Animal-Cattle-Steer,USA,NA
Campylobacter,jejuni,SRR3201110,Resistant,TET,NA,64,mg/L,Broth dilution,NA,CLSI,2013,NA,Animal-Cattle-Dairy Cow,USA,NA
Campylobacter,jejuni,SRR3201111,Resistant,TET,NA,64,mg/L,Broth dilution,NA,CLSI,2013,NA,Animal-Cattle-Heifer,USA,NA
Campylobacter,jejuni,SRR3201112,Susceptible,TET,=,0.25,mg/L,Broth dilution,NA,CLSI,2013,NA,Animal-Cattle-Dairy Cow,USA,NA
Campylobacter,jejuni,SRR3201116,Resistant,TET,NA,64,mg/L,Broth dilution,NA,CLSI,2013,NA,Animal-Cattle-Steer,USA,NA
Campylobacter,jejuni,SRR3201117,Susceptible,TET,=,2,mg/L,Broth dilution,NA,CLSI,2013,NA,Animal-Cattle-Dairy Cow,USA,NA
Campylobacter,jejuni,SRR3201119,Resistant,TET,NA,64,mg/L,Broth dilution,NA,CLSI,2013,NA,Animal-Cattle-Dairy Cow,USA,NA
Campylobacter,jejuni,SRR3201120,Resistant,TET,NA,64,mg/L,Broth dilution,NA,CLSI,2013,NA,Animal-Cattle-Heifer,USA,NA
Campylobacter,jejuni,SRR3201121,Resistant,TET,NA,64,mg/L,Broth dilution,NA,CLSI,2013,NA,Animal-Cattle-Heifer,USA,NA
Campylobacter,jejuni,SRR3201123,Resistant,TET,NA,64,mg/L,Broth dilution,NA,CLSI,2013,NA,Animal-Cattle-Dairy Cow,USA,NA
Campylobacter,jejuni,SRR3201124,Susceptible,TET,=,0.12,mg/L,Broth dilution,NA,CLSI,2013,NA,Animal-Cattle-Dairy Cow,USA,NA
Campylobacter,jejuni,SRR3201125,Resistant,TET,NA,64,mg/L,Broth dilution,NA,CLSI,2013,NA,Animal-Cattle-Heifer,USA,NA
Campylobacter,jejuni,SRR3209757,Susceptible,TET,=,0.12,mg/L,Broth dilution,NA,CLSI,2013,NA,Animal-Cattle-Dairy Cow,USA,NA
Campylobacter,jejuni,SRR3209758,Resistant,TET,NA,64,mg/L,Broth dilution,NA,CLSI,2013,NA,Animal-Cattle-Heifer,USA,NA
Campylobacter,jejuni,SRR3209759,Susceptible,TET,<=,0.06,mg/L,Broth dilution,NA,CLSI,2013,NA,Animal-Cattle-Dairy Cow,USA,NA
Campylobacter,jejuni,SRR3209760,Resistant,TET,NA,64,mg/L,Broth dilution,NA,CLSI,2013,NA,Animal-Cattle-Heifer,USA,NA
Campylobacter,jejuni,SRR3209763,Resistant,TET,NA,64,mg/L,Broth dilution,NA,CLSI,2013,NA,Animal-Cattle-Heifer,USA,NA
Campylobacter,jejuni,SRR3209766,Resistant,TET,NA,64,mg/L,Broth dilution,NA,CLSI,2013,NA,Animal-Cattle-Beef Cow,USA,NA
Campylobacter,jejuni,SRR3209797,Resistant,TET,NA,64,mg/L,Broth dilution,NA,CLSI,2013,NA,Animal-Cattle-Steer,USA,NA
Campylobacter,jejuni,SRR3209814,Resistant,TET,NA,64,mg/L,Broth dilution,NA,CLSI,2013,NA,Animal-Cattle-Dairy Cow,USA,NA
Salmonella,enterica,SRR3210384,Susceptible,GEN,NA,1,mg/L,Broth dilution,Sensititre,CLSI,2013,30333126,Ground Turkey,USA,NA
Campylobacter,jejuni,SRR3214702,Resistant,TET,NA,64,mg/L,Broth dilution,NA,CLSI,2013,NA,Animal-Cattle-Dairy Cow,USA,NA
Campylobacter,jejuni,SRR3214704,Resistant,TET,NA,64,mg/L,Broth dilution,NA,CLSI,2013,NA,Animal-Cattle-Heifer,USA,NA
Campylobacter,jejuni,SRR3214705,Susceptible,TET,=,0.12,mg/L,Broth dilution,NA,CLSI,2013,NA,Animal-Cattle-Steer,USA,NA
Campylobacter,jejuni,SRR3214706,Resistant,TET,NA,64,mg/L,Broth dilution,NA,CLSI,2013,NA,Animal-Cattle-Dairy Cow,USA,NA
Campylobacter,jejuni,SRR3214707,Resistant,TET,NA,64,mg/L,Broth dilution,NA,CLSI,2013,NA,Animal-Cattle-Steer,USA,NA
Campylobacter,jejuni,SRR3214710,Resistant,TET,NA,64,mg/L,Broth dilution,NA,CLSI,2013,NA,Animal-Cattle-Heifer,USA,NA
Campylobacter,jejuni,SRR3214711,Resistant,TET,NA,64,mg/L,Broth dilution,NA,CLSI,2013,NA,Animal-Cattle-Dairy Cow,USA,NA
Campylobacter,jejuni,SRR3214714,Resistant,TET,NA,64,mg/L,Broth dilution,NA,CLSI,2013,NA,Animal-Cattle-Heifer,USA,NA
Campylobacter,jejuni,SRR3215109,Resistant,TET,NA,64,mg/L,Broth dilution,NA,CLSI,2013,NA,Animal-Cattle-Dairy Cow,USA,NA
Campylobacter,jejuni,SRR3215111,Resistant,TET,NA,64,mg/L,Broth dilution,NA,CLSI,2013,NA,Animal-Cattle-Steer,USA,NA
Campylobacter,jejuni,SRR3215112,Resistant,TET,NA,64,mg/L,Broth dilution,NA,CLSI,2013,NA,Animal-Cattle-Dairy Cow,USA,NA
Campylobacter,jejuni,SRR3215113,Susceptible,TET,=,0.12,mg/L,Broth dilution,NA,CLSI,2013,NA,Animal-Cattle-Dairy Cow,USA,NA
Campylobacter,jejuni,SRR3215116,Susceptible,TET,<=,0.06,mg/L,Broth dilution,NA,CLSI,2013,NA,Animal-Cattle-Dairy Cow,USA,NA
Campylobacter,jejuni,SRR3215117,Susceptible,TET,=,0.12,mg/L,Broth dilution,NA,CLSI,2013,NA,Animal-Cattle-Beef Cow,USA,NA
Campylobacter,jejuni,SRR3215118,Susceptible,TET,=,0.25,mg/L,Broth dilution,NA,CLSI,2013,NA,Animal-Cattle-Steer,USA,NA
Campylobacter,jejuni,SRR3215120,Resistant,TET,NA,64,mg/L,Broth dilution,NA,CLSI,2013,NA,Animal-Cattle-Heifer,USA,NA
Campylobacter,jejuni,SRR3215121,Susceptible,TET,=,0.25,mg/L,Broth dilution,NA,CLSI,2013,NA,Animal-Cattle-Steer,USA,NA
Campylobacter,jejuni,SRR3215125,Resistant,TET,NA,64,mg/L,Broth dilution,NA,CLSI,2013,NA,Animal-Cattle-Dairy Cow,USA,NA
Campylobacter,jejuni,SRR3215127,Resistant,TET,NA,64,mg/L,Broth dilution,NA,CLSI,2013,NA,Animal-Cattle-Dairy Cow,USA,NA
Campylobacter,jejuni,SRR3215128,Resistant,TET,NA,64,mg/L,Broth dilution,NA,CLSI,2013,NA,Animal-Cattle-Dairy Cow,USA,NA
Campylobacter,jejuni,SRR3215131,Resistant,TET,NA,64,mg/L,Broth dilution,NA,CLSI,2013,NA,Animal-Cattle-Beef Cow,USA,NA
Campylobacter,jejuni,SRR3215132,Resistant,TET,NA,64,mg/L,Broth dilution,NA,CLSI,2013,NA,Animal-Cattle-Steer,USA,NA
Campylobacter,jejuni,SRR3215134,Susceptible,TET,<=,0.06,mg/L,Broth dilution,NA,CLSI,2013,NA,Animal-Cattle-Heifer,USA,NA
Acinetobacter,baumannii,SRR3216437,Intermediate,CAZ,NA,16,mg/L,Broth dilution,BD Phoenix,CLSI,2013,NA,RESPIRATORY,USA,NA
Acinetobacter,baumannii,SRR3217267,Susceptible,CAZ,=,4,mg/L,Broth dilution,BD Phoenix,CLSI,2013,NA,WOUND,USA,NA
Acinetobacter,baumannii,SRR3217272,Susceptible,CAZ,=,8,mg/L,Broth dilution,BD Phoenix,CLSI,2013,NA,STERILE BODY SITE,USA,NA
Acinetobacter,baumannii,SRR3217324,Susceptible,CAZ,=,4,mg/L,Broth dilution,BD Phoenix,CLSI,2013,NA,WOUND,USA,NA
Acinetobacter,baumannii,SRR3217328,Intermediate,CAZ,NA,16,mg/L,Broth dilution,BD Phoenix,CLSI,2013,NA,BLOOD,USA,NA
Acinetobacter,baumannii,SRR3217329,Intermediate,CAZ,NA,16,mg/L,Broth dilution,BD Phoenix,CLSI,2013,NA,WOUND,USA,NA
Acinetobacter,baumannii,SRR3217390,Susceptible,CAZ,<=,2,mg/L,Broth dilution,BD Phoenix,CLSI,2013,NA,BLOOD,USA,NA
Acinetobacter,baumannii,SRR3217394,Susceptible,CAZ,=,8,mg/L,Broth dilution,BD Phoenix,CLSI,2013,NA,WOUND,USA,NA
Acinetobacter,baumannii,SRR3217399,Intermediate,CAZ,NA,16,mg/L,Broth dilution,BD Phoenix,CLSI,2013,NA,WOUND,USA,NA
Acinetobacter,baumannii,SRR3217405,Susceptible,CAZ,=,4,mg/L,Broth dilution,BD Phoenix,CLSI,2013,NA,WOUND,USA,NA
Acinetobacter,baumannii,SRR3217406,Susceptible,CAZ,=,4,mg/L,Broth dilution,BD Phoenix,CLSI,2013,NA,WOUND,USA,NA
Acinetobacter,baumannii,SRR3217407,Intermediate,CAZ,NA,16,mg/L,Broth dilution,BD Phoenix,CLSI,2013,NA,WOUND,USA,NA
Acinetobacter,baumannii,SRR3218383,Susceptible,CAZ,=,8,mg/L,Broth dilution,BD Phoenix,CLSI,2013,NA,TISSUE,USA,NA
Acinetobacter,baumannii,SRR3218389,Intermediate,CAZ,NA,16,mg/L,Broth dilution,BD Phoenix,CLSI,2013,NA,STERILE BODY SITE,USA,NA
Acinetobacter,baumannii,SRR3218394,Susceptible,CAZ,=,8,mg/L,Broth dilution,BD Phoenix,CLSI,2013,NA,WOUND,USA,NA
Acinetobacter,baumannii,SRR3218397,Intermediate,CAZ,NA,16,mg/L,Broth dilution,BD Phoenix,CLSI,2013,NA,WOUND,USA,NA
Acinetobacter,baumannii,SRR3218399,Susceptible,CAZ,=,8,mg/L,Broth dilution,BD Phoenix,CLSI,2013,NA,WOUND,USA,NA
Salmonella,enterica,SRR3219142,Susceptible,GEN,NA,1,mg/L,Broth dilution,Sensititre,CLSI,2013,30333126,Chicken Breast,USA,NA
Klebsiella,pneumoniae,SRR3219831,Resistant,GEN,NA,16,mg/L,Broth dilution,NA,CLSI,2013,NA,Sputum,USA,NA
Klebsiella,pneumoniae,SRR3219834,Susceptible,GEN,<=,1,mg/L,Broth dilution,VITEK 2,CLSI,2013,29017452,Wound,Italy,NA
Klebsiella,pneumoniae,SRR3219835,Intermediate,GEN,NA,4,mg/L,Broth dilution,VITEK 2,CLSI,2013,29017452,Peritoneal Fluid,Italy,NA
Klebsiella,pneumoniae,SRR3221668,Resistant,GEN,NA,16,mg/L,Broth dilution,NA,CLSI,2013,29017452,Urine,Italy,NA
Klebsiella,pneumoniae,SRR3221676,Resistant,GEN,NA,16,mg/L,Broth dilution,NA,CLSI,2013,NA,Tracheal Aspirate,USA,NA
Klebsiella,pneumoniae,SRR3221942,Susceptible,GEN,<=,1,mg/L,Broth dilution,VITEK 2,CLSI,2013,29017452,Urine,Italy,NA
Klebsiella,pneumoniae,SRR3222075,Susceptible,GEN,<,0.25,mg/L,Broth dilution,NA,CLSI,2013,29017452,Sputum,Italy,NA
Klebsiella,pneumoniae,SRR3222121,Susceptible,GEN,<,0.25,mg/L,Broth dilution,NA,CLSI,2013,NA,BAL,USA,NA
Escherichia,coli,SRR3222296,Resistant,GEN,NA,16,mg/L,Broth dilution,NA,CLSI,2013,NA,Urine,USA,NA
Klebsiella,pneumoniae,SRR3222390,Susceptible,GEN,=,0.5,mg/L,Broth dilution,NA,CLSI,2013,NA,Urine,USA,NA
Klebsiella,pneumoniae,SRR3222406,Resistant,GEN,NA,16,mg/L,Broth dilution,NA,CLSI,2013,NA,Urine,USA,NA
Klebsiella,pneumoniae,SRR3222408,Intermediate,GEN,NA,4,mg/L,Broth dilution,NA,CLSI,2013,29017452,Urine,Italy,NA
Klebsiella,pneumoniae,SRR3222424,Intermediate,GEN,NA,4,mg/L,Broth dilution,VITEK 2,CLSI,2013,29017452,sputum,Italy,NA
Acinetobacter,baumannii,SRR3222486,Susceptible,CAZ,=,4,mg/L,Broth dilution,BD Phoenix,CLSI,2013,NA,WOUND,USA,NA
Acinetobacter,baumannii,SRR3222487,Intermediate,CAZ,NA,16,mg/L,Broth dilution,BD Phoenix,CLSI,2013,NA,WOUND,USA,NA
Acinetobacter,baumannii,SRR3222489,Intermediate,CAZ,NA,16,mg/L,Broth dilution,BD Phoenix,CLSI,2013,NA,WOUND,USA,NA
Acinetobacter,baumannii,SRR3222491,Susceptible,CAZ,=,8,mg/L,Broth dilution,BD Phoenix,CLSI,2013,NA,WOUND,USA,NA
Salmonella,enterica,SRR3223097,Resistant,GEN,NA,16,mg/L,Broth dilution,Sensititre,CLSI,2013,30333126,Chicken Breast,USA,NA
Acinetobacter,baumannii,SRR3223161,Susceptible,CAZ,=,4,mg/L,Broth dilution,BD Phoenix,CLSI,2013,NA,URINE,USA,NA
Acinetobacter,baumannii,SRR3223164,Susceptible,CAZ,=,4,mg/L,Broth dilution,BD Phoenix,CLSI,2013,NA,WOUND,USA,NA
Acinetobacter,baumannii,SRR3223165,Susceptible,CAZ,=,4,mg/L,Broth dilution,BD Phoenix,CLSI,2013,NA,STERILE BODY SITE,USA,NA
Acinetobacter,baumannii,SRR3223167,Intermediate,CAZ,NA,16,mg/L,Broth dilution,BD Phoenix,CLSI,2013,NA,WOUND,USA,NA
Acinetobacter,baumannii,SRR3223170,Intermediate,CAZ,NA,16,mg/L,Broth dilution,BD Phoenix,CLSI,2013,NA,WOUND,USA,NA
Acinetobacter,baumannii,SRR3223172,Intermediate,CAZ,NA,16,mg/L,Broth dilution,BD Phoenix,CLSI,2013,NA,WOUND,USA,NA
Acinetobacter,baumannii,SRR3223173,Intermediate,CAZ,NA,16,mg/L,Broth dilution,BD Phoenix,CLSI,2013,NA,STERILE BODY SITE,USA,NA
Acinetobacter,baumannii,SRR3223469,Intermediate,CAZ,NA,16,mg/L,Broth dilution,BD Phoenix,CLSI,2013,NA,BLOOD,USA,NA
Acinetobacter,baumannii,SRR3223470,Susceptible,CAZ,=,4,mg/L,Broth dilution,BD Phoenix,CLSI,2013,NA,STERILE BODY SITE,USA,NA
Acinetobacter,baumannii,SRR3223472,Intermediate,CAZ,NA,16,mg/L,Broth dilution,BD Phoenix,CLSI,2013,NA,WOUND,USA,NA
Acinetobacter,baumannii,SRR3223479,Susceptible,CAZ,<=,2,mg/L,Broth dilution,BD Phoenix,CLSI,2013,NA,WOUND,USA,NA
Acinetobacter,baumannii,SRR3223481,Susceptible,CAZ,=,4,mg/L,Broth dilution,BD Phoenix,CLSI,2013,NA,WOUND,USA,NA
Acinetobacter,baumannii,SRR3223482,Susceptible,CAZ,=,8,mg/L,Broth dilution,BD Phoenix,CLSI,2013,NA,WOUND,USA,NA
Acinetobacter,baumannii,SRR3223485,Intermediate,CAZ,NA,16,mg/L,Broth dilution,BD Phoenix,CLSI,2013,NA,WOUND,USA,NA
Acinetobacter,baumannii,SRR3223552,Intermediate,CAZ,NA,16,mg/L,Broth dilution,BD Phoenix,CLSI,2013,NA,RESPIRATORY,USA,NA
Acinetobacter,baumannii,SRR3223554,Intermediate,CAZ,NA,16,mg/L,Broth dilution,BD Phoenix,CLSI,2013,NA,WOUND,USA,NA
Acinetobacter,baumannii,SRR3223557,Intermediate,CAZ,NA,16,mg/L,Broth dilution,BD Phoenix,CLSI,2013,NA,WOUND,USA,NA
Acinetobacter,baumannii,SRR3223558,Intermediate,CAZ,NA,16,mg/L,Broth dilution,BD Phoenix,CLSI,2013,NA,BLOOD,USA,NA
Acinetobacter,baumannii,SRR3223560,Intermediate,CAZ,NA,16,mg/L,Broth dilution,BD Phoenix,CLSI,2013,NA,WOUND,USA,NA
Acinetobacter,baumannii,SRR3223562,Intermediate,CAZ,NA,16,mg/L,Broth dilution,BD Phoenix,CLSI,2013,NA,WOUND,USA,NA
Salmonella,enterica,SRR3223751,Resistant,GEN,NA,16,mg/L,Broth dilution,Sensititre,CLSI,2013,30333126,Ground Turkey,USA,NA
Salmonella,enterica,SRR3223752,Intermediate,GEN,NA,4,mg/L,Broth dilution,Sensititre,CLSI,2013,30333126,Ground Turkey,USA,NA
Acinetobacter,baumannii,SRR3223911,Intermediate,CAZ,NA,16,mg/L,Broth dilution,BD Phoenix,CLSI,2013,NA,WOUND,USA,NA
Acinetobacter,baumannii,SRR3223912,Intermediate,CAZ,NA,16,mg/L,Broth dilution,BD Phoenix,CLSI,2013,NA,WOUND,USA,NA
Acinetobacter,baumannii,SRR3223913,Susceptible,CAZ,=,4,mg/L,Broth dilution,BD Phoenix,CLSI,2013,NA,TISSUE,USA,NA
Acinetobacter,baumannii,SRR3223915,Intermediate,CAZ,NA,16,mg/L,Broth dilution,BD Phoenix,CLSI,2013,NA,STERILE BODY FLUID,USA,NA
Acinetobacter,baumannii,SRR3223919,Intermediate,CAZ,NA,16,mg/L,Broth dilution,BD Phoenix,CLSI,2013,NA,STERILE BODY SITE,USA,NA
Acinetobacter,baumannii,SRR3223920,Intermediate,CAZ,NA,16,mg/L,Broth dilution,BD Phoenix,CLSI,2013,NA,WOUND,USA,NA
Acinetobacter,baumannii,SRR3223924,Susceptible,CAZ,=,8,mg/L,Broth dilution,BD Phoenix,CLSI,2013,NA,WOUND,USA,NA
Acinetobacter,baumannii,SRR3224230,Susceptible,CAZ,=,8,mg/L,Broth dilution,BD Phoenix,CLSI,2013,NA,RESPIRATORY,USA,NA
Acinetobacter,baumannii,SRR3224233,Intermediate,CAZ,NA,16,mg/L,Broth dilution,BD Phoenix,CLSI,2013,NA,WOUND,USA,NA
Acinetobacter,baumannii,SRR3224234,Susceptible,CAZ,<=,2,mg/L,Broth dilution,BD Phoenix,CLSI,2013,NA,WOUND,USA,NA
Acinetobacter,baumannii,SRR3224235,Susceptible,CAZ,=,8,mg/L,Broth dilution,BD Phoenix,CLSI,2013,NA,WOUND,USA,NA
Acinetobacter,baumannii,SRR3224236,Susceptible,CAZ,=,4,mg/L,Broth dilution,BD Phoenix,CLSI,2013,NA,WOUND,USA,NA
Acinetobacter,baumannii,SRR3224237,Susceptible,CAZ,=,4,mg/L,Broth dilution,BD Phoenix,CLSI,2013,NA,WOUND,USA,NA
Acinetobacter,baumannii,SRR3224240,Susceptible,CAZ,=,4,mg/L,Broth dilution,BD Phoenix,CLSI,2013,NA,URINE,USA,NA
Acinetobacter,baumannii,SRR3224796,Intermediate,CAZ,NA,16,mg/L,Broth dilution,BD Phoenix,CLSI,2013,NA,WOUND,USA,NA
Acinetobacter,baumannii,SRR3224798,Susceptible,CAZ,=,8,mg/L,Broth dilution,BD Phoenix,CLSI,2013,NA,WOUND,USA,NA
Acinetobacter,baumannii,SRR3224801,Susceptible,CAZ,=,4,mg/L,Broth dilution,BD Phoenix,CLSI,2013,NA,RESPIRATORY,USA,NA
Acinetobacter,baumannii,SRR3224803,Intermediate,CAZ,NA,16,mg/L,Broth dilution,BD Phoenix,CLSI,2013,NA,WOUND,USA,NA
Acinetobacter,baumannii,SRR3224808,Intermediate,CAZ,NA,16,mg/L,Broth dilution,BD Phoenix,CLSI,2013,NA,WOUND,USA,NA
Acinetobacter,baumannii,SRR3224984,Intermediate,CAZ,NA,16,mg/L,Broth dilution,BD Phoenix,CLSI,2013,NA,RESPIRATORY,USA,NA
Acinetobacter,baumannii,SRR3224988,Susceptible,CAZ,=,4,mg/L,Broth dilution,BD Phoenix,CLSI,2013,NA,WOUND,USA,NA
Acinetobacter,baumannii,SRR3224989,Susceptible,CAZ,=,4,mg/L,Broth dilution,BD Phoenix,CLSI,2013,NA,WOUND,USA,NA
Acinetobacter,baumannii,SRR3224993,Susceptible,CAZ,=,8,mg/L,Broth dilution,BD Phoenix,CLSI,2013,NA,RESPIRATORY,USA,NA
Acinetobacter,baumannii,SRR3224994,Susceptible,CAZ,<=,2,mg/L,Broth dilution,BD Phoenix,CLSI,2013,NA,WOUND,USA,NA
Acinetobacter,baumannii,SRR3224996,Intermediate,CAZ,NA,16,mg/L,Broth dilution,BD Phoenix,CLSI,2013,NA,BLOOD,USA,NA
Acinetobacter,baumannii,SRR3225003,Intermediate,CAZ,NA,16,mg/L,Broth dilution,BD Phoenix,CLSI,2013,NA,WOUND,USA,NA
Acinetobacter,baumannii,SRR3225042,Susceptible,CAZ,=,4,mg/L,Broth dilution,BD Phoenix,CLSI,2013,NA,WOUND,USA,NA
Acinetobacter,baumannii,SRR3225043,Susceptible,CAZ,=,4,mg/L,Broth dilution,BD Phoenix,CLSI,2013,NA,WOUND,USA,NA
Acinetobacter,baumannii,SRR3225044,Susceptible,CAZ,=,4,mg/L,Broth dilution,BD Phoenix,CLSI,2013,NA,WOUND,USA,NA
Acinetobacter,baumannii,SRR3225046,Susceptible,CAZ,<=,2,mg/L,Broth dilution,BD Phoenix,CLSI,2013,NA,BLOOD,USA,NA
Acinetobacter,baumannii,SRR3225048,Susceptible,CAZ,=,4,mg/L,Broth dilution,BD Phoenix,CLSI,2013,NA,WOUND,USA,NA
Acinetobacter,baumannii,SRR3225049,Susceptible,CAZ,=,8,mg/L,Broth dilution,BD Phoenix,CLSI,2013,NA,WOUND,USA,NA
Acinetobacter,baumannii,SRR3225059,Intermediate,CAZ,NA,16,mg/L,Broth dilution,BD Phoenix,CLSI,2013,NA,WOUND,USA,NA
Acinetobacter,baumannii,SRR3225230,Susceptible,CAZ,=,8,mg/L,Broth dilution,BD Phoenix,CLSI,2013,NA,WOUND,USA,NA
Acinetobacter,baumannii,SRR3225231,Intermediate,CAZ,NA,16,mg/L,Broth dilution,BD Phoenix,CLSI,2013,NA,WOUND,USA,NA
Acinetobacter,baumannii,SRR3225233,Susceptible,CAZ,=,8,mg/L,Broth dilution,BD Phoenix,CLSI,2013,NA,WOUND,USA,NA
Acinetobacter,baumannii,SRR3225236,Susceptible,CAZ,=,4,mg/L,Broth dilution,BD Phoenix,CLSI,2013,NA,RESPIRATORY,USA,NA
Acinetobacter,baumannii,SRR3225238,Intermediate,CAZ,NA,16,mg/L,Broth dilution,BD Phoenix,CLSI,2013,NA,STERILE BODY SITE,USA,NA
Acinetobacter,baumannii,SRR3225241,Susceptible,CAZ,=,4,mg/L,Broth dilution,BD Phoenix,CLSI,2013,NA,WOUND,USA,NA
Acinetobacter,baumannii,SRR3225242,Intermediate,CAZ,NA,16,mg/L,Broth dilution,BD Phoenix,CLSI,2013,NA,WOUND,USA,NA
Acinetobacter,baumannii,SRR3225244,Susceptible,CAZ,=,8,mg/L,Broth dilution,BD Phoenix,CLSI,2013,NA,WOUND,USA,NA
Acinetobacter,baumannii,SRR3225248,Intermediate,CAZ,NA,16,mg/L,Broth dilution,BD Phoenix,CLSI,2013,NA,WOUND,USA,NA
Salmonella,enterica,SRR3225369,Resistant,GEN,NA,16,mg/L,Broth dilution,Sensititre,CLSI,2013,30333126,Chicken Breast,USA,NA
Acinetobacter,baumannii,SRR3226989,Intermediate,CAZ,NA,16,mg/L,Broth dilution,BD Phoenix,CLSI,2013,NA,WOUND,USA,NA
Acinetobacter,baumannii,SRR3227002,Intermediate,CAZ,NA,16,mg/L,Broth dilution,BD Phoenix,CLSI,2013,NA,RESPIRATORY,USA,NA
Acinetobacter,baumannii,SRR3227004,Intermediate,CAZ,NA,16,mg/L,Broth dilution,BD Phoenix,CLSI,2013,NA,WOUND,USA,NA
Acinetobacter,baumannii,SRR3227005,Intermediate,CAZ,NA,16,mg/L,Broth dilution,BD Phoenix,CLSI,2013,NA,WOUND,USA,NA
Acinetobacter,baumannii,SRR3227007,Susceptible,CAZ,=,4,mg/L,Broth dilution,BD Phoenix,CLSI,2013,NA,WOUND,USA,NA
Acinetobacter,baumannii,SRR3227008,Intermediate,CAZ,NA,16,mg/L,Broth dilution,BD Phoenix,CLSI,2013,NA,TISSUE,USA,NA
Acinetobacter,baumannii,SRR3227011,Susceptible,CAZ,=,8,mg/L,Broth dilution,BD Phoenix,CLSI,2013,NA,STERILE BODY SITE,USA,NA
Acinetobacter,baumannii,SRR3227028,Susceptible,CAZ,=,4,mg/L,Broth dilution,BD Phoenix,CLSI,2013,NA,RESPIRATORY,USA,NA
Acinetobacter,baumannii,SRR3227030,Susceptible,CAZ,=,4,mg/L,Broth dilution,BD Phoenix,CLSI,2013,NA,WOUND,USA,NA
Acinetobacter,baumannii,SRR3227031,Intermediate,CAZ,NA,16,mg/L,Broth dilution,BD Phoenix,CLSI,2013,NA,TISSUE,USA,NA
Acinetobacter,baumannii,SRR3227037,Intermediate,CAZ,NA,16,mg/L,Broth dilution,BD Phoenix,CLSI,2013,NA,STERILE BODY SITE,USA,NA
Acinetobacter,baumannii,SRR3227045,Susceptible,CAZ,=,4,mg/L,Broth dilution,BD Phoenix,CLSI,2013,NA,WOUND,USA,NA
Acinetobacter,baumannii,SRR3227048,Intermediate,CAZ,NA,16,mg/L,Broth dilution,BD Phoenix,CLSI,2013,NA,WOUND,USA,NA
Acinetobacter,baumannii,SRR3228479,Intermediate,CAZ,NA,16,mg/L,Broth dilution,BD Phoenix,CLSI,2013,NA,STERILE BODY SITE,USA,NA
Acinetobacter,baumannii,SRR3228491,Susceptible,CAZ,=,8,mg/L,Broth dilution,BD Phoenix,CLSI,2013,NA,RESPIRATORY,USA,NA
Acinetobacter,baumannii,SRR3228493,Susceptible,CAZ,<=,2,mg/L,Broth dilution,BD Phoenix,CLSI,2013,NA,WOUND,USA,NA
Acinetobacter,baumannii,SRR3228534,Susceptible,CAZ,=,4,mg/L,Broth dilution,BD Phoenix,CLSI,2013,NA,WOUND,USA,NA
Acinetobacter,baumannii,SRR3228537,Susceptible,CAZ,=,4,mg/L,Broth dilution,BD Phoenix,CLSI,2013,NA,STERILE BODY SITE,USA,NA
Acinetobacter,baumannii,SRR3228538,Susceptible,CAZ,=,8,mg/L,Broth dilution,BD Phoenix,CLSI,2013,NA,BLOOD,USA,NA
Acinetobacter,baumannii,SRR3228539,Intermediate,CAZ,NA,16,mg/L,Broth dilution,BD Phoenix,CLSI,2013,NA,WOUND,USA,NA
Acinetobacter,baumannii,SRR3228544,Susceptible,CAZ,=,8,mg/L,Broth dilution,BD Phoenix,CLSI,2013,NA,WOUND,USA,NA
Acinetobacter,baumannii,SRR3228549,Susceptible,CAZ,=,4,mg/L,Broth dilution,BD Phoenix,CLSI,2013,NA,WOUND,USA,NA
Acinetobacter,baumannii,SRR3228557,Susceptible,CAZ,<=,2,mg/L,Broth dilution,BD Phoenix,CLSI,2013,NA,BLOOD,USA,NA
Acinetobacter,baumannii,SRR3228559,Intermediate,CAZ,NA,16,mg/L,Broth dilution,BD Phoenix,CLSI,2013,NA,BLOOD,USA,NA
Acinetobacter,baumannii,SRR3228561,Susceptible,CAZ,<=,2,mg/L,Broth dilution,BD Phoenix,CLSI,2013,NA,WOUND,USA,NA
Acinetobacter,baumannii,SRR3228563,Intermediate,CAZ,NA,16,mg/L,Broth dilution,BD Phoenix,CLSI,2013,NA,WOUND,USA,NA
Acinetobacter,baumannii,SRR3228564,Intermediate,CAZ,NA,16,mg/L,Broth dilution,BD Phoenix,CLSI,2013,NA,WOUND,USA,NA
Acinetobacter,baumannii,SRR3228569,Intermediate,CAZ,NA,16,mg/L,Broth dilution,BD Phoenix,CLSI,2013,NA,WOUND,USA,NA
Acinetobacter,baumannii,SRR3228575,Intermediate,CAZ,NA,16,mg/L,Broth dilution,BD Phoenix,CLSI,2013,NA,URINE,USA,NA
Campylobacter,jejuni,SRR3241809,Resistant,TET,NA,64,mg/L,Broth dilution,NA,CLSI,2013,NA,Animal-Cattle-Dairy Cow,USA,NA
Escherichia,coli,SRR3242018,Susceptible,GEN,<=,0.25,mg/L,Broth dilution,NA,CLSI,2013,NA,NA,NA,NA
Acinetobacter,baumannii,SRR3242034,Susceptible,CAZ,=,8,mg/L,Broth dilution,BD Phoenix,CLSI,2013,NA,TISSUE,USA,NA
Acinetobacter,baumannii,SRR3242039,Intermediate,CAZ,NA,16,mg/L,Broth dilution,BD Phoenix,CLSI,2013,NA,STERILE BODY SITE,USA,NA
Acinetobacter,baumannii,SRR3242044,Intermediate,CAZ,NA,16,mg/L,Broth dilution,BD Phoenix,CLSI,2013,NA,STERILE BODY SITE,USA,NA
Acinetobacter,baumannii,SRR3242051,Susceptible,CAZ,=,8,mg/L,Broth dilution,BD Phoenix,CLSI,2013,NA,STERILE BODY SITE,USA,NA
Salmonella,enterica,SRR3242213,Resistant,GEN,NA,16,mg/L,Broth dilution,Sensititre,CLSI,2013,30333126,Ground Turkey,USA,NA
Salmonella,enterica,SRR3242326,Susceptible,GEN,NA,0.5,mg/L,Broth dilution,Sensititre,CLSI,2013,30333126,Ground Turkey,USA,NA
Salmonella,enterica,SRR3242342,Susceptible,GEN,NA,0.5,mg/L,Broth dilution,Sensititre,CLSI,2013,30333126,Ground Turkey,USA,NA
Salmonella,enterica,SRR3242354,Susceptible,GEN,NA,0.5,mg/L,Broth dilution,Sensititre,CLSI,2013,30333126,Ground Turkey,USA,NA
Streptococcus,pneumoniae,SRR325169,Susceptible,ERY,<=,0.06,NA,NA,NA,CLSI,2013,NA,blood,USA,NA
Streptococcus,pneumoniae,SRR325171,Resistant,ERY,Streptococcus pneumoniae GA13430,8,NA,NA,NA,CLSI,2013,NA,blood,USA,NA
Streptococcus,pneumoniae,SRR325175,Resistant,ERY,Streptococcus pneumoniae GA02270,8,NA,NA,NA,CLSI,2013,NA,blood,USA,NA
Streptococcus,pneumoniae,SRR327027,Resistant,ERY,Streptococcus pneumoniae 8190-05,32,NA,NA,NA,CLSI,2013,NA,blood,USA,NA
Salmonella,enterica,SRR3271883,Susceptible,GEN,<=,0.25,mg/L,Broth dilution,Sensititre,CLSI,2013,30333126,Chicken Breast,USA,NA
Salmonella,enterica,SRR3271890,Susceptible,GEN,NA,0.5,mg/L,Broth dilution,Sensititre,CLSI,2013,30333126,Ground Turkey,USA,NA
Salmonella,enterica,SRR3289784,Resistant,GEN,NA,16,mg/L,Broth dilution,Sensititre,CLSI,2013,30333126,Ground Turkey,USA,NA
Salmonella,enterica,SRR3289805,Resistant,GEN,NA,16,mg/L,Broth dilution,Sensititre,CLSI,2013,30333126,Ground Turkey,USA,NA
Salmonella,enterica,SRR3289806,Susceptible,GEN,NA,1,mg/L,Broth dilution,Sensititre,CLSI,2013,30333126,Ground Turkey,USA,NA
Escherichia,coli,SRR3290089,Resistant,GEN,NA,16,mg/L,Broth dilution,VITEK 2,CLSI,2013,NA,urine,USA,NA
Escherichia,coli,SRR3290090,Susceptible,GEN,<=,1,mg/L,Broth dilution,VITEK 2,CLSI,2013,NA,urine,USA,NA
Escherichia,coli,SRR3290091,Susceptible,GEN,<=,0.5,mg/L,Broth dilution,VITEK 2,CLSI,2013,NA,sputum,USA,NA
Salmonella,enterica,SRR3294534,Intermediate,GEN,NA,4,mg/L,Broth dilution,Sensititre,CLSI,2013,30333126,Ground Turkey,USA,NA
Salmonella,enterica,SRR3295506,Susceptible,GEN,NA,0.5,mg/L,Broth dilution,Sensititre,CLSI,2013,30333126,Chicken Thighs,USA,NA
Salmonella,enterica,SRR3295527,Resistant,GEN,NA,16,mg/L,Broth dilution,NA,CLSI,2013,32513803,Ground Turkey,USA,NA
Salmonella,enterica,SRR3295538,Susceptible,GEN,<=,0.25,mg/L,Broth dilution,Sensititre,CLSI,2013,30333126,Chicken Breast,USA,NA
Salmonella,enterica,SRR3295552,Resistant,GEN,NA,16,mg/L,Broth dilution,NA,CLSI,2013,30333126,Ground Turkey,USA,NA
Salmonella,enterica,SRR3295556,Resistant,GEN,NA,16,mg/L,Broth dilution,Sensititre,CLSI,2013,30333126,Ground Turkey,USA,NA
Salmonella,enterica,SRR3295576,Resistant,GEN,NA,16,mg/L,Broth dilution,NA,CLSI,2013,30333126,Ground Turkey,USA,NA
Salmonella,enterica,SRR3295584,Resistant,GEN,NA,16,mg/L,Broth dilution,NA,CLSI,2013,30333126,Ground Turkey,USA,NA
Salmonella,enterica,SRR3295590,Susceptible,GEN,=,0.5,mg/L,Broth dilution,NA,CLSI,2013,30333126,Chicken Breast,USA,NA
Salmonella,enterica,SRR3295594,Resistant,GEN,NA,16,mg/L,Broth dilution,Sensititre,CLSI,2013,30333126,Chicken Breast,USA,NA
Salmonella,enterica,SRR3295608,Susceptible,GEN,NA,0.5,mg/L,Broth dilution,Sensititre,CLSI,2013,30333126,Ground Turkey,USA,NA
Salmonella,enterica,SRR3295612,Resistant,GEN,NA,16,mg/L,Broth dilution,NA,CLSI,2013,30333126,Chicken Breast,USA,NA
Salmonella,enterica,SRR3295634,Susceptible,GEN,=,0.5,mg/L,Broth dilution,NA,CLSI,2013,30333126,Cecal swine,USA,NA
Salmonella,enterica,SRR3295642,Resistant,GEN,NA,16,mg/L,Broth dilution,NA,CLSI,2013,30333126,Young Turkey,USA,NA
Salmonella,enterica,SRR3295643,Resistant,GEN,NA,16,mg/L,Broth dilution,Sensititre,CLSI,2013,30333126,Hogs,USA,NA
Salmonella,enterica,SRR3295657,Susceptible,GEN,NA,0.5,mg/L,Broth dilution,Sensititre,CLSI,2013,30333126,Young Turkey,USA,NA
Salmonella,enterica,SRR3295659,Susceptible,GEN,NA,0.5,mg/L,Broth dilution,Sensititre,CLSI,2013,30333126,Cecal swine,USA,NA
Salmonella,enterica,SRR3295674,Resistant,GEN,NA,16,mg/L,Broth dilution,NA,CLSI,2013,30333126,Hogs,USA,NA
Salmonella,enterica,SRR3295677,Susceptible,GEN,NA,0.5,mg/L,Broth dilution,Sensititre,CLSI,2013,30333126,Swine-Sow,USA,NA
Salmonella,enterica,SRR3295681,Susceptible,GEN,NA,0.5,mg/L,Broth dilution,Sensititre,CLSI,2013,30333126,Cecal swine,USA,NA
Salmonella,enterica,SRR3295705,Susceptible,GEN,=,0.5,mg/L,Broth dilution,NA,CLSI,2013,30333126,Hogs,USA,NA
Salmonella,enterica,SRR3295709,Resistant,GEN,NA,8,mg/L,Broth dilution,NA,CLSI,2013,30333126,Young Chicken,USA,NA
Salmonella,enterica,SRR3295718,Susceptible,GEN,=,0.5,mg/L,Broth dilution,NA,CLSI,2013,30333126,Young Turkey,USA,NA
Salmonella,enterica,SRR3295733,Susceptible,GEN,=,1,mg/L,Broth dilution,NA,CLSI,2013,30333126,Hogs,USA,NA
Salmonella,enterica,SRR3295735,Resistant,GEN,NA,16,mg/L,Broth dilution,Sensititre,CLSI,2013,30333126,Swine-Sow,USA,NA
Salmonella,enterica,SRR3295747,Susceptible,GEN,=,0.5,mg/L,Broth dilution,NA,CLSI,2013,30333126,Hogs,USA,NA
Salmonella,enterica,SRR3295754,Susceptible,GEN,<=,0.25,mg/L,Broth dilution,NA,CLSI,2013,30333126,Young Chicken,USA,NA
Salmonella,enterica,SRR3295765,Susceptible,GEN,NA,1,mg/L,Broth dilution,Sensititre,CLSI,2013,30333126,Dairy Cattle,USA,NA
Salmonella,enterica,SRR3295766,Susceptible,GEN,=,0.5,mg/L,Broth dilution,NA,CLSI,2013,30333126,Swine-Sow,USA,NA
Salmonella,enterica,SRR3295792,Susceptible,GEN,<=,0.25,mg/L,Broth dilution,Sensititre,CLSI,2013,30333126,Young Turkey,USA,NA
Salmonella,enterica,SRR3295801,Resistant,GEN,NA,16,mg/L,Broth dilution,NA,CLSI,2013,30333126,Young Turkey,USA,NA
Salmonella,enterica,SRR3295822,Resistant,GEN,NA,16,mg/L,Broth dilution,Sensititre,CLSI,2013,30333126,Hogs,USA,NA
Salmonella,enterica,SRR3295830,Susceptible,GEN,=,1,mg/L,Broth dilution,NA,CLSI,2013,30333126,Hogs,USA,NA
Salmonella,enterica,SRR3295833,Susceptible,GEN,=,0.5,mg/L,Broth dilution,NA,CLSI,2013,30333126,Hogs,USA,NA
Salmonella,enterica,SRR3295840,Susceptible,GEN,NA,0.5,mg/L,Broth dilution,Sensititre,CLSI,2013,30333126,Swine-Sow,USA,NA
Salmonella,enterica,SRR3295860,Susceptible,GEN,NA,0.5,mg/L,Broth dilution,Sensititre,CLSI,2013,30333126,Hogs,USA,NA
Salmonella,enterica,SRR3295861,Resistant,GEN,NA,16,mg/L,Broth dilution,NA,CLSI,2013,30333126,Young Chicken,USA,NA
Salmonella,enterica,SRR3295873,Resistant,GEN,NA,16,mg/L,Broth dilution,Sensititre,CLSI,2013,30333126,Young Turkey,USA,NA
Salmonella,enterica,SRR3295877,Resistant,GEN,NA,16,mg/L,Broth dilution,NA,CLSI,2013,30333126,Hogs,USA,NA
Salmonella,enterica,SRR3295880,Susceptible,GEN,NA,0.5,mg/L,Broth dilution,Sensititre,CLSI,2013,30333126,Swine-Sow,USA,NA
Salmonella,enterica,SRR3295903,Resistant,GEN,NA,16,mg/L,Broth dilution,Sensititre,CLSI,2013,30333126,Hogs,USA,NA
Salmonella,enterica,SRR3295905,Resistant,GEN,NA,16,mg/L,Broth dilution,NA,CLSI,2013,30333126,Hogs,USA,NA
Salmonella,enterica,SRR3295916,Susceptible,GEN,NA,0.5,mg/L,Broth dilution,Sensititre,CLSI,2013,30333126,Swine-Sow,USA,NA
Salmonella,enterica,SRR3295921,Susceptible,GEN,<=,0.25,mg/L,Broth dilution,Sensititre,CLSI,2013,30333126,Young Chicken,USA,NA
Salmonella,enterica,SRR3295936,Susceptible,GEN,NA,0.5,mg/L,Broth dilution,Sensititre,CLSI,2013,30333126,Dairy Cattle,USA,NA
Salmonella,enterica,SRR3295952,Susceptible,GEN,NA,1,mg/L,Broth dilution,Sensititre,CLSI,2013,30333126,Young Turkey,USA,NA
Campylobacter,jejuni,SRR3297723,Resistant,TET,NA,64,mg/L,Broth dilution,NA,CLSI,2013,NA,Animal-Cattle-Steer,USA,NA
Campylobacter,jejuni,SRR3297731,Resistant,TET,NA,64,mg/L,Broth dilution,NA,CLSI,2013,NA,Animal-Cattle-Steer,USA,NA
Campylobacter,jejuni,SRR3297732,Resistant,TET,NA,64,mg/L,Broth dilution,NA,CLSI,2013,NA,Animal-Cattle-Dairy Cow,USA,NA
Campylobacter,jejuni,SRR3297734,Resistant,TET,NA,32,mg/L,Broth dilution,NA,CLSI,2013,NA,Animal-Cattle-Dairy Cow,USA,NA
Campylobacter,jejuni,SRR3297737,Resistant,TET,NA,64,mg/L,Broth dilution,NA,CLSI,2013,NA,Animal-Cattle-Heifer,USA,NA
Campylobacter,jejuni,SRR3297742,Resistant,TET,NA,64,mg/L,Broth dilution,NA,CLSI,2013,NA,Animal-Cattle-Dairy Cow,USA,NA
Salmonella,enterica,SRR3306283,Susceptible,GEN,NA,0.5,mg/L,Broth dilution,Sensititre,CLSI,2013,30333126,Ground Turkey,USA,NA
Campylobacter,jejuni,SRR3319956,Susceptible,TET,<=,0.06,mg/L,Broth dilution,NA,CLSI,2013,NA,Animal-Cattle-Heifer,USA,NA
Campylobacter,jejuni,SRR3319968,Susceptible,TET,=,0.5,mg/L,Broth dilution,NA,CLSI,2013,NA,Animal-Cattle-Dairy Cow,USA,NA
Campylobacter,jejuni,SRR3319969,Resistant,TET,NA,64,mg/L,Broth dilution,NA,CLSI,2013,NA,Animal-Cattle-Dairy Cow,USA,NA
Campylobacter,jejuni,SRR3319970,Resistant,TET,NA,64,mg/L,Broth dilution,NA,CLSI,2013,NA,Animal-Cattle-Beef Cow,USA,NA
Campylobacter,jejuni,SRR3319973,Resistant,TET,NA,64,mg/L,Broth dilution,NA,CLSI,2013,NA,Animal-Cattle-Dairy Cow,USA,NA
Campylobacter,jejuni,SRR3319975,Resistant,TET,NA,64,mg/L,Broth dilution,NA,CLSI,2013,NA,Animal-Cattle-Dairy Cow,USA,NA
Campylobacter,jejuni,SRR3319977,Resistant,TET,NA,64,mg/L,Broth dilution,NA,CLSI,2013,NA,Animal-Cattle-Dairy Cow,USA,NA
Campylobacter,jejuni,SRR3319978,Resistant,TET,NA,64,mg/L,Broth dilution,NA,CLSI,2013,NA,Animal-Cattle-Dairy Cow,USA,NA
Campylobacter,jejuni,SRR3319983,Resistant,TET,NA,32,mg/L,Broth dilution,NA,CLSI,2013,NA,Animal-Cattle-Steer,USA,NA
Campylobacter,jejuni,SRR3319985,Susceptible,TET,<=,0.06,mg/L,Broth dilution,NA,CLSI,2013,NA,Animal-Cattle-Dairy Cow,USA,NA
Campylobacter,jejuni,SRR3319986,Susceptible,TET,<=,0.06,mg/L,Broth dilution,NA,CLSI,2013,NA,Animal-Cattle-Steer,USA,NA
Campylobacter,jejuni,SRR3319987,Resistant,TET,NA,64,mg/L,Broth dilution,NA,CLSI,2013,NA,Animal-Cattle-Dairy Cow,USA,NA
Campylobacter,jejuni,SRR3319988,Susceptible,TET,=,0.12,mg/L,Broth dilution,NA,CLSI,2013,NA,Animal-Cattle-Heifer,USA,NA
Campylobacter,jejuni,SRR3319990,Resistant,TET,NA,64,mg/L,Broth dilution,NA,CLSI,2013,NA,Animal-Cattle-Dairy Cow,USA,NA
Campylobacter,jejuni,SRR3319992,Resistant,TET,NA,64,mg/L,Broth dilution,NA,CLSI,2013,NA,Animal-Cattle-Steer,USA,NA
Campylobacter,jejuni,SRR3319993,Resistant,TET,NA,64,mg/L,Broth dilution,NA,CLSI,2013,NA,Animal-Cattle-Heifer,USA,NA
Campylobacter,jejuni,SRR3319994,Susceptible,TET,=,0.25,mg/L,Broth dilution,NA,CLSI,2013,NA,Animal-Cattle-Dairy Cow,USA,NA
Campylobacter,jejuni,SRR3319995,Resistant,TET,NA,32,mg/L,Broth dilution,NA,CLSI,2013,NA,Animal-Cattle-Dairy Cow,USA,NA
Campylobacter,jejuni,SRR3320062,Resistant,TET,NA,64,mg/L,Broth dilution,NA,CLSI,2013,NA,Animal-Cattle-Steer,USA,NA
Campylobacter,jejuni,SRR3321616,Resistant,TET,NA,64,mg/L,Broth dilution,NA,CLSI,2013,NA,Animal-Cattle-Dairy Cow,USA,NA
Campylobacter,jejuni,SRR3321620,Susceptible,TET,=,1,mg/L,Broth dilution,NA,CLSI,2013,NA,Animal-Cattle-Dairy Cow,USA,NA
Campylobacter,jejuni,SRR3321622,Susceptible,TET,=,0.5,mg/L,Broth dilution,NA,CLSI,2013,NA,Animal-Cattle-Dairy Cow,USA,NA
Campylobacter,jejuni,SRR3321623,Resistant,TET,NA,64,mg/L,Broth dilution,NA,CLSI,2013,NA,Animal-Cattle-Heifer,USA,NA
Campylobacter,jejuni,SRR3321624,Resistant,TET,NA,64,mg/L,Broth dilution,NA,CLSI,2013,NA,Animal-Cattle-Dairy Cow,USA,NA
Campylobacter,jejuni,SRR3321626,Resistant,TET,NA,64,mg/L,Broth dilution,NA,CLSI,2013,NA,Animal-Cattle-Beef Cow,USA,NA
Campylobacter,jejuni,SRR3321628,Resistant,TET,NA,16,mg/L,Broth dilution,NA,CLSI,2013,NA,Animal-Cattle-Heifer,USA,NA
Campylobacter,jejuni,SRR3321631,Susceptible,TET,=,1,mg/L,Broth dilution,NA,CLSI,2013,NA,Animal-Cattle-Beef Cow,USA,NA
Campylobacter,jejuni,SRR3321632,Resistant,TET,NA,64,mg/L,Broth dilution,NA,CLSI,2013,NA,Animal-Cattle-Beef Cow,USA,NA
Campylobacter,jejuni,SRR3321633,Susceptible,TET,=,0.12,mg/L,Broth dilution,NA,CLSI,2013,NA,Animal-Cattle-Dairy Cow,USA,NA
Campylobacter,jejuni,SRR3321635,Susceptible,TET,<=,0.06,mg/L,Broth dilution,NA,CLSI,2013,NA,Animal-Cattle-Heifer,USA,NA
Campylobacter,jejuni,SRR3321639,Resistant,TET,NA,64,mg/L,Broth dilution,NA,CLSI,2013,NA,Animal-Cattle-Steer,USA,NA
Campylobacter,jejuni,SRR3321641,Resistant,TET,NA,64,mg/L,Broth dilution,NA,CLSI,2013,NA,Animal-Cattle-Steer,USA,NA
Campylobacter,jejuni,SRR3321642,Resistant,TET,NA,64,mg/L,Broth dilution,NA,CLSI,2013,NA,Animal-Cattle-Heifer,USA,NA
Campylobacter,jejuni,SRR3321643,Resistant,TET,NA,64,mg/L,Broth dilution,NA,CLSI,2013,NA,Animal-Cattle-Steer,USA,NA
Campylobacter,jejuni,SRR3321647,Resistant,TET,NA,64,mg/L,Broth dilution,NA,CLSI,2013,NA,Animal-Cattle-Heifer,USA,NA
Campylobacter,jejuni,SRR3321648,Resistant,TET,NA,64,mg/L,Broth dilution,NA,CLSI,2013,NA,Animal-Cattle-Dairy Cow,USA,NA
Campylobacter,jejuni,SRR3321651,Resistant,TET,NA,64,mg/L,Broth dilution,NA,CLSI,2013,NA,Animal-Cattle-Dairy Cow,USA,NA
Campylobacter,jejuni,SRR3321655,Susceptible,TET,=,0.5,mg/L,Broth dilution,NA,CLSI,2013,NA,Animal-Cattle-Dairy Cow,USA,NA
Salmonella,enterica,SRR3330383,Susceptible,GEN,<=,0.25,mg/L,Broth dilution,Sensititre,CLSI,2013,30333126,Chicken Breast,USA,NA
Salmonella,enterica,SRR3330384,Susceptible,GEN,<=,0.25,mg/L,Broth dilution,Sensititre,CLSI,2013,30333126,Chicken Breast,USA,NA
Salmonella,enterica,SRR3330385,Susceptible,GEN,<=,0.25,mg/L,Broth dilution,Sensititre,CLSI,2013,30333126,Chicken Breast,USA,NA
Salmonella,enterica,SRR3330386,Resistant,GEN,NA,16,mg/L,Broth dilution,Sensititre,CLSI,2013,30333126,Ground Turkey,USA,NA
Salmonella,enterica,SRR3330602,Susceptible,GEN,<=,0.25,mg/L,Broth dilution,Sensititre,CLSI,2013,30333126,Ground Turkey,USA,NA
Salmonella,enterica,SRR3344472,Resistant,GEN,NA,16,mg/L,Broth dilution,Sensititre,CLSI,2013,30333126,Ground Turkey,USA,NA
Escherichia,coli,SRR3345825,Resistant,GEN,NA,16,mg/L,Broth dilution,VITEK 2,CLSI,2013,NA,blood,USA,NA
Escherichia,coli,SRR3345826,Susceptible,GEN,<=,1,mg/L,Broth dilution,VITEK 2,CLSI,2013,NA,blood,USA,NA
Escherichia,coli,SRR3345827,Resistant,GEN,NA,16,mg/L,Broth dilution,VITEK 2,CLSI,2013,NA,blood,USA,NA
Escherichia,coli,SRR3345828,Susceptible,GEN,<=,1,mg/L,Broth dilution,VITEK 2,CLSI,2013,NA,blood,USA,NA
Escherichia,coli,SRR3345829,Susceptible,GEN,<=,1,mg/L,Broth dilution,VITEK 2,CLSI,2013,NA,blood,USA,NA
Escherichia,coli,SRR3345830,Susceptible,GEN,<=,1,mg/L,Broth dilution,VITEK 2,CLSI,2013,NA,blood,USA,NA
Escherichia,coli,SRR3345831,Resistant,GEN,NA,16,mg/L,Broth dilution,VITEK 2,CLSI,2013,NA,blood,USA,NA
Escherichia,coli,SRR3345832,Resistant,GEN,NA,16,mg/L,Broth dilution,VITEK 2,CLSI,2013,NA,blood,USA,NA
Escherichia,coli,SRR3345833,Susceptible,GEN,<=,1,mg/L,Broth dilution,VITEK 2,CLSI,2013,NA,blood,USA,NA
Escherichia,coli,SRR3345834,Resistant,GEN,NA,16,mg/L,Broth dilution,VITEK 2,CLSI,2013,NA,blood,USA,NA
Campylobacter,jejuni,SRR3350788,Resistant,TET,NA,64,mg/L,Broth dilution,NA,CLSI,2013,NA,Animal-Cattle-Dairy Cow,USA,NA
Campylobacter,jejuni,SRR3350799,Resistant,TET,NA,64,mg/L,Broth dilution,NA,CLSI,2013,NA,Animal-Cattle-Heifer,USA,NA
Campylobacter,jejuni,SRR3350801,Resistant,TET,NA,64,mg/L,Broth dilution,NA,CLSI,2013,NA,Animal-Cattle-Dairy Cow,USA,NA
Campylobacter,jejuni,SRR3350802,Resistant,TET,NA,64,mg/L,Broth dilution,NA,CLSI,2013,NA,Animal-Cattle-Dairy Cow,USA,NA
Campylobacter,jejuni,SRR3350808,Resistant,TET,NA,64,mg/L,Broth dilution,NA,CLSI,2013,NA,Animal-Cattle-Dairy Cow,USA,NA
Campylobacter,jejuni,SRR3350809,Resistant,TET,NA,64,mg/L,Broth dilution,NA,CLSI,2013,NA,Animal-Cattle-Steer,USA,NA
Campylobacter,jejuni,SRR3350811,Resistant,TET,NA,64,mg/L,Broth dilution,NA,CLSI,2013,NA,Animal-Cattle-Steer,USA,NA
Campylobacter,jejuni,SRR3350812,Resistant,TET,NA,64,mg/L,Broth dilution,NA,CLSI,2013,NA,Animal-Cattle-Dairy Cow,USA,NA
Campylobacter,jejuni,SRR3350813,Resistant,TET,NA,64,mg/L,Broth dilution,NA,CLSI,2013,NA,Animal-Cattle-Heifer,USA,NA
Campylobacter,jejuni,SRR3350814,Resistant,TET,NA,64,mg/L,Broth dilution,NA,CLSI,2013,NA,Animal-Cattle-Dairy Cow,USA,NA
Campylobacter,jejuni,SRR3350821,Resistant,TET,NA,64,mg/L,Broth dilution,NA,CLSI,2013,NA,Animal-Cattle-Dairy Cow,USA,NA
Campylobacter,jejuni,SRR3350833,Susceptible,TET,=,0.12,mg/L,Broth dilution,NA,CLSI,2013,NA,Animal-Cattle-Steer,USA,NA
Campylobacter,jejuni,SRR3350834,Susceptible,TET,<=,0.06,mg/L,Broth dilution,NA,CLSI,2013,NA,Animal-Cattle-Dairy Cow,USA,NA
Campylobacter,jejuni,SRR3350836,Resistant,TET,NA,64,mg/L,Broth dilution,NA,CLSI,2013,NA,Animal-Cattle-Dairy Cow,USA,NA
Campylobacter,jejuni,SRR3350838,Resistant,TET,NA,64,mg/L,Broth dilution,NA,CLSI,2013,NA,Animal-Cattle-Heifer,USA,NA
Campylobacter,jejuni,SRR3350839,Susceptible,TET,<=,0.06,mg/L,Broth dilution,NA,CLSI,2013,NA,Animal-Cattle-Beef Cow,USA,NA
Campylobacter,jejuni,SRR3350850,Resistant,TET,NA,64,mg/L,Broth dilution,NA,CLSI,2013,NA,Animal-Cattle-Steer,USA,NA
Campylobacter,jejuni,SRR3350852,Resistant,TET,NA,64,mg/L,Broth dilution,NA,CLSI,2013,NA,Animal-Cattle-Steer,USA,NA
Campylobacter,jejuni,SRR3350887,Resistant,TET,NA,64,mg/L,Broth dilution,NA,CLSI,2013,NA,Animal-Cattle-Beef Cow,USA,NA
Campylobacter,jejuni,SRR3350889,Susceptible,TET,=,0.12,mg/L,Broth dilution,NA,CLSI,2013,NA,Animal-Cattle-Dairy Cow,USA,NA
Campylobacter,jejuni,SRR3350890,Resistant,TET,NA,64,mg/L,Broth dilution,NA,CLSI,2013,NA,Animal-Cattle-Dairy Cow,USA,NA
Campylobacter,jejuni,SRR3350891,Resistant,TET,NA,32,mg/L,Broth dilution,NA,CLSI,2013,NA,Animal-Cattle-Steer,USA,NA
Campylobacter,jejuni,SRR3350892,Resistant,TET,NA,32,mg/L,Broth dilution,NA,CLSI,2013,NA,Animal-Cattle-Heifer,USA,NA
Campylobacter,jejuni,SRR3350893,Susceptible,TET,=,0.12,mg/L,Broth dilution,NA,CLSI,2013,NA,Animal-Swine-Market Swine,USA,NA
Campylobacter,jejuni,SRR3350897,Resistant,TET,NA,64,mg/L,Broth dilution,NA,CLSI,2013,NA,Animal-Cattle-Dairy Cow,USA,NA
Campylobacter,jejuni,SRR3350898,Resistant,TET,NA,64,mg/L,Broth dilution,NA,CLSI,2013,NA,Animal-Cattle-Heifer,USA,NA
Campylobacter,jejuni,SRR3350904,Susceptible,TET,<=,0.06,mg/L,Broth dilution,NA,CLSI,2013,NA,Animal-Cattle-Steer,USA,NA
Campylobacter,jejuni,SRR3350905,Resistant,TET,NA,64,mg/L,Broth dilution,NA,CLSI,2013,NA,Animal-Cattle-Heifer,USA,NA
Campylobacter,jejuni,SRR3350906,Susceptible,TET,<=,0.06,mg/L,Broth dilution,NA,CLSI,2013,NA,Animal-Cattle-Steer,USA,NA
Campylobacter,jejuni,SRR3402079,Susceptible,TET,=,0.25,mg/L,Broth dilution,NA,CLSI,2013,NA,Animal-Cattle-Dairy Cow,USA,NA
Campylobacter,jejuni,SRR3402080,Resistant,TET,NA,64,mg/L,Broth dilution,NA,CLSI,2013,NA,Animal-Cattle-Dairy Cow,USA,NA
Campylobacter,jejuni,SRR3402082,Susceptible,TET,=,0.5,mg/L,Broth dilution,NA,CLSI,2013,NA,Animal-Cattle-Dairy Cow,USA,NA
Campylobacter,jejuni,SRR3402085,Susceptible,TET,<=,0.06,mg/L,Broth dilution,NA,CLSI,2013,NA,Animal-Cattle-Dairy Cow,USA,NA
Campylobacter,jejuni,SRR3402091,Susceptible,TET,<=,0.06,mg/L,Broth dilution,NA,CLSI,2013,NA,Animal-Cattle-Dairy Cow,USA,NA
Campylobacter,jejuni,SRR3402092,Resistant,TET,NA,64,mg/L,Broth dilution,NA,CLSI,2013,NA,Animal-Cattle-Steer,USA,NA
Campylobacter,jejuni,SRR3402093,Resistant,TET,NA,64,mg/L,Broth dilution,NA,CLSI,2013,NA,Animal-Cattle-Steer,USA,NA
Campylobacter,jejuni,SRR3402095,Resistant,TET,NA,64,mg/L,Broth dilution,NA,CLSI,2013,NA,Animal-Cattle-Dairy Cow,USA,NA
Campylobacter,jejuni,SRR3402096,Susceptible,TET,=,0.12,mg/L,Broth dilution,NA,CLSI,2013,NA,Animal-Cattle-Beef Cow,USA,NA
Campylobacter,jejuni,SRR3402097,Resistant,TET,NA,64,mg/L,Broth dilution,NA,CLSI,2013,NA,Animal-Cattle-Steer,USA,NA
Campylobacter,jejuni,SRR3402101,Susceptible,TET,=,0.25,mg/L,Broth dilution,NA,CLSI,2013,NA,Animal-Cattle-Dairy Cow,USA,NA
Campylobacter,jejuni,SRR3402105,Resistant,TET,NA,64,mg/L,Broth dilution,NA,CLSI,2013,NA,Animal-Cattle-Steer,USA,NA
Streptococcus,pneumoniae,SRR345192,Susceptible,ERY,=,0.12,NA,NA,NA,CLSI,2013,NA,blood,USA,NA
Streptococcus,pneumoniae,SRR345210,Resistant,ERY,Streptococcus pneumoniae GA47179,32,NA,NA,NA,CLSI,2013,NA,blood,USA,NA
Streptococcus,pneumoniae,SRR345241,Resistant,ERY,Streptococcus pneumoniae GA49194,8,NA,NA,NA,CLSI,2013,NA,blood,USA,NA
Streptococcus,pneumoniae,SRR345251,Resistant,ERY,Streptococcus pneumoniae GA47628,32,NA,NA,NA,CLSI,2013,NA,joint,USA,NA
Streptococcus,pneumoniae,SRR345258,Resistant,ERY,Streptococcus pneumoniae England14-9,32,NA,NA,NA,CLSI,2013,NA,NA,United Kingdom,NA
Streptococcus,pneumoniae,SRR346335,Resistant,ERY,Streptococcus pneumoniae GA05578,4,NA,NA,NA,CLSI,2013,NA,blood,USA,NA
Streptococcus,pneumoniae,SRR346337,Resistant,ERY,Streptococcus pneumoniae GA02506,4,NA,NA,NA,CLSI,2013,NA,blood,USA,NA
Campylobacter,jejuni,SRR3475824,Resistant,TET,NA,64,mg/L,Broth dilution,NA,CLSI,2013,NA,Animal-Cattle-Steer,USA,NA
Campylobacter,jejuni,SRR3475830,Susceptible,TET,=,0.25,mg/L,Broth dilution,NA,CLSI,2013,NA,Animal-Cattle-Dairy Cow,USA,NA
Campylobacter,jejuni,SRR3475854,Resistant,TET,NA,64,mg/L,Broth dilution,NA,CLSI,2013,NA,Animal-Cattle-Dairy Cow,USA,NA
Campylobacter,jejuni,SRR3475856,Resistant,TET,NA,64,mg/L,Broth dilution,NA,CLSI,2013,NA,Animal-Cattle-Steer,USA,NA
Campylobacter,jejuni,SRR3475873,Resistant,TET,NA,64,mg/L,Broth dilution,NA,CLSI,2013,NA,Animal-Cattle-Heifer,USA,NA
Campylobacter,jejuni,SRR3479923,Susceptible,TET,=,0.12,mg/L,Broth dilution,NA,CLSI,2013,NA,Animal-Cattle-Dairy Cow,USA,NA
Campylobacter,jejuni,SRR3479925,Susceptible,TET,=,0.25,mg/L,Broth dilution,NA,CLSI,2013,NA,Animal-Cattle-Dairy Cow,USA,NA
Campylobacter,jejuni,SRR3479926,Resistant,TET,NA,64,mg/L,Broth dilution,NA,CLSI,2013,NA,Animal-Cattle-Steer,USA,NA
Campylobacter,jejuni,SRR3479932,Susceptible,TET,<=,0.06,mg/L,Broth dilution,NA,CLSI,2013,NA,Animal-Cattle-Dairy Cow,USA,NA
Campylobacter,jejuni,SRR3479989,Susceptible,TET,<=,0.06,mg/L,Broth dilution,NA,CLSI,2013,NA,Animal-Cattle-Dairy Cow,USA,NA
Campylobacter,jejuni,SRR3479992,Resistant,TET,NA,64,mg/L,Broth dilution,NA,CLSI,2013,NA,Animal-Cattle-Heifer,USA,NA
Campylobacter,jejuni,SRR3479993,Resistant,TET,NA,64,mg/L,Broth dilution,NA,CLSI,2013,NA,Animal-Cattle-Steer,USA,NA
Campylobacter,jejuni,SRR3479996,Resistant,TET,NA,64,mg/L,Broth dilution,NA,CLSI,2013,NA,Animal-Cattle-Steer,USA,NA
Campylobacter,jejuni,SRR3479997,Resistant,TET,NA,64,mg/L,Broth dilution,NA,CLSI,2013,NA,Animal-Swine-Market Swine,USA,NA
Campylobacter,jejuni,SRR3479998,Resistant,TET,NA,64,mg/L,Broth dilution,NA,CLSI,2013,NA,Animal-Cattle-Dairy Cow,USA,NA
Campylobacter,jejuni,SRR3479999,Resistant,TET,NA,64,mg/L,Broth dilution,NA,CLSI,2013,NA,Animal-Cattle-Steer,USA,NA
Campylobacter,jejuni,SRR3480023,Susceptible,TET,=,0.12,mg/L,Broth dilution,NA,CLSI,2013,NA,Animal-Cattle-Dairy Cow,USA,NA
Campylobacter,jejuni,SRR3480035,Susceptible,TET,=,0.12,mg/L,Broth dilution,NA,CLSI,2013,NA,Animal-Cattle-Beef Cow,USA,NA
Acinetobacter,baumannii,SRR3502988,Resistant,CAZ,NA,32,mg/L,NA,NA,CLSI,2013,NA,Groin swab,NA,NA
Acinetobacter,baumannii,SRR3502996,Resistant,CAZ,NA,32,mg/L,NA,NA,CLSI,2013,NA,Blood culture,NA,NA
Acinetobacter,baumannii,SRR3503026,Resistant,CAZ,NA,32,mg/L,NA,NA,CLSI,2013,NA,Blood culture,NA,NA
Acinetobacter,baumannii,SRR3503028,Resistant,CAZ,NA,32,mg/L,NA,NA,CLSI,2013,NA,Sputum,NA,NA
Acinetobacter,baumannii,SRR3503035,Susceptible,CAZ,<=,2,mg/L,NA,NA,CLSI,2013,NA,Blood culture,NA,NA
Acinetobacter,baumannii,SRR3503038,Resistant,CAZ,NA,32,mg/L,NA,NA,CLSI,2013,NA,Tracheal aspirate,NA,NA
Acinetobacter,baumannii,SRR3503443,Resistant,CAZ,NA,64,mg/L,NA,NA,CLSI,2013,NA,Blood culture,NA,NA
Acinetobacter,baumannii,SRR3503444,Resistant,CAZ,NA,32,mg/L,NA,NA,CLSI,2013,NA,Tracheal aspirate,NA,NA
Acinetobacter,baumannii,SRR3503451,Resistant,CAZ,NA,32,mg/L,NA,NA,CLSI,2013,NA,Sputum,NA,NA
Acinetobacter,baumannii,SRR3503456,Resistant,CAZ,NA,32,mg/L,NA,NA,CLSI,2013,NA,Blood culture,NA,NA
Acinetobacter,baumannii,SRR3503459,Resistant,CAZ,NA,32,mg/L,NA,NA,CLSI,2013,NA,Tissue/wound/sacral,NA,NA
Acinetobacter,baumannii,SRR3503476,Resistant,CAZ,NA,32,mg/L,NA,NA,CLSI,2013,NA,Blood culture,NA,NA
Acinetobacter,baumannii,SRR3503602,Resistant,CAZ,NA,32,mg/L,NA,NA,CLSI,2013,NA,Wound swab,NA,NA
Acinetobacter,baumannii,SRR3503603,Resistant,CAZ,NA,32,mg/L,NA,NA,CLSI,2013,NA,Blood culture,NA,NA
Acinetobacter,baumannii,SRR3503610,Resistant,CAZ,NA,32,mg/L,NA,NA,CLSI,2013,NA,Sputum,NA,NA
Acinetobacter,baumannii,SRR3503615,Resistant,CAZ,NA,32,mg/L,NA,NA,CLSI,2013,NA,sacral bone,NA,NA
Acinetobacter,baumannii,SRR3503622,Resistant,CAZ,NA,32,mg/L,NA,NA,CLSI,2013,NA,Sputum,NA,NA
Acinetobacter,baumannii,SRR3503626,Resistant,CAZ,NA,32,mg/L,NA,NA,CLSI,2013,NA,Sputum,NA,NA
Acinetobacter,baumannii,SRR3503631,Resistant,CAZ,NA,32,mg/L,NA,NA,CLSI,2013,NA,*Blood-Isolator Tube,NA,NA
Acinetobacter,baumannii,SRR3503820,Resistant,CAZ,NA,32,mg/L,NA,NA,CLSI,2013,NA,Tracheal aspirate,NA,NA
Acinetobacter,baumannii,SRR3503822,Resistant,CAZ,NA,32,mg/L,NA,NA,CLSI,2013,NA,Respiratory Specimen?,NA,NA
Acinetobacter,baumannii,SRR3503825,Resistant,CAZ,NA,32,mg/L,NA,NA,CLSI,2013,NA,Blood culture,NA,NA
Acinetobacter,baumannii,SRR3503827,Resistant,CAZ,NA,32,mg/L,NA,NA,CLSI,2013,NA,Sacral bone,NA,NA
Acinetobacter,baumannii,SRR3503830,Susceptible,CAZ,<=,8,mg/L,NA,NA,CLSI,2013,NA,Blood culture,NA,NA
Acinetobacter,baumannii,SRR3503836,Resistant,CAZ,NA,32,mg/L,NA,NA,CLSI,2013,NA,Blood culture,NA,NA
Acinetobacter,baumannii,SRR3503841,Resistant,CAZ,NA,32,mg/L,NA,NA,CLSI,2013,NA,NT Tube/Respiratory,NA,NA
Acinetobacter,baumannii,SRR3503843,Resistant,CAZ,NA,32,mg/L,NA,NA,CLSI,2013,NA,Blood culture,NA,NA
Acinetobacter,baumannii,SRR3503900,Resistant,CAZ,NA,64,mg/L,NA,NA,CLSI,2013,NA,Blood culture,NA,NA
Acinetobacter,baumannii,SRR3503903,Resistant,CAZ,NA,64,mg/L,NA,NA,CLSI,2013,NA,Blood culture,NA,NA
Acinetobacter,baumannii,SRR3503907,Resistant,CAZ,NA,32,mg/L,NA,NA,CLSI,2013,NA,Blood culture,NA,NA
Acinetobacter,baumannii,SRR3503909,Resistant,CAZ,NA,32,mg/L,NA,NA,CLSI,2013,NA,Tracheal aspirate,NA,NA
Acinetobacter,baumannii,SRR3503910,Resistant,CAZ,NA,64,mg/L,NA,NA,CLSI,2013,NA,Sputum,NA,NA
Acinetobacter,baumannii,SRR3503911,Resistant,CAZ,NA,32,mg/L,NA,NA,CLSI,2013,NA,Bronchalveolar Lavage (BAL),NA,NA
Acinetobacter,baumannii,SRR3503913,Resistant,CAZ,NA,64,mg/L,NA,NA,CLSI,2013,NA,Blood culture,NA,NA
Acinetobacter,baumannii,SRR3504013,Resistant,CAZ,NA,32,mg/L,NA,NA,CLSI,2013,NA,Leg - LEFT ANTERIOR TIBIAL,NA,NA
Acinetobacter,baumannii,SRR3504014,Resistant,CAZ,NA,32,mg/L,NA,NA,CLSI,2013,NA,ABDOMINAL WOUND,NA,NA
Acinetobacter,baumannii,SRR3504016,Resistant,CAZ,NA,32,mg/L,NA,NA,CLSI,2013,NA,Left foot wound,NA,NA
Acinetobacter,baumannii,SRR3504095,Resistant,CAZ,NA,32,mg/L,NA,NA,CLSI,2013,NA,Drainage,NA,NA
Acinetobacter,baumannii,SRR3504097,Resistant,CAZ,NA,32,mg/L,NA,NA,CLSI,2013,NA,Tissue - left hip hematoma,NA,NA
Acinetobacter,baumannii,SRR3504099,Resistant,CAZ,NA,32,mg/L,NA,NA,CLSI,2013,NA,Blood culture,NA,NA
Acinetobacter,baumannii,SRR3504218,Resistant,CAZ,NA,32,mg/L,NA,NA,CLSI,2013,NA,Blood culture,NA,NA
Salmonella,enterica,SRR3509861,Resistant,GEN,NA,16,mg/L,Broth dilution,Sensititre,CLSI,2013,30333126,Ground Turkey,USA,NA
Salmonella,enterica,SRR3509890,Susceptible,GEN,NA,0.5,mg/L,Broth dilution,Sensititre,CLSI,2013,30333126,Chicken Breast,USA,NA
Salmonella,enterica,SRR3509891,Susceptible,GEN,<=,0.25,mg/L,Broth dilution,Sensititre,CLSI,2013,30333126,Chicken Breast,USA,NA
Streptococcus,pneumoniae,SRR351246,Resistant,ERY,Streptococcus pneumoniae GA17719,16,NA,NA,NA,CLSI,2013,NA,blood,USA,NA
Streptococcus,pneumoniae,SRR351488,Susceptible,ERY,=,0.12,NA,NA,NA,CLSI,2013,NA,blood,USA,NA
Acinetobacter,baumannii,SRR3536229,Resistant,CAZ,NA,32,mg/L,NA,NA,CLSI,2013,NA,Blood culture,NA,NA
Campylobacter,jejuni,SRR3543479,Susceptible,TET,=,0.25,mg/L,Broth dilution,NA,CLSI,2013,NA,Animal-Cattle-Steer,USA,NA
Campylobacter,jejuni,SRR3543480,Resistant,TET,NA,64,mg/L,Broth dilution,NA,CLSI,2013,NA,Animal-Cattle-Heifer,USA,NA
Campylobacter,jejuni,SRR3543481,Resistant,TET,NA,64,mg/L,Broth dilution,NA,CLSI,2013,NA,Animal-Cattle-Dairy Cow,USA,NA
Campylobacter,jejuni,SRR3543484,Susceptible,TET,=,0.25,mg/L,Broth dilution,NA,CLSI,2013,NA,Animal-Cattle-Dairy Cow,USA,NA
Campylobacter,jejuni,SRR3543485,Resistant,TET,NA,64,mg/L,Broth dilution,NA,CLSI,2013,NA,Animal-Cattle-Dairy Cow,USA,NA
Campylobacter,jejuni,SRR3543486,Resistant,TET,NA,64,mg/L,Broth dilution,NA,CLSI,2013,NA,Animal-Cattle-Steer,USA,NA
Campylobacter,jejuni,SRR3543487,Resistant,TET,NA,64,mg/L,Broth dilution,NA,CLSI,2013,NA,Animal-Cattle-Steer,USA,NA
Campylobacter,jejuni,SRR3543488,Susceptible,TET,<=,0.06,mg/L,Broth dilution,NA,CLSI,2013,NA,Animal-Cattle-Dairy Cow,USA,NA
Campylobacter,jejuni,SRR3543491,Resistant,TET,NA,64,mg/L,Broth dilution,NA,CLSI,2013,NA,Animal-Cattle-Steer,USA,NA
Campylobacter,jejuni,SRR3543492,Susceptible,TET,<=,0.06,mg/L,Broth dilution,NA,CLSI,2013,NA,Animal-Cattle-Dairy Cow,USA,NA
Campylobacter,jejuni,SRR3543493,Susceptible,TET,=,0.12,mg/L,Broth dilution,NA,CLSI,2013,NA,Animal-Cattle-Steer,USA,NA
Campylobacter,jejuni,SRR3543495,Resistant,TET,NA,64,mg/L,Broth dilution,NA,CLSI,2013,NA,Animal-Cattle-Steer,USA,NA
Campylobacter,jejuni,SRR3543496,Resistant,TET,NA,64,mg/L,Broth dilution,NA,CLSI,2013,NA,Animal-Cattle-Steer,USA,NA
Campylobacter,jejuni,SRR3543498,Susceptible,TET,=,0.5,mg/L,Broth dilution,NA,CLSI,2013,NA,Animal-Cattle-Dairy Cow,USA,NA
Campylobacter,jejuni,SRR3543499,Resistant,TET,NA,64,mg/L,Broth dilution,NA,CLSI,2013,NA,Animal-Cattle-Dairy Cow,USA,NA
Campylobacter,jejuni,SRR3543501,Susceptible,TET,<=,0.06,mg/L,Broth dilution,NA,CLSI,2013,NA,Animal-Cattle-Dairy Cow,USA,NA
Campylobacter,jejuni,SRR3543503,Resistant,TET,NA,64,mg/L,Broth dilution,NA,CLSI,2013,NA,Animal-Cattle-Heifer,USA,NA
Campylobacter,jejuni,SRR3543504,Resistant,TET,NA,32,mg/L,Broth dilution,NA,CLSI,2013,NA,Animal-Cattle-Dairy Cow,USA,NA
Campylobacter,jejuni,SRR3543505,Resistant,TET,NA,32,mg/L,Broth dilution,NA,CLSI,2013,NA,Animal-Cattle-Beef Cow,USA,NA
Campylobacter,jejuni,SRR3543506,Resistant,TET,NA,64,mg/L,Broth dilution,NA,CLSI,2013,NA,Animal-Cattle-Dairy Cow,USA,NA
Campylobacter,jejuni,SRR3543507,Susceptible,TET,=,0.12,mg/L,Broth dilution,NA,CLSI,2013,NA,Animal-Cattle-Dairy Cow,USA,NA
Campylobacter,jejuni,SRR3543509,Resistant,TET,NA,64,mg/L,Broth dilution,NA,CLSI,2013,NA,Animal-Cattle-Heifer,USA,NA
Campylobacter,jejuni,SRR3543510,Resistant,TET,NA,64,mg/L,Broth dilution,NA,CLSI,2013,NA,Animal-Cattle-Beef Cow,USA,NA
Campylobacter,jejuni,SRR3545750,Susceptible,TET,=,0.12,mg/L,Broth dilution,NA,CLSI,2013,NA,Animal-Cattle-Heifer,USA,NA
Campylobacter,jejuni,SRR3545759,Resistant,TET,NA,64,mg/L,Broth dilution,NA,CLSI,2013,NA,Animal-Cattle-Dairy Cow,USA,NA
Campylobacter,jejuni,SRR3545856,Resistant,TET,NA,64,mg/L,Broth dilution,NA,CLSI,2013,NA,Animal-Cattle-Dairy Cow,USA,NA
Campylobacter,jejuni,SRR3545861,Susceptible,TET,=,0.12,mg/L,Broth dilution,NA,CLSI,2013,NA,Animal-Cattle-Dairy Cow,USA,NA
Campylobacter,jejuni,SRR3545862,Resistant,TET,NA,64,mg/L,Broth dilution,NA,CLSI,2013,NA,Animal-Cattle-Heifer,USA,NA
Campylobacter,jejuni,SRR3545864,Susceptible,TET,=,1,mg/L,Broth dilution,NA,CLSI,2013,NA,Animal-Cattle-Dairy Cow,USA,NA
Campylobacter,jejuni,SRR3545867,Resistant,TET,NA,64,mg/L,Broth dilution,NA,CLSI,2013,NA,Animal-Cattle-Steer,USA,NA
Campylobacter,jejuni,SRR3545868,Susceptible,TET,=,0.25,mg/L,Broth dilution,NA,CLSI,2013,NA,Animal-Cattle-Dairy Cow,USA,NA
Campylobacter,jejuni,SRR3545870,Resistant,TET,NA,32,mg/L,Broth dilution,NA,CLSI,2013,NA,Animal-Cattle-Dairy Cow,USA,NA
Campylobacter,jejuni,SRR3545871,Resistant,TET,NA,64,mg/L,Broth dilution,NA,CLSI,2013,NA,Animal-Cattle-Heifer,USA,NA
Campylobacter,jejuni,SRR3545872,Resistant,TET,NA,32,mg/L,Broth dilution,NA,CLSI,2013,NA,Animal-Cattle-Dairy Cow,USA,NA
Campylobacter,jejuni,SRR3545883,Resistant,TET,NA,64,mg/L,Broth dilution,NA,CLSI,2013,NA,Animal-Cattle-Dairy Cow,USA,NA
Campylobacter,jejuni,SRR3545886,Susceptible,TET,<=,0.06,mg/L,Broth dilution,NA,CLSI,2013,NA,Animal-Cattle-Heifer,USA,NA
Campylobacter,jejuni,SRR3545893,Susceptible,TET,=,0.12,mg/L,Broth dilution,NA,CLSI,2013,NA,Animal-Cattle-Dairy Cow,USA,NA
Campylobacter,jejuni,SRR3545907,Susceptible,TET,=,0.12,mg/L,Broth dilution,NA,CLSI,2013,NA,Animal-Cattle-Dairy Cow,USA,NA
Campylobacter,jejuni,SRR3545908,Resistant,TET,NA,64,mg/L,Broth dilution,NA,CLSI,2013,NA,Animal-Cattle-Steer,USA,NA
Campylobacter,jejuni,SRR3545921,Resistant,TET,NA,64,mg/L,Broth dilution,NA,CLSI,2013,NA,Animal-Cattle-Dairy Cow,USA,NA
Campylobacter,jejuni,SRR3545923,Resistant,TET,NA,64,mg/L,Broth dilution,NA,CLSI,2013,NA,Animal-Cattle-Dairy Cow,USA,NA
Campylobacter,jejuni,SRR3545924,Resistant,TET,NA,64,mg/L,Broth dilution,NA,CLSI,2013,NA,Animal-Cattle-Steer,USA,NA
Campylobacter,jejuni,SRR3545936,Susceptible,TET,=,0.12,mg/L,Broth dilution,NA,CLSI,2013,NA,Animal-Cattle-Dairy Cow,USA,NA
Campylobacter,jejuni,SRR3575110,Resistant,TET,NA,64,mg/L,Broth dilution,NA,CLSI,2013,NA,Animal-Cattle-Dairy Cow,USA,NA
Campylobacter,jejuni,SRR3575114,Susceptible,TET,=,0.12,mg/L,Broth dilution,NA,CLSI,2013,NA,Animal-Cattle-Beef Cow,USA,NA
Campylobacter,jejuni,SRR3575117,Susceptible,TET,=,0.12,mg/L,Broth dilution,NA,CLSI,2013,NA,Animal-Cattle-Dairy Cow,USA,NA
Campylobacter,jejuni,SRR3575121,Resistant,TET,NA,64,mg/L,Broth dilution,NA,CLSI,2013,NA,Animal-Cattle-Steer,USA,NA
Campylobacter,jejuni,SRR3583301,Resistant,TET,NA,64,mg/L,Broth dilution,NA,CLSI,2013,NA,Animal-Cattle-Dairy Cow,USA,NA
Campylobacter,jejuni,SRR3583302,Resistant,TET,NA,64,mg/L,Broth dilution,NA,CLSI,2013,NA,Animal-Cattle-Beef Cow,USA,NA
Campylobacter,jejuni,SRR3583303,Resistant,TET,NA,64,mg/L,Broth dilution,NA,CLSI,2013,NA,Animal-Cattle-Steer,USA,NA
Campylobacter,jejuni,SRR3583304,Susceptible,TET,=,0.12,mg/L,Broth dilution,NA,CLSI,2013,NA,Animal-Cattle-Steer,USA,NA
Campylobacter,jejuni,SRR3583305,Resistant,TET,NA,64,mg/L,Broth dilution,NA,CLSI,2013,NA,Animal-Cattle-Dairy Cow,USA,NA
Campylobacter,jejuni,SRR3583307,Resistant,TET,NA,64,mg/L,Broth dilution,NA,CLSI,2013,NA,Animal-Cattle-Beef Cow,USA,NA
Campylobacter,jejuni,SRR3583309,Susceptible,TET,=,0.25,mg/L,Broth dilution,NA,CLSI,2013,NA,Animal-Cattle-Dairy Cow,USA,NA
Campylobacter,jejuni,SRR3583311,Resistant,TET,NA,64,mg/L,Broth dilution,NA,CLSI,2013,NA,Animal-Cattle-Heifer,USA,NA
Campylobacter,jejuni,SRR3583312,Susceptible,TET,=,0.25,mg/L,Broth dilution,NA,CLSI,2013,NA,Animal-Cattle-Steer,USA,NA
Campylobacter,jejuni,SRR3583315,Resistant,TET,NA,64,mg/L,Broth dilution,NA,CLSI,2013,NA,Animal-Cattle-Dairy Cow,USA,NA
Campylobacter,jejuni,SRR3583317,Resistant,TET,NA,64,mg/L,Broth dilution,NA,CLSI,2013,NA,Animal-Cattle-Steer,USA,NA
Campylobacter,jejuni,SRR3583318,Susceptible,TET,=,0.25,mg/L,Broth dilution,NA,CLSI,2013,NA,Animal-Cattle-Steer,USA,NA
Campylobacter,jejuni,SRR3583321,Susceptible,TET,<=,0.06,mg/L,Broth dilution,NA,CLSI,2013,NA,Animal-Cattle-Steer,USA,NA
Campylobacter,jejuni,SRR3583322,Susceptible,TET,<=,0.06,mg/L,Broth dilution,NA,CLSI,2013,NA,Animal-Cattle-Beef Cow,USA,NA
Campylobacter,jejuni,SRR3583323,Susceptible,TET,=,0.25,mg/L,Broth dilution,NA,CLSI,2013,NA,Animal-Cattle-Heifer,USA,NA
Escherichia,coli,SRR3588895,Resistant,GEN,NA,16,mg/L,Broth dilution,VITEK 2,CLSI,2013,NA,blood,USA,NA
Escherichia,coli,SRR3588896,Resistant,GEN,NA,16,mg/L,Broth dilution,VITEK 2,CLSI,2013,NA,blood,USA,NA
Escherichia,coli,SRR3588897,Susceptible,GEN,<=,1,mg/L,Broth dilution,VITEK 2,CLSI,2013,NA,blood,USA,NA
Campylobacter,jejuni,SRR3611597,Resistant,TET,NA,64,mg/L,Broth dilution,NA,CLSI,2013,NA,Animal-Cattle-Heifer,USA,NA
Campylobacter,jejuni,SRR3611598,Resistant,TET,NA,64,mg/L,Broth dilution,NA,CLSI,2013,NA,Animal-Cattle-Dairy Cow,USA,NA
Campylobacter,jejuni,SRR3611607,Resistant,TET,NA,64,mg/L,Broth dilution,NA,CLSI,2013,NA,Animal-Cattle-Dairy Cow,USA,NA
Campylobacter,jejuni,SRR3611608,Resistant,TET,NA,64,mg/L,Broth dilution,NA,CLSI,2013,NA,Animal-Cattle-Steer,USA,NA
Campylobacter,jejuni,SRR3611610,Resistant,TET,NA,64,mg/L,Broth dilution,NA,CLSI,2013,NA,Animal-Cattle-Dairy Cow,USA,NA
Campylobacter,jejuni,SRR3611611,Resistant,TET,NA,32,mg/L,Broth dilution,NA,CLSI,2013,NA,Animal-Cattle-Steer,USA,NA
Campylobacter,jejuni,SRR3611618,Resistant,TET,NA,64,mg/L,Broth dilution,NA,CLSI,2013,NA,Animal-Cattle-Heifer,USA,NA
Campylobacter,jejuni,SRR3611637,Resistant,TET,NA,64,mg/L,Broth dilution,NA,CLSI,2013,NA,Animal-Cattle-Steer,USA,NA
Campylobacter,jejuni,SRR3611687,Susceptible,TET,<=,0.06,mg/L,Broth dilution,NA,CLSI,2013,NA,Animal-Cattle-Dairy Cow,USA,NA
Campylobacter,jejuni,SRR3611703,Susceptible,TET,=,0.12,mg/L,Broth dilution,NA,CLSI,2013,NA,Animal-Cattle-Heifer,USA,NA
Campylobacter,jejuni,SRR3611705,Resistant,TET,NA,64,mg/L,Broth dilution,NA,CLSI,2013,NA,Animal-Cattle-Dairy Cow,USA,NA
Campylobacter,jejuni,SRR3611721,Resistant,TET,NA,64,mg/L,Broth dilution,NA,CLSI,2013,NA,Animal-Cattle-Beef Cow,USA,NA
Campylobacter,jejuni,SRR3611725,Resistant,TET,NA,64,mg/L,Broth dilution,NA,CLSI,2013,NA,Animal-Cattle-Heifer,USA,NA
Campylobacter,jejuni,SRR3611727,Susceptible,TET,=,0.12,mg/L,Broth dilution,NA,CLSI,2013,NA,Animal-Cattle-Steer,USA,NA
Campylobacter,jejuni,SRR3611728,Resistant,TET,NA,64,mg/L,Broth dilution,NA,CLSI,2013,NA,Animal-Cattle-Heifer,USA,NA
Campylobacter,jejuni,SRR3611730,Resistant,TET,NA,64,mg/L,Broth dilution,NA,CLSI,2013,NA,Animal-Cattle-Steer,USA,NA
Campylobacter,jejuni,SRR3611732,Resistant,TET,NA,64,mg/L,Broth dilution,NA,CLSI,2013,NA,Animal-Cattle-Dairy Cow,USA,NA
Campylobacter,jejuni,SRR3611734,Resistant,TET,NA,64,mg/L,Broth dilution,NA,CLSI,2013,NA,Animal-Cattle-Heifer,USA,NA
Campylobacter,jejuni,SRR3611736,Susceptible,TET,<=,0.06,mg/L,Broth dilution,NA,CLSI,2013,NA,Animal-Cattle-Heifer,USA,NA
Campylobacter,jejuni,SRR3611737,Resistant,TET,NA,64,mg/L,Broth dilution,NA,CLSI,2013,NA,Animal-Cattle-Dairy Cow,USA,NA
Campylobacter,jejuni,SRR3611740,Resistant,TET,NA,32,mg/L,Broth dilution,NA,CLSI,2013,NA,Animal-Cattle-Heifer,USA,NA
Campylobacter,jejuni,SRR3611742,Resistant,TET,NA,64,mg/L,Broth dilution,NA,CLSI,2013,NA,Animal-Cattle-Dairy Cow,USA,NA
Campylobacter,jejuni,SRR3611744,Susceptible,TET,<=,0.06,mg/L,Broth dilution,NA,CLSI,2013,NA,Animal-Cattle-Dairy Cow,USA,NA
Campylobacter,jejuni,SRR3611746,Susceptible,TET,=,0.25,mg/L,Broth dilution,NA,CLSI,2013,NA,Animal-Cattle-Steer,USA,NA
Campylobacter,jejuni,SRR3611749,Resistant,TET,NA,64,mg/L,Broth dilution,NA,CLSI,2013,NA,Animal-Cattle-Dairy Cow,USA,NA
Campylobacter,jejuni,SRR3611752,Susceptible,TET,=,0.25,mg/L,Broth dilution,NA,CLSI,2013,NA,Animal-Cattle-Heifer,USA,NA
Campylobacter,jejuni,SRR3611753,Susceptible,TET,=,0.12,mg/L,Broth dilution,NA,CLSI,2013,NA,Animal-Cattle-Steer,USA,NA
Campylobacter,jejuni,SRR3611755,Resistant,TET,NA,64,mg/L,Broth dilution,NA,CLSI,2013,NA,Animal-Cattle-Beef Cow,USA,NA
Campylobacter,jejuni,SRR3611758,Resistant,TET,NA,64,mg/L,Broth dilution,NA,CLSI,2013,NA,Animal-Cattle-Steer,USA,NA
Campylobacter,jejuni,SRR3611760,Resistant,TET,NA,64,mg/L,Broth dilution,NA,CLSI,2013,NA,Animal-Cattle-Steer,USA,NA
Campylobacter,jejuni,SRR3611763,Resistant,TET,NA,64,mg/L,Broth dilution,NA,CLSI,2013,NA,Animal-Cattle-Steer,USA,NA
Campylobacter,jejuni,SRR3611765,Susceptible,TET,=,0.12,mg/L,Broth dilution,NA,CLSI,2013,NA,Animal-Cattle-Dairy Cow,USA,NA
Campylobacter,jejuni,SRR3611768,Resistant,TET,NA,64,mg/L,Broth dilution,NA,CLSI,2013,NA,Animal-Cattle-Heifer,USA,NA
Escherichia,coli,SRR3615372,Resistant,GEN,NA,16,mg/L,Broth dilution,VITEK 2,CLSI,2013,NA,blood,USA,NA
Escherichia,coli,SRR3615373,Resistant,GEN,NA,16,mg/L,Broth dilution,VITEK 2,CLSI,2013,NA,urine,USA,NA
Escherichia,coli,SRR3618617,Resistant,GEN,NA,16,mg/L,Broth dilution,VITEK 2,CLSI,2013,NA,blood,USA,NA
Escherichia,coli,SRR3618619,Resistant,GEN,NA,16,mg/L,Broth dilution,VITEK 2,CLSI,2013,NA,blood,USA,NA
Escherichia,coli,SRR3618620,Resistant,GEN,NA,16,mg/L,Broth dilution,VITEK 2,CLSI,2013,NA,blood,USA,NA
Escherichia,coli,SRR3618621,Resistant,GEN,NA,16,mg/L,Broth dilution,VITEK 2,CLSI,2013,NA,blood,USA,NA
Escherichia,coli,SRR3618622,Resistant,GEN,NA,16,mg/L,Broth dilution,VITEK 2,CLSI,2013,NA,blood,USA,NA
Pseudomonas,aeruginosa,SRR3618623,Intermediate,CAZ,NA,12,mm,Disk diffusion,KB panel,CLSI,2013,NA,left mass drainage,USA,NA
Pseudomonas,aeruginosa,SRR3618624,Intermediate,CAZ,NA,9,mm,Disk diffusion,KB panel,CLSI,2013,NA,bone,USA,NA
Pseudomonas,aeruginosa,SRR3618625,Susceptible,CAZ,=,6,mm,Disk diffusion,KB panel,CLSI,2013,NA,trachael aspirate,USA,NA
Escherichia,coli,SRR3618626,Resistant,GEN,NA,16,mg/L,Broth dilution,VITEK 2,CLSI,2013,NA,urine,USA,NA
Pseudomonas,aeruginosa,SRR3618630,Susceptible,CAZ,=,6,mm,Disk diffusion,KB panel,CLSI,2013,NA,abdominal,USA,NA
Escherichia,coli,SRR3618631,Susceptible,GEN,<=,1,mg/L,Broth dilution,VITEK 2,CLSI,2013,NA,blood,USA,NA
Escherichia,coli,SRR3618632,Susceptible,GEN,<=,1,mg/L,Broth dilution,VITEK 2,CLSI,2013,NA,blood,USA,NA
Escherichia,coli,SRR3618633,Resistant,GEN,NA,16,mg/L,Broth dilution,VITEK 2,CLSI,2013,NA,blood,USA,NA
Escherichia,coli,SRR3618634,Resistant,GEN,NA,16,mg/L,Broth dilution,VITEK 2,CLSI,2013,NA,blood,USA,NA
Acinetobacter,baumannii,SRR3649788,Resistant,CAZ,NA,32,mg/L,NA,NA,CLSI,2013,NA,Right buttock,NA,NA
Salmonella,enterica,SRR3664610,Susceptible,GEN,=,1,mg/L,Broth dilution,NA,CLSI,2013,NA,Chicken Breast,USA,NA
Salmonella,enterica,SRR3664616,Susceptible,GEN,=,1,mg/L,Broth dilution,CMV2AGNF/CMV3AGNF,CLSI,2013,27381390,Ground Turkey,USA,NA
Salmonella,enterica,SRR3664628,Resistant,GEN,NA,16,mg/L,Broth dilution,CMV2AGNF/CMV3AGNF,CLSI,2013,27381390,Chicken Breast,USA,NA
Salmonella,enterica,SRR3664631,Resistant,GEN,NA,16,mg/L,Broth dilution,CMV2AGNF/CMV3AGNF,CLSI,2013,27381390,Ground Turkey,USA,NA
Salmonella,enterica,SRR3664633,Resistant,GEN,NA,16,mg/L,Broth dilution,CMV2AGNF/CMV3AGNF,CLSI,2013,27381390,Ground Turkey,USA,NA
Salmonella,enterica,SRR3664650,Resistant,GEN,NA,16,mg/L,Broth dilution,NA,CLSI,2013,27381390,Ground Turkey,USA,NA
Salmonella,enterica,SRR3664653,Susceptible,GEN,NA,0.5,mg/L,Broth dilution,Sensititre,CLSI,2013,30333126,Chicken Wings,USA,NA
Salmonella,enterica,SRR3664666,Resistant,GEN,NA,16,mg/L,Broth dilution,CMV2AGNF/CMV3AGNF,CLSI,2013,27381390,Chicken Breast,USA,NA
Salmonella,enterica,SRR3664667,Susceptible,GEN,=,1,mg/L,Broth dilution,CMV2AGNF/CMV3AGNF,CLSI,2013,27381390,Ground Turkey,USA,NA
Salmonella,enterica,SRR3664678,Susceptible,GEN,=,0.5,mg/L,Broth dilution,NA,CLSI,2013,27381390,Chicken Breast,USA,NA
Salmonella,enterica,SRR3664682,Resistant,GEN,NA,16,mg/L,Broth dilution,Sensititre,CLSI,2013,30333126,Chicken Breast,USA,NA
Salmonella,enterica,SRR3664701,Resistant,GEN,NA,16,mg/L,Broth dilution,CMV2AGNF/CMV3AGNF,CLSI,2013,27381390,Ground Turkey,USA,NA
Salmonella,enterica,SRR3664704,Susceptible,GEN,<=,0.25,mg/L,Broth dilution,NA,CLSI,2013,NA,Chicken Breast,USA,NA
Salmonella,enterica,SRR3664709,Susceptible,GEN,<=,0.25,mg/L,Broth dilution,Sensititre,CLSI,2013,30333126,Ground Turkey,USA,NA
Salmonella,enterica,SRR3664717,Resistant,GEN,NA,16,mg/L,Broth dilution,NA,CLSI,2013,NA,Chicken Breast,USA,NA
Salmonella,enterica,SRR3664726,Susceptible,GEN,=,1,mg/L,Broth dilution,CMV2AGNF/CMV3AGNF,CLSI,2013,27381390,Ground Turkey,USA,NA
Salmonella,enterica,SRR3664734,Susceptible,GEN,NA,0.5,mg/L,Broth dilution,Sensititre,CLSI,2013,30333126,Ground Turkey,USA,NA
Salmonella,enterica,SRR3664752,Resistant,GEN,NA,16,mg/L,Broth dilution,CMV2AGNF/CMV3AGNF,CLSI,2013,27381390,Chicken Breast,USA,NA
Salmonella,enterica,SRR3664762,Susceptible,GEN,NA,0.5,mg/L,Broth dilution,Sensititre,CLSI,2013,30333126,Chicken Breast,USA,NA
Salmonella,enterica,SRR3664763,Susceptible,GEN,NA,0.5,mg/L,Broth dilution,Sensititre,CLSI,2013,30333126,Chicken Breast,USA,NA
Salmonella,enterica,SRR3664767,Resistant,GEN,NA,16,mg/L,Broth dilution,NA,CLSI,2013,NA,Ground Turkey,USA,NA
Salmonella,enterica,SRR3664772,Resistant,GEN,NA,16,mg/L,Broth dilution,CMV2AGNF/CMV3AGNF,CLSI,2013,27381390,Chicken Breast,USA,NA
Salmonella,enterica,SRR3664782,Susceptible,GEN,<=,0.25,mg/L,Broth dilution,NA,CLSI,2013,NA,Chicken Breast,USA,NA
Salmonella,enterica,SRR3664788,Susceptible,GEN,<=,0.25,mg/L,Broth dilution,NA,CLSI,2013,NA,Chicken Breast,USA,NA
Salmonella,enterica,SRR3664790,Resistant,GEN,NA,16,mg/L,Broth dilution,NA,CLSI,2013,NA,Chicken Breast,USA,NA
Salmonella,enterica,SRR3664791,Susceptible,GEN,=,0.5,mg/L,Broth dilution,NA,CLSI,2013,NA,Chicken Breast,USA,NA
Salmonella,enterica,SRR3664794,Susceptible,GEN,=,0.5,mg/L,Broth dilution,NA,CLSI,2013,NA,Chicken Breast,USA,NA
Salmonella,enterica,SRR3664800,Susceptible,GEN,=,0.5,mg/L,Broth dilution,NA,CLSI,2013,NA,Chicken Breast,USA,NA
Salmonella,enterica,SRR3664807,Susceptible,GEN,=,0.5,mg/L,Broth dilution,NA,CLSI,2013,NA,Chicken Breast,USA,NA
Salmonella,enterica,SRR3664813,Resistant,GEN,NA,16,mg/L,Broth dilution,Sensititre,CLSI,2013,30333126,Ground Turkey,USA,NA
Salmonella,enterica,SRR3664815,Resistant,GEN,NA,16,mg/L,Broth dilution,NA,CLSI,2013,27381390,Pork Chops,USA,NA
Salmonella,enterica,SRR3664816,Susceptible,GEN,=,0.5,mg/L,Broth dilution,NA,CLSI,2013,27381390,Chicken Breast,USA,NA
Salmonella,enterica,SRR3664820,Susceptible,GEN,NA,0.5,mg/L,Broth dilution,Sensititre,CLSI,2013,30333126,Chicken Breast,USA,NA
Salmonella,enterica,SRR3664823,Susceptible,GEN,NA,0.5,mg/L,Broth dilution,Sensititre,CLSI,2013,30333126,Chicken Breast,USA,NA
Salmonella,enterica,SRR3664829,Susceptible,GEN,=,0.5,mg/L,Broth dilution,NA,CLSI,2013,NA,Chicken Breast,USA,NA
Salmonella,enterica,SRR3664831,Susceptible,GEN,=,0.5,mg/L,Broth dilution,NA,CLSI,2013,NA,Ground Turkey,USA,NA
Salmonella,enterica,SRR3664833,Susceptible,GEN,=,0.5,mg/L,Broth dilution,NA,CLSI,2013,NA,Ground Beef,USA,NA
Salmonella,enterica,SRR3664838,Susceptible,GEN,=,0.5,mg/L,Broth dilution,NA,CLSI,2013,NA,Chicken Breast,USA,NA
Salmonella,enterica,SRR3664839,Resistant,GEN,NA,16,mg/L,Broth dilution,CMV2AGNF/CMV3AGNF,CLSI,2013,27381390,Ground Turkey,USA,NA
Salmonella,enterica,SRR3664842,Susceptible,GEN,=,0.5,mg/L,Broth dilution,NA,CLSI,2013,NA,Chicken Breast,USA,NA
Salmonella,enterica,SRR3664844,Susceptible,GEN,NA,0.5,mg/L,Broth dilution,Sensititre,CLSI,2013,30333126,Ground Turkey,USA,NA
Salmonella,enterica,SRR3664850,Susceptible,GEN,NA,0.5,mg/L,Broth dilution,Sensititre,CLSI,2013,30333126,Chicken Breast,USA,NA
Salmonella,enterica,SRR3664862,Susceptible,GEN,=,0.5,mg/L,Broth dilution,NA,CLSI,2013,27381390,Chicken Breast,USA,NA
Salmonella,enterica,SRR3664873,Susceptible,GEN,<=,0.25,mg/L,Broth dilution,Sensititre,CLSI,2013,30333126,Chicken Breast,USA,NA
Salmonella,enterica,SRR3664878,Susceptible,GEN,NA,0.5,mg/L,Broth dilution,Sensititre,CLSI,2013,30333126,Ground Turkey,USA,NA
Salmonella,enterica,SRR3664880,Resistant,GEN,NA,16,mg/L,Broth dilution,Sensititre,CLSI,2013,30333126,Ground Turkey,USA,NA
Salmonella,enterica,SRR3664882,Resistant,GEN,NA,16,mg/L,Broth dilution,CMV2AGNF/CMV3AGNF,CLSI,2013,27381390,Chicken Breast,USA,NA
Salmonella,enterica,SRR3664883,Susceptible,GEN,NA,0.5,mg/L,Broth dilution,Sensititre,CLSI,2013,30333126,Chicken Breast,USA,NA
Salmonella,enterica,SRR3664887,Susceptible,GEN,=,0.5,mg/L,Broth dilution,NA,CLSI,2013,NA,Chicken Breast,USA,NA
Salmonella,enterica,SRR3664891,Resistant,GEN,NA,16,mg/L,Broth dilution,NA,CLSI,2013,NA,Ground Turkey,USA,NA
Salmonella,enterica,SRR3664897,Susceptible,GEN,<=,0.25,mg/L,Broth dilution,Sensititre,CLSI,2013,30333126,Chicken Breast,USA,NA
Salmonella,enterica,SRR3664900,Resistant,GEN,NA,16,mg/L,Broth dilution,NA,CLSI,2013,27381390,Ground Turkey,USA,NA
Salmonella,enterica,SRR3664901,Resistant,GEN,NA,16,mg/L,Broth dilution,CMV2AGNF/CMV3AGNF,CLSI,2013,27381390,Ground Turkey,USA,NA
Salmonella,enterica,SRR3664909,Susceptible,GEN,NA,0.5,mg/L,Broth dilution,Sensititre,CLSI,2013,30333126,Ground Turkey,USA,NA
Salmonella,enterica,SRR3664914,Resistant,GEN,NA,16,mg/L,Broth dilution,NA,CLSI,2013,27381390,Ground Turkey,USA,NA
Salmonella,enterica,SRR3664919,Resistant,GEN,NA,16,mg/L,Broth dilution,CMV2AGNF/CMV3AGNF,CLSI,2013,27381390,Chicken Breast,USA,NA
Salmonella,enterica,SRR3664927,Susceptible,GEN,<=,0.25,mg/L,Broth dilution,NA,CLSI,2013,NA,Chicken Breast,USA,NA
Salmonella,enterica,SRR3664928,Susceptible,GEN,<=,0.25,mg/L,Broth dilution,Sensititre,CLSI,2013,30333126,Ground Turkey,USA,NA
Salmonella,enterica,SRR3664931,Susceptible,GEN,=,0.5,mg/L,Broth dilution,NA,CLSI,2013,NA,Chicken Breast,USA,NA
Salmonella,enterica,SRR3664932,Resistant,GEN,NA,16,mg/L,Broth dilution,NA,CLSI,2013,27381390,Chicken Breast,USA,NA
Salmonella,enterica,SRR3664949,Resistant,GEN,NA,16,mg/L,Broth dilution,CMV2AGNF/CMV3AGNF,CLSI,2013,27381390,Chicken Breast,USA,NA
Salmonella,enterica,SRR3664961,Susceptible,GEN,NA,0.5,mg/L,Broth dilution,Sensititre,CLSI,2013,30333126,Chicken Breast,USA,NA
Salmonella,enterica,SRR3664962,Susceptible,GEN,<=,0.25,mg/L,Broth dilution,Sensititre,CLSI,2013,30333126,Ground Turkey,USA,NA
Salmonella,enterica,SRR3664978,Resistant,GEN,NA,16,mg/L,Broth dilution,NA,CLSI,2013,27381390,Ground Turkey,USA,NA
Salmonella,enterica,SRR3664982,Resistant,GEN,NA,16,mg/L,Broth dilution,CMV2AGNF/CMV3AGNF,CLSI,2013,27381390,Ground Turkey,USA,NA
Salmonella,enterica,SRR3664998,Resistant,GEN,NA,16,mg/L,Broth dilution,Sensititre,CLSI,2013,30333126,Ground Turkey,USA,NA
Salmonella,enterica,SRR3664999,Resistant,GEN,NA,16,mg/L,Broth dilution,CMV2AGNF/CMV3AGNF,CLSI,2013,27381390,Ground Turkey,USA,NA
Salmonella,enterica,SRR3665012,Resistant,GEN,NA,16,mg/L,Broth dilution,CMV2AGNF/CMV3AGNF,CLSI,2013,27381390,Ground Turkey,USA,NA
Salmonella,enterica,SRR3665021,Susceptible,GEN,=,1,mg/L,Broth dilution,CMV2AGNF/CMV3AGNF,CLSI,2013,27381390,Ground Turkey,USA,NA
Salmonella,enterica,SRR3665023,Resistant,GEN,NA,16,mg/L,Broth dilution,CMV2AGNF/CMV3AGNF,CLSI,2013,27381390,Ground Turkey,USA,NA
Salmonella,enterica,SRR3665032,Susceptible,GEN,NA,0.5,mg/L,Broth dilution,Sensititre,CLSI,2013,30333126,Ground Turkey,USA,NA
Salmonella,enterica,SRR3665037,Resistant,GEN,NA,16,mg/L,Broth dilution,Sensititre,CLSI,2013,30333126,Ground Turkey,USA,NA
Salmonella,enterica,SRR3665059,Susceptible,GEN,NA,0.5,mg/L,Broth dilution,Sensititre,CLSI,2013,30333126,Ground Turkey,USA,NA
Salmonella,enterica,SRR3665061,Susceptible,GEN,=,0.5,mg/L,Broth dilution,NA,CLSI,2013,NA,Ground Turkey,USA,NA
Salmonella,enterica,SRR3665072,Susceptible,GEN,=,0.5,mg/L,Broth dilution,NA,CLSI,2013,27381390,Ground Turkey,USA,NA
Salmonella,enterica,SRR3665074,Resistant,GEN,NA,16,mg/L,Broth dilution,Sensititre,CLSI,2013,30333126,Ground Turkey,USA,NA
Salmonella,enterica,SRR3665076,Resistant,GEN,NA,16,mg/L,Broth dilution,NA,CLSI,2013,NA,Ground Turkey,USA,NA
Salmonella,enterica,SRR3665078,Intermediate,GEN,NA,4,mg/L,Broth dilution,Sensititre,CLSI,2013,30333126,Ground Turkey,USA,NA
Salmonella,enterica,SRR3665084,Susceptible,GEN,<=,0.25,mg/L,Broth dilution,Sensititre,CLSI,2013,30333126,Chicken Breast,USA,NA
Salmonella,enterica,SRR3665086,Resistant,GEN,NA,16,mg/L,Broth dilution,CMV2AGNF/CMV3AGNF,CLSI,2013,27381390,Ground Turkey,USA,NA
Salmonella,enterica,SRR3665087,Resistant,GEN,NA,16,mg/L,Broth dilution,Sensititre,CLSI,2013,30333126,Ground Turkey,USA,NA
Salmonella,enterica,SRR3665091,Resistant,GEN,NA,16,mg/L,Broth dilution,NA,CLSI,2013,NA,Ground Turkey,USA,NA
Salmonella,enterica,SRR3665094,Susceptible,GEN,=,0.5,mg/L,Broth dilution,CMV2AGNF/CMV3AGNF,CLSI,2013,27381390,Ground Turkey,USA,NA
Salmonella,enterica,SRR3665099,Susceptible,GEN,<=,0.25,mg/L,Broth dilution,Sensititre,CLSI,2013,30333126,Chicken Breast,USA,NA
Salmonella,enterica,SRR3665114,Resistant,GEN,NA,16,mg/L,Broth dilution,NA,CLSI,2013,27381390,Ground Turkey,USA,NA
Salmonella,enterica,SRR3665115,Susceptible,GEN,<=,0.25,mg/L,Broth dilution,CMV2AGNF/CMV3AGNF,CLSI,2013,27381390,Chicken Breast,USA,NA
Salmonella,enterica,SRR3665123,Resistant,GEN,NA,16,mg/L,Broth dilution,NA,CLSI,2013,NA,Ground Turkey,USA,NA
Salmonella,enterica,SRR3665129,Resistant,GEN,NA,16,mg/L,Broth dilution,NA,CLSI,2013,27381390,Ground Turkey,USA,NA
Salmonella,enterica,SRR3665130,Susceptible,GEN,<=,0.25,mg/L,Broth dilution,Sensititre,CLSI,2013,30333126,Ground Turkey,USA,NA
Salmonella,enterica,SRR3665132,Susceptible,GEN,<=,0.25,mg/L,Broth dilution,NA,CLSI,2013,27381390,Chicken Breast,USA,NA
Salmonella,enterica,SRR3665145,Susceptible,GEN,=,2,mg/L,Broth dilution,CMV2AGNF/CMV3AGNF,CLSI,2013,27381390,Chicken Breast,USA,NA
Salmonella,enterica,SRR3665148,Susceptible,GEN,=,0.5,mg/L,Broth dilution,NA,CLSI,2013,NA,Ground Turkey,USA,NA
Salmonella,enterica,SRR3665149,Resistant,GEN,NA,16,mg/L,Broth dilution,CMV2AGNF/CMV3AGNF,CLSI,2013,27381390,Ground Turkey,USA,NA
Salmonella,enterica,SRR3665152,Susceptible,GEN,=,0.5,mg/L,Broth dilution,NA,CLSI,2013,NA,Chicken Breast,USA,NA
Salmonella,enterica,SRR3665171,Resistant,GEN,NA,16,mg/L,Broth dilution,CMV2AGNF/CMV3AGNF,CLSI,2013,27381390,Ground Turkey,USA,NA
Salmonella,enterica,SRR3665173,Resistant,GEN,NA,16,mg/L,Broth dilution,NA,CLSI,2013,27381390,Pork Chops,USA,NA
Salmonella,enterica,SRR3665187,Resistant,GEN,NA,16,mg/L,Broth dilution,CMV2AGNF/CMV3AGNF,CLSI,2013,27381390,Ground Turkey,USA,NA
Salmonella,enterica,SRR3665188,Resistant,GEN,NA,16,mg/L,Broth dilution,CMV2AGNF/CMV3AGNF,CLSI,2013,27381390,Ground Turkey,USA,NA
Salmonella,enterica,SRR3665198,Resistant,GEN,NA,16,mg/L,Broth dilution,NA,CLSI,2013,NA,Chicken Breast,USA,NA
Salmonella,enterica,SRR3665202,Susceptible,GEN,NA,0.5,mg/L,Broth dilution,Sensititre,CLSI,2013,30333126,Ground Turkey,USA,NA
Salmonella,enterica,SRR3665208,Resistant,GEN,NA,16,mg/L,Broth dilution,NA,CLSI,2013,27381390,Ground Turkey,USA,NA
Salmonella,enterica,SRR3665209,Resistant,GEN,NA,16,mg/L,Broth dilution,CMV2AGNF/CMV3AGNF,CLSI,2013,27381390,Ground Turkey,USA,NA
Salmonella,enterica,SRR3665223,Resistant,GEN,NA,16,mg/L,Broth dilution,NA,CLSI,2013,NA,Chicken Breast,USA,NA
Salmonella,enterica,SRR3665228,Resistant,GEN,NA,16,mg/L,Broth dilution,NA,CLSI,2013,NA,Chicken Breast,USA,NA
Salmonella,enterica,SRR3665260,Resistant,GEN,NA,16,mg/L,Broth dilution,CMV2AGNF/CMV3AGNF,CLSI,2013,27381390,Ground Turkey,USA,NA
Salmonella,enterica,SRR3665263,Resistant,GEN,NA,16,mg/L,Broth dilution,CMV2AGNF/CMV3AGNF,CLSI,2013,27381390,Ground Turkey,USA,NA
Salmonella,enterica,SRR3665276,Susceptible,GEN,=,0.5,mg/L,Broth dilution,NA,CLSI,2013,NA,Chicken Wings,USA,NA
Salmonella,enterica,SRR3665288,Resistant,GEN,NA,8,mg/L,Broth dilution,Sensititre,CLSI,2013,30333126,Chicken Breast,USA,NA
Salmonella,enterica,SRR3665306,Resistant,GEN,NA,16,mg/L,Broth dilution,CMV2AGNF/CMV3AGNF,CLSI,2013,27381390,Chicken Breast,USA,NA
Salmonella,enterica,SRR3665313,Susceptible,GEN,=,0.5,mg/L,Broth dilution,NA,CLSI,2013,27381390,Ground Turkey,USA,NA
Pseudomonas,aeruginosa,SRR3666031,Resistant,CAZ,NA,128,mg/L,Broth dilution,NA,CLSI,2013,NA,NA,NA,NA
Acinetobacter,baumannii,SRR3666032,Resistant,CAZ,NA,128,mg/L,Broth dilution,NA,CLSI,2013,NA,NA,NA,NA
Acinetobacter,baumannii,SRR3666035,Resistant,CAZ,NA,128,mg/L,Broth dilution,NA,CLSI,2013,NA,NA,NA,NA
Pseudomonas,aeruginosa,SRR3666044,Resistant,CAZ,NA,64,mg/L,Broth dilution,NA,CLSI,2013,NA,NA,NA,NA
Pseudomonas,aeruginosa,SRR3666049,Resistant,CAZ,NA,128,mg/L,Broth dilution,NA,CLSI,2013,NA,NA,NA,NA
Pseudomonas,aeruginosa,SRR3666066,Resistant,CAZ,NA,128,mg/L,Broth dilution,NA,CLSI,2013,NA,NA,NA,NA
Pseudomonas,aeruginosa,SRR3666068,Resistant,CAZ,NA,128,mg/L,Broth dilution,NA,CLSI,2013,NA,NA,NA,NA
Pseudomonas,aeruginosa,SRR3666069,Resistant,CAZ,NA,32,mg/L,Broth dilution,NA,CLSI,2013,NA,NA,NA,NA
Klebsiella,pneumoniae,SRR3666070,Resistant,GEN,NA,16,mg/L,Broth dilution,NA,CLSI,2013,NA,NA,NA,NA
Klebsiella,pneumoniae,SRR3666075,Resistant,GEN,NA,8,mg/L,Broth dilution,NA,CLSI,2013,NA,NA,NA,NA
Escherichia,coli,SRR3666076,Intermediate,GEN,NA,4,mg/L,Broth dilution,NA,CLSI,2013,NA,NA,NA,NA
Klebsiella,pneumoniae,SRR3666077,Intermediate,GEN,NA,4,mg/L,Broth dilution,NA,CLSI,2013,NA,NA,NA,NA
Campylobacter,jejuni,SRR3666677,Susceptible,TET,<=,0.06,mg/L,Broth dilution,NA,CLSI,2013,NA,Animal-Cattle-Dairy Cow,USA,NA
Campylobacter,jejuni,SRR3666678,Resistant,TET,NA,64,mg/L,Broth dilution,NA,CLSI,2013,NA,Animal-Cattle-Steer,USA,NA
Campylobacter,jejuni,SRR3666679,Resistant,TET,NA,64,mg/L,Broth dilution,NA,CLSI,2013,NA,Animal-Cattle-Dairy Cow,USA,NA
Campylobacter,jejuni,SRR3666681,Resistant,TET,NA,64,mg/L,Broth dilution,NA,CLSI,2013,NA,Animal-Cattle-Steer,USA,NA
Campylobacter,jejuni,SRR3666710,Resistant,TET,NA,64,mg/L,Broth dilution,NA,CLSI,2013,NA,Animal-Cattle-Dairy Cow,USA,NA
Campylobacter,jejuni,SRR3666711,Susceptible,TET,=,0.12,mg/L,Broth dilution,NA,CLSI,2013,NA,Animal-Cattle-Dairy Cow,USA,NA
Campylobacter,jejuni,SRR3666712,Resistant,TET,NA,64,mg/L,Broth dilution,NA,CLSI,2013,NA,Animal-Cattle-Dairy Cow,USA,NA
Campylobacter,jejuni,SRR3666713,Resistant,TET,NA,64,mg/L,Broth dilution,NA,CLSI,2013,NA,Animal-Cattle-Dairy Cow,USA,NA
Campylobacter,jejuni,SRR3666715,Resistant,TET,NA,64,mg/L,Broth dilution,NA,CLSI,2013,NA,Animal-Cattle-Steer,USA,NA
Campylobacter,jejuni,SRR3666717,Resistant,TET,NA,64,mg/L,Broth dilution,NA,CLSI,2013,NA,Animal-Cattle-Dairy Cow,USA,NA
Campylobacter,jejuni,SRR3666718,Susceptible,TET,<=,0.06,mg/L,Broth dilution,NA,CLSI,2013,NA,Animal-Cattle-Dairy Cow,USA,NA
Campylobacter,jejuni,SRR3666721,Resistant,TET,NA,64,mg/L,Broth dilution,NA,CLSI,2013,NA,Animal-Cattle-Steer,USA,NA
Campylobacter,jejuni,SRR3666740,Resistant,TET,NA,64,mg/L,Broth dilution,NA,CLSI,2013,NA,Animal-Cattle-Dairy Cow,USA,NA
Campylobacter,jejuni,SRR3666741,Resistant,TET,NA,32,mg/L,Broth dilution,NA,CLSI,2013,NA,Animal-Cattle-Heifer,USA,NA
Campylobacter,jejuni,SRR3710035,Resistant,TET,NA,64,mg/L,Broth dilution,NA,CLSI,2013,NA,Animal-Cattle-Heifer,USA,NA
Campylobacter,jejuni,SRR3710221,Susceptible,TET,=,0.12,mg/L,Broth dilution,NA,CLSI,2013,NA,Animal-Cattle-Dairy Cow,USA,NA
Campylobacter,jejuni,SRR3726334,Susceptible,TET,=,0.25,mg/L,Broth dilution,NA,CLSI,2013,NA,Animal-Cattle-Heifer,USA,NA
Campylobacter,jejuni,SRR3726391,Resistant,TET,NA,64,mg/L,Broth dilution,NA,CLSI,2013,NA,Animal-Cattle-Dairy Cow,USA,NA
Campylobacter,jejuni,SRR3726393,Susceptible,TET,=,0.12,mg/L,Broth dilution,NA,CLSI,2013,NA,Animal-Cattle-Dairy Cow,USA,NA
Campylobacter,jejuni,SRR3726394,Resistant,TET,NA,64,mg/L,Broth dilution,NA,CLSI,2013,NA,Animal-Cattle-Steer,USA,NA
Campylobacter,jejuni,SRR3726395,Resistant,TET,NA,64,mg/L,Broth dilution,NA,CLSI,2013,NA,Animal-Cattle-Dairy Cow,USA,NA
Campylobacter,jejuni,SRR3726397,Resistant,TET,NA,64,mg/L,Broth dilution,NA,CLSI,2013,NA,Animal-Cattle-Steer,USA,NA
Campylobacter,jejuni,SRR3726398,Resistant,TET,NA,64,mg/L,Broth dilution,NA,CLSI,2013,NA,Animal-Cattle-Dairy Cow,USA,NA
Campylobacter,jejuni,SRR3726400,Susceptible,TET,=,0.12,mg/L,Broth dilution,NA,CLSI,2013,NA,Animal-Cattle-Beef Cow,USA,NA
Campylobacter,jejuni,SRR3726402,Resistant,TET,NA,64,mg/L,Broth dilution,NA,CLSI,2013,NA,Animal-Cattle-Heifer,USA,NA
Campylobacter,jejuni,SRR3726425,Resistant,TET,NA,64,mg/L,Broth dilution,NA,CLSI,2013,NA,Animal-Cattle-Steer,USA,NA
Campylobacter,jejuni,SRR3726428,Resistant,TET,NA,64,mg/L,Broth dilution,NA,CLSI,2013,NA,Animal-Cattle-Heifer,USA,NA
Campylobacter,jejuni,SRR3726429,Resistant,TET,NA,64,mg/L,Broth dilution,NA,CLSI,2013,NA,Animal-Cattle-Heifer,USA,NA
Campylobacter,jejuni,SRR3726432,Resistant,TET,NA,64,mg/L,Broth dilution,NA,CLSI,2013,NA,Animal-Cattle-Dairy Cow,USA,NA
Campylobacter,jejuni,SRR3726436,Susceptible,TET,=,0.12,mg/L,Broth dilution,NA,CLSI,2013,NA,Animal-Cattle-Beef Cow,USA,NA
Campylobacter,jejuni,SRR3726437,Resistant,TET,NA,64,mg/L,Broth dilution,NA,CLSI,2013,NA,Animal-Cattle-Heifer,USA,NA
Campylobacter,jejuni,SRR3726438,Susceptible,TET,=,0.25,mg/L,Broth dilution,NA,CLSI,2013,NA,Animal-Cattle-Dairy Cow,USA,NA
Campylobacter,jejuni,SRR3726439,Resistant,TET,NA,64,mg/L,Broth dilution,NA,CLSI,2013,NA,Animal-Cattle-Dairy Cow,USA,NA
Campylobacter,jejuni,SRR3726440,Resistant,TET,NA,64,mg/L,Broth dilution,NA,CLSI,2013,NA,Animal-Cattle-Dairy Cow,USA,NA
Campylobacter,jejuni,SRR3726441,Susceptible,TET,<=,0.06,mg/L,Broth dilution,NA,CLSI,2013,NA,Animal-Cattle-Steer,USA,NA
Salmonella,enterica,SRR3765052,Susceptible,GEN,<=,0.25,mg/L,Broth dilution,Sensititre,CLSI,2013,30333126,Chicken Breast,USA,NA
Salmonella,enterica,SRR3765054,Intermediate,GEN,NA,4,mg/L,Broth dilution,Sensititre,CLSI,2013,30333126,Chicken Breast,USA,NA
Campylobacter,jejuni,SRR3771471,Resistant,TET,NA,64,mg/L,Broth dilution,NA,CLSI,2013,NA,Animal-Cattle-Heifer,USA,NA
Campylobacter,jejuni,SRR3771472,Resistant,TET,NA,64,mg/L,Broth dilution,NA,CLSI,2013,NA,Animal-Cattle-Dairy Cow,USA,NA
Campylobacter,jejuni,SRR3774210,Resistant,TET,NA,64,mg/L,Broth dilution,NA,CLSI,2013,NA,Animal-Cattle-Dairy Cow,USA,NA
Campylobacter,jejuni,SRR3774212,Resistant,TET,NA,64,mg/L,Broth dilution,NA,CLSI,2013,NA,Animal-Cattle-Dairy Cow,USA,NA
Campylobacter,jejuni,SRR3774213,Susceptible,TET,<=,0.06,mg/L,Broth dilution,NA,CLSI,2013,NA,Animal-Cattle-Dairy Cow,USA,NA
Campylobacter,jejuni,SRR3774215,Resistant,TET,NA,64,mg/L,Broth dilution,NA,CLSI,2013,NA,Animal-Cattle-Heifer,USA,NA
Campylobacter,jejuni,SRR3774251,Resistant,TET,NA,64,mg/L,Broth dilution,NA,CLSI,2013,NA,Animal-Cattle-Dairy Cow,USA,NA
Campylobacter,jejuni,SRR3774252,Susceptible,TET,=,0.12,mg/L,Broth dilution,NA,CLSI,2013,NA,Animal-Cattle-Beef Cow,USA,NA
Campylobacter,jejuni,SRR3774322,Resistant,TET,NA,64,mg/L,Broth dilution,NA,CLSI,2013,NA,Animal-Cattle-Steer,USA,NA
Campylobacter,jejuni,SRR3774323,Resistant,TET,NA,64,mg/L,Broth dilution,NA,CLSI,2013,NA,Animal-Cattle-Heifer,USA,NA
Campylobacter,jejuni,SRR3774324,Resistant,TET,NA,64,mg/L,Broth dilution,NA,CLSI,2013,NA,Animal-Cattle-Steer,USA,NA
Campylobacter,jejuni,SRR3774325,Resistant,TET,NA,64,mg/L,Broth dilution,NA,CLSI,2013,NA,Animal-Cattle-Dairy Cow,USA,NA
Campylobacter,jejuni,SRR3774326,Resistant,TET,NA,64,mg/L,Broth dilution,NA,CLSI,2013,NA,Animal-Cattle-Steer,USA,NA
Campylobacter,jejuni,SRR3774341,Resistant,TET,NA,64,mg/L,Broth dilution,NA,CLSI,2013,NA,Animal-Cattle-Dairy Cow,USA,NA
Campylobacter,jejuni,SRR3774343,Susceptible,TET,=,0.12,mg/L,Broth dilution,NA,CLSI,2013,NA,Animal-Cattle-Steer,USA,NA
Campylobacter,jejuni,SRR3774344,Susceptible,TET,=,0.12,mg/L,Broth dilution,NA,CLSI,2013,NA,Animal-Cattle-Dairy Cow,USA,NA
Campylobacter,jejuni,SRR3774368,Susceptible,TET,=,0.25,mg/L,Broth dilution,NA,CLSI,2013,NA,Animal-Cattle-Beef Cow,USA,NA
Campylobacter,jejuni,SRR3774374,Resistant,TET,NA,64,mg/L,Broth dilution,NA,CLSI,2013,NA,Animal-Cattle-Steer,USA,NA
Campylobacter,jejuni,SRR3779203,Resistant,TET,NA,64,mg/L,Broth dilution,NA,CLSI,2013,NA,Animal-Cattle-Dairy Cow,USA,NA
Escherichia,coli,SRR3878674,Resistant,GEN,NA,16,mg/L,Broth dilution,NA,CLSI,2013,NA,NA,NA,NA
Pseudomonas,aeruginosa,SRR3886565,Resistant,CAZ,NA,128,mg/L,Broth dilution,NA,CLSI,2013,NA,NA,NA,NA
Acinetobacter,baumannii,SRR3886579,Resistant,CAZ,NA,128,mg/L,Broth dilution,NA,CLSI,2013,NA,NA,NA,NA
Pseudomonas,aeruginosa,SRR3886583,Resistant,CAZ,NA,128,mg/L,Broth dilution,NA,CLSI,2013,NA,NA,NA,NA
Pseudomonas,aeruginosa,SRR3886584,Resistant,CAZ,NA,128,mg/L,Broth dilution,NA,CLSI,2013,NA,NA,NA,NA
Campylobacter,jejuni,SRR3925096,Susceptible,TET,=,0.12,mg/L,Broth dilution,NA,CLSI,2013,NA,Raw Intact Chicken,USA,NA
Campylobacter,jejuni,SRR3925104,Susceptible,TET,=,0.25,mg/L,Broth dilution,NA,CLSI,2013,NA,Raw Intact Chicken,USA,NA
Campylobacter,jejuni,SRR3928599,Susceptible,TET,=,0.12,mg/L,Broth dilution,NA,CLSI,2013,NA,Animal-Cattle-Dairy Cow,USA,NA
Campylobacter,jejuni,SRR3928600,Resistant,TET,NA,64,mg/L,Broth dilution,NA,CLSI,2013,NA,Animal-Cattle-Dairy Cow,USA,NA
Campylobacter,jejuni,SRR3928601,Susceptible,TET,=,0.12,mg/L,Broth dilution,NA,CLSI,2013,NA,Animal-Cattle-Beef Cow,USA,NA
Campylobacter,jejuni,SRR3928602,Susceptible,TET,=,0.12,mg/L,Broth dilution,NA,CLSI,2013,NA,Animal-Cattle-Heifer,USA,NA
Campylobacter,jejuni,SRR3928603,Resistant,TET,NA,64,mg/L,Broth dilution,NA,CLSI,2013,NA,Animal-Cattle-Heifer,USA,NA
Campylobacter,jejuni,SRR3928604,Susceptible,TET,=,0.12,mg/L,Broth dilution,NA,CLSI,2013,NA,Animal-Cattle-Dairy Cow,USA,NA
Campylobacter,jejuni,SRR3928605,Resistant,TET,NA,64,mg/L,Broth dilution,NA,CLSI,2013,NA,Animal-Cattle-Dairy Cow,USA,NA
Campylobacter,jejuni,SRR3928606,Susceptible,TET,=,0.25,mg/L,Broth dilution,NA,CLSI,2013,NA,Animal-Cattle-Dairy Cow,USA,NA
Campylobacter,jejuni,SRR3928608,Resistant,TET,NA,64,mg/L,Broth dilution,NA,CLSI,2013,NA,Animal-Cattle-Heifer,USA,NA
Campylobacter,jejuni,SRR3928610,Resistant,TET,NA,64,mg/L,Broth dilution,NA,CLSI,2013,NA,Animal-Cattle-Dairy Cow,USA,NA
Campylobacter,jejuni,SRR3928611,Resistant,TET,NA,64,mg/L,Broth dilution,NA,CLSI,2013,NA,Animal-Cattle-Heifer,USA,NA
Campylobacter,jejuni,SRR3928612,Resistant,TET,NA,64,mg/L,Broth dilution,NA,CLSI,2013,NA,Animal-Cattle-Steer,USA,NA
Campylobacter,jejuni,SRR3928614,Susceptible,TET,<=,0.06,mg/L,Broth dilution,NA,CLSI,2013,NA,Animal-Cattle-Dairy Cow,USA,NA
Campylobacter,jejuni,SRR3928616,Resistant,TET,NA,64,mg/L,Broth dilution,NA,CLSI,2013,NA,Animal-Cattle-Dairy Cow,USA,NA
Campylobacter,jejuni,SRR3928619,Resistant,TET,NA,64,mg/L,Broth dilution,NA,CLSI,2013,NA,Animal-Cattle-Dairy Cow,USA,NA
Campylobacter,jejuni,SRR3928620,Susceptible,TET,=,0.25,mg/L,Broth dilution,NA,CLSI,2013,NA,Animal-Cattle-Dairy Cow,USA,NA
Campylobacter,jejuni,SRR3928674,Susceptible,TET,<=,0.06,mg/L,Broth dilution,NA,CLSI,2013,NA,Animal-Cattle-Heifer,USA,NA
Campylobacter,jejuni,SRR3928679,Resistant,TET,NA,32,mg/L,Broth dilution,NA,CLSI,2013,NA,Animal-Cattle-Heifer,USA,NA
Campylobacter,jejuni,SRR3928681,Resistant,TET,NA,64,mg/L,Broth dilution,NA,CLSI,2013,NA,Animal-Cattle-Heifer,USA,NA
Campylobacter,jejuni,SRR3928684,Resistant,TET,NA,64,mg/L,Broth dilution,NA,CLSI,2013,NA,Animal-Cattle-Dairy Cow,USA,NA
Pseudomonas,aeruginosa,SRR3932416,Intermediate,CAZ,NA,20,mm,Disk diffusion,KB panel,CLSI,2013,NA,sputum,USA,NA
Escherichia,coli,SRR3932418,Resistant,GEN,NA,16,mg/L,Broth dilution,VITEK 2,CLSI,2013,NA,blood,USA,NA
Escherichia,coli,SRR3932419,Susceptible,GEN,<=,1,mg/L,Broth dilution,VITEK 2,CLSI,2013,NA,blood,USA,NA
Pseudomonas,aeruginosa,SRR3932420,Susceptible,CAZ,=,6,mm,Disk diffusion,KB panel,CLSI,2013,NA,sputum,USA,NA
Escherichia,coli,SRR3932421,Resistant,GEN,NA,16,mg/L,Broth dilution,VITEK 2,CLSI,2013,NA,blood,USA,NA
Escherichia,coli,SRR3932425,Resistant,GEN,NA,16,mg/L,Broth dilution,VITEK 2,CLSI,2013,NA,urine,USA,NA
Escherichia,coli,SRR3932426,Resistant,GEN,NA,16,mg/L,Broth dilution,VITEK 2,CLSI,2013,NA,abscess,USA,NA
Escherichia,coli,SRR3932427,Resistant,GEN,NA,16,mg/L,Broth dilution,VITEK 2,CLSI,2013,NA,blood,USA,NA
Escherichia,coli,SRR3932428,Resistant,GEN,NA,16,mg/L,Broth dilution,VITEK 2,CLSI,2013,NA,blood,USA,NA
Escherichia,coli,SRR3932429,Resistant,GEN,NA,16,mg/L,Broth dilution,VITEK 2,CLSI,2013,NA,blood,USA,NA
Salmonella,enterica,SRR3932890,Susceptible,GEN,<=,0.25,mg/L,Broth dilution,Sensititre,CLSI,2013,30333126,Chicken Wings,USA,NA
Salmonella,enterica,SRR3932893,Susceptible,GEN,NA,0.5,mg/L,Broth dilution,Sensititre,CLSI,2013,30333126,Chicken Breast,USA,NA
Salmonella,enterica,SRR3932905,Susceptible,GEN,=,0.5,mg/L,Broth dilution,NA,CLSI,2013,30333126,Pork Chop,USA,NA
Salmonella,enterica,SRR3932907,Susceptible,GEN,=,0.5,mg/L,Broth dilution,NA,CLSI,2013,30333126,Chicken Breast,USA,NA
Salmonella,enterica,SRR3932924,Resistant,GEN,NA,16,mg/L,Broth dilution,Sensititre,CLSI,2013,30333126,Chicken Breast,USA,NA
Salmonella,enterica,SRR3932927,Susceptible,GEN,NA,0.5,mg/L,Broth dilution,Sensititre,CLSI,2013,30333126,Chicken Breast,USA,NA
Salmonella,enterica,SRR3932930,Resistant,GEN,NA,16,mg/L,Broth dilution,Sensititre,CLSI,2013,32513803,Ground Turkey,USA,NA
Salmonella,enterica,SRR3932939,Intermediate,GEN,NA,4,mg/L,Broth dilution,NA,CLSI,2013,32513803,Ground Turkey,USA,NA
Salmonella,enterica,SRR3932945,Susceptible,GEN,NA,0.5,mg/L,Broth dilution,Sensititre,CLSI,2013,30333126,Ground Turkey,USA,NA
Salmonella,enterica,SRR3932946,Susceptible,GEN,=,1,mg/L,Broth dilution,NA,CLSI,2013,30333126,Pork Chop,USA,NA
Salmonella,enterica,SRR3932953,Susceptible,GEN,=,0.5,mg/L,Broth dilution,NA,CLSI,2013,30333126,Chicken Breast,USA,NA
Salmonella,enterica,SRR3932960,Susceptible,GEN,<=,0.25,mg/L,Broth dilution,NA,CLSI,2013,30333126,Chicken Breast,USA,NA
Salmonella,enterica,SRR3932977,Susceptible,GEN,=,0.5,mg/L,Broth dilution,NA,CLSI,2013,30333126,Chicken Breast,USA,NA
Salmonella,enterica,SRR3932980,Resistant,GEN,NA,16,mg/L,Broth dilution,Sensititre,CLSI,2013,30333126,Chicken Breast,USA,NA
Salmonella,enterica,SRR3932995,Resistant,GEN,NA,16,mg/L,Broth dilution,Sensititre,CLSI,2013,32513803,Ground Turkey,USA,NA
Salmonella,enterica,SRR3932999,Resistant,GEN,NA,16,mg/L,Broth dilution,Sensititre,CLSI,2013,30333126,Ground Turkey,USA,NA
Salmonella,enterica,SRR3933012,Susceptible,GEN,<=,0.25,mg/L,Broth dilution,Sensititre,CLSI,2013,30333126,Ground Turkey,USA,NA
Salmonella,enterica,SRR3933015,Susceptible,GEN,<=,0.25,mg/L,Broth dilution,Sensititre,CLSI,2013,30333126,Ground Turkey,USA,NA
Salmonella,enterica,SRR3933022,Resistant,GEN,NA,16,mg/L,Broth dilution,Sensititre,CLSI,2013,30333126,Chicken Breast,USA,NA
Salmonella,enterica,SRR3933025,Resistant,GEN,NA,16,mg/L,Broth dilution,Sensititre,CLSI,2013,30333126,Ground Turkey,USA,NA
Salmonella,enterica,SRR3933029,Intermediate,GEN,NA,4,mg/L,Broth dilution,NA,CLSI,2013,30333126,Ground Turkey,USA,NA
Salmonella,enterica,SRR3933042,Resistant,GEN,NA,16,mg/L,Broth dilution,NA,CLSI,2013,30333126,Ground Turkey,USA,NA
Salmonella,enterica,SRR3933052,Resistant,GEN,NA,8,mg/L,Broth dilution,Sensititre,CLSI,2013,30333126,Ground Turkey,USA,NA
Salmonella,enterica,SRR3933055,Susceptible,GEN,NA,0.5,mg/L,Broth dilution,Sensititre,CLSI,2013,30333126,Chicken Breast,USA,NA
Salmonella,enterica,SRR3933057,Susceptible,GEN,=,0.5,mg/L,Broth dilution,NA,CLSI,2013,30333126,Chicken Breast,USA,NA
Salmonella,enterica,SRR3933059,Susceptible,GEN,<=,0.25,mg/L,Broth dilution,Sensititre,CLSI,2013,30333126,Chicken Breast,USA,NA
Salmonella,enterica,SRR3933072,Susceptible,GEN,<=,0.25,mg/L,Broth dilution,NA,CLSI,2013,30333126,Ground Turkey,USA,NA
Salmonella,enterica,SRR3933078,Susceptible,GEN,<=,0.25,mg/L,Broth dilution,Sensititre,CLSI,2013,30333126,Ground Turkey,USA,NA
Campylobacter,jejuni,SRR3953090,Resistant,TET,NA,64,mg/L,Broth dilution,NA,CLSI,2013,NA,Animal-Cattle-Heifer,USA,NA
Campylobacter,jejuni,SRR3953095,Resistant,TET,NA,64,mg/L,Broth dilution,NA,CLSI,2013,NA,Animal-Cattle-Dairy Cow,USA,NA
Campylobacter,jejuni,SRR3953096,Resistant,TET,NA,64,mg/L,Broth dilution,NA,CLSI,2013,NA,Animal-Cattle-Heifer,USA,NA
Campylobacter,jejuni,SRR3953098,Resistant,TET,NA,64,mg/L,Broth dilution,NA,CLSI,2013,NA,Animal-Cattle-Beef Cow,USA,NA
Campylobacter,jejuni,SRR3953105,Susceptible,TET,<=,0.06,mg/L,Broth dilution,NA,CLSI,2013,NA,Animal-Cattle-Steer,USA,NA
Campylobacter,jejuni,SRR3953109,Resistant,TET,NA,64,mg/L,Broth dilution,NA,CLSI,2013,NA,Animal-Cattle-Heifer,USA,NA
Campylobacter,jejuni,SRR3953110,Susceptible,TET,=,0.12,mg/L,Broth dilution,NA,CLSI,2013,NA,Animal-Cattle-Dairy Cow,USA,NA
Campylobacter,jejuni,SRR3953113,Resistant,TET,NA,64,mg/L,Broth dilution,NA,CLSI,2013,NA,Animal-Cattle-Heifer,USA,NA
Campylobacter,jejuni,SRR3953114,Resistant,TET,NA,64,mg/L,Broth dilution,NA,CLSI,2013,NA,Animal-Cattle-Heifer,USA,NA
Campylobacter,jejuni,SRR3953115,Susceptible,TET,=,0.12,mg/L,Broth dilution,NA,CLSI,2013,NA,Animal-Cattle-Steer,USA,NA
Campylobacter,jejuni,SRR3953116,Resistant,TET,NA,64,mg/L,Broth dilution,NA,CLSI,2013,NA,Animal-Cattle-Dairy Cow,USA,NA
Campylobacter,jejuni,SRR3953117,Resistant,TET,NA,64,mg/L,Broth dilution,NA,CLSI,2013,NA,Animal-Cattle-Heifer,USA,NA
Klebsiella,pneumoniae,SRR3982097,Resistant,GEN,NA,16,mg/L,Broth dilution,NA,CLSI,2013,NA,Urine,USA,NA
Escherichia,coli,SRR3982099,Susceptible,GEN,<,1,mg/L,Broth dilution,NA,CLSI,2013,NA,Urine,USA,NA
Escherichia,coli,SRR3982152,Susceptible,GEN,<,1,mg/L,Broth dilution,NA,CLSI,2013,NA,Blood,USA,NA
Escherichia,coli,SRR3982153,Resistant,GEN,NA,8,mg/L,Broth dilution,NA,CLSI,2013,NA,Urine,USA,NA
Escherichia,coli,SRR3982177,Susceptible,GEN,<,0.5,mg/L,Broth dilution,NA,CLSI,2013,NA,Urine,USA,NA
Escherichia,coli,SRR3982215,Susceptible,GEN,<,0.25,mg/L,Broth dilution,NA,CLSI,2013,NA,Urine,USA,NA
Klebsiella,pneumoniae,SRR3982316,Susceptible,GEN,<,1,mg/L,Broth dilution,NA,CLSI,2013,NA,Blood,USA,NA
Escherichia,coli,SRR3982317,Susceptible,GEN,<,0.25,mg/L,Broth dilution,NA,CLSI,2013,NA,Urine,USA,NA
Escherichia,coli,SRR3982375,Susceptible,GEN,<,0.5,mg/L,Broth dilution,NA,CLSI,2013,NA,Urine,USA,NA
Escherichia,coli,SRR3982376,Susceptible,GEN,<,0.25,mg/L,Broth dilution,NA,CLSI,2013,NA,Urine,USA,NA
Escherichia,coli,SRR3982377,Susceptible,GEN,<,0.5,mg/L,Broth dilution,NA,CLSI,2013,NA,Urine,USA,NA
Klebsiella,pneumoniae,SRR3987112,Resistant,GEN,NA,16,mg/L,Broth dilution,NA,CLSI,2013,NA,Urine,USA,NA
Klebsiella,pneumoniae,SRR3987118,Susceptible,GEN,<,1,mg/L,Broth dilution,NA,CLSI,2013,NA,Urine,USA,NA
Klebsiella,pneumoniae,SRR3987122,Susceptible,GEN,<,0.25,mg/L,Broth dilution,NA,CLSI,2013,NA,Urine,USA,NA
Klebsiella,pneumoniae,SRR3987126,Intermediate,GEN,NA,4,mg/L,Broth dilution,NA,CLSI,2013,NA,Urine,USA,NA
Klebsiella,pneumoniae,SRR3987128,Resistant,GEN,NA,16,mg/L,Broth dilution,NA,CLSI,2013,NA,Urine,USA,NA
Escherichia,coli,SRR3987130,Resistant,GEN,NA,16,mg/L,Broth dilution,NA,CLSI,2013,NA,Fluid_Peritoneal,USA,NA
Klebsiella,pneumoniae,SRR3987135,Resistant,GEN,NA,16,mg/L,Broth dilution,NA,CLSI,2013,NA,Urine,USA,NA
Streptococcus,pneumoniae,SRR398894,Resistant,ERY,Streptococcus pneumoniae GA04672,8,NA,NA,NA,CLSI,2013,NA,blood,USA,NA
Streptococcus,pneumoniae,SRR398901,Resistant,ERY,Streptococcus pneumoniae GA60190,4,NA,NA,NA,CLSI,2013,NA,blood,USA,NA
Streptococcus,pneumoniae,SRR398905,Resistant,ERY,Streptococcus pneumoniae GA58581,8,NA,NA,NA,CLSI,2013,NA,blood,USA,NA
Streptococcus,pneumoniae,SRR398907,Resistant,ERY,Streptococcus pneumoniae GA60080,32,NA,NA,NA,CLSI,2013,NA,blood,USA,NA
Campylobacter,jejuni,SRR3995455,Susceptible,TET,=,0.12,mg/L,Broth dilution,NA,CLSI,2013,NA,Animal-Cattle-Heifer,USA,NA
Campylobacter,jejuni,SRR3995456,Resistant,TET,NA,32,mg/L,Broth dilution,NA,CLSI,2013,NA,Animal-Cattle-Dairy Cow,USA,NA
Campylobacter,jejuni,SRR3995457,Resistant,TET,NA,32,mg/L,Broth dilution,NA,CLSI,2013,NA,Animal-Swine-Market Swine,USA,NA
Campylobacter,jejuni,SRR3995955,Resistant,TET,NA,64,mg/L,Broth dilution,NA,CLSI,2013,NA,Animal-Cattle-Heifer,USA,NA
Campylobacter,jejuni,SRR3995959,Susceptible,TET,=,1,mg/L,Broth dilution,NA,CLSI,2013,NA,Animal-Cattle-Dairy Cow,USA,NA
Campylobacter,jejuni,SRR3995960,Resistant,TET,NA,64,mg/L,Broth dilution,NA,CLSI,2013,NA,Animal-Cattle-Steer,USA,NA
Campylobacter,jejuni,SRR3995962,Resistant,TET,NA,64,mg/L,Broth dilution,NA,CLSI,2013,NA,Animal-Cattle-Steer,USA,NA
Campylobacter,jejuni,SRR3995963,Resistant,TET,NA,64,mg/L,Broth dilution,NA,CLSI,2013,NA,Animal-Cattle-Dairy Cow,USA,NA
Campylobacter,jejuni,SRR3995964,Resistant,TET,NA,32,mg/L,Broth dilution,NA,CLSI,2013,NA,Animal-Cattle-Dairy Cow,USA,NA
Campylobacter,jejuni,SRR3995965,Susceptible,TET,=,0.25,mg/L,Broth dilution,NA,CLSI,2013,NA,Animal-Cattle-Dairy Cow,USA,NA
Campylobacter,jejuni,SRR3995966,Resistant,TET,NA,32,mg/L,Broth dilution,NA,CLSI,2013,NA,Animal-Cattle-Dairy Cow,USA,NA
Campylobacter,jejuni,SRR3995967,Susceptible,TET,<=,0.06,mg/L,Broth dilution,NA,CLSI,2013,NA,Animal-Cattle-Dairy Cow,USA,NA
Campylobacter,jejuni,SRR3995968,Resistant,TET,NA,64,mg/L,Broth dilution,NA,CLSI,2013,NA,Animal-Cattle-Dairy Cow,USA,NA
Campylobacter,jejuni,SRR3995969,Susceptible,TET,=,0.12,mg/L,Broth dilution,NA,CLSI,2013,NA,Animal-Cattle-Steer,USA,NA
Campylobacter,jejuni,SRR3995970,Resistant,TET,NA,64,mg/L,Broth dilution,NA,CLSI,2013,NA,Animal-Cattle-Dairy Cow,USA,NA
Campylobacter,jejuni,SRR3995971,Resistant,TET,NA,64,mg/L,Broth dilution,NA,CLSI,2013,NA,Animal-Cattle-Beef Cow,USA,NA
Campylobacter,jejuni,SRR3995973,Resistant,TET,NA,64,mg/L,Broth dilution,NA,CLSI,2013,NA,Animal-Cattle-Dairy Cow,USA,NA
Campylobacter,jejuni,SRR3995974,Resistant,TET,NA,64,mg/L,Broth dilution,NA,CLSI,2013,NA,Animal-Cattle-Steer,USA,NA
Campylobacter,jejuni,SRR3995975,Resistant,TET,NA,64,mg/L,Broth dilution,NA,CLSI,2013,NA,Animal-Cattle-Dairy Cow,USA,NA
Campylobacter,jejuni,SRR3995976,Susceptible,TET,=,0.25,mg/L,Broth dilution,NA,CLSI,2013,NA,Animal-Cattle-Dairy Cow,USA,NA
Campylobacter,jejuni,SRR3995977,Resistant,TET,NA,64,mg/L,Broth dilution,NA,CLSI,2013,NA,Animal-Cattle-Heifer,USA,NA
Campylobacter,jejuni,SRR3995979,Resistant,TET,NA,64,mg/L,Broth dilution,NA,CLSI,2013,NA,Animal-Cattle-Dairy Cow,USA,NA
Campylobacter,jejuni,SRR3995980,Susceptible,TET,=,0.12,mg/L,Broth dilution,NA,CLSI,2013,NA,Animal-Cattle-Dairy Cow,USA,NA
Campylobacter,jejuni,SRR3995981,Resistant,TET,NA,64,mg/L,Broth dilution,NA,CLSI,2013,NA,Animal-Cattle-Heifer,USA,NA
Campylobacter,jejuni,SRR3995982,Resistant,TET,NA,64,mg/L,Broth dilution,NA,CLSI,2013,NA,Animal-Cattle-Dairy Cow,USA,NA
Campylobacter,jejuni,SRR3995983,Resistant,TET,NA,64,mg/L,Broth dilution,NA,CLSI,2013,NA,Animal-Cattle-Dairy Cow,USA,NA
Campylobacter,jejuni,SRR3995984,Resistant,TET,NA,64,mg/L,Broth dilution,NA,CLSI,2013,NA,Animal-Cattle-Heifer,USA,NA
Klebsiella,pneumoniae,SRR3996236,Resistant,GEN,NA,16,mg/L,Broth dilution,NA,CLSI,2013,NA,Urine,USA,NA
Escherichia,coli,SRR3996237,Susceptible,GEN,<,1,mg/L,Broth dilution,NA,CLSI,2013,NA,Blood_whole,USA,NA
Klebsiella,pneumoniae,SRR3996241,Resistant,GEN,NA,16,mg/L,Broth dilution,NA,CLSI,2013,NA,Urine,USA,NA
Escherichia,coli,SRR3996243,Susceptible,GEN,<,1,mg/L,Broth dilution,NA,CLSI,2013,NA,Urine,USA,NA
Escherichia,coli,SRR3996244,Susceptible,GEN,<,1,mg/L,Broth dilution,NA,CLSI,2013,NA,Blood_whole,USA,NA
Klebsiella,pneumoniae,SRR3996246,Intermediate,GEN,NA,4,mg/L,Broth dilution,NA,CLSI,2013,NA,Urine,USA,NA
Escherichia,coli,SRR3996249,Susceptible,GEN,<,0.5,mg/L,Broth dilution,NA,CLSI,2013,NA,Urine,USA,NA
Klebsiella,pneumoniae,SRR3996254,Resistant,GEN,NA,16,mg/L,Broth dilution,NA,CLSI,2013,NA,Urine,USA,NA
Klebsiella,pneumoniae,SRR3996255,Susceptible,GEN,<,0.5,mg/L,Broth dilution,NA,CLSI,2013,NA,Urine,USA,NA
Escherichia,coli,SRR3996259,Susceptible,GEN,<,0.5,mg/L,Broth dilution,NA,CLSI,2013,NA,URINE,USA,NA
Klebsiella,pneumoniae,SRR3996260,Resistant,GEN,NA,8,mg/L,Broth dilution,NA,CLSI,2013,NA,URINE,USA,NA
Campylobacter,jejuni,SRR4005443,Resistant,TET,NA,64,mg/L,Broth dilution,NA,CLSI,2013,NA,Animal-Cattle-Steer,USA,NA
Klebsiella,pneumoniae,SRR4017813,Susceptible,GEN,<,1,mg/L,Broth dilution,NA,CLSI,2013,NA,Urine,USA,NA
Escherichia,coli,SRR4017814,Resistant,GEN,NA,16,mg/L,Broth dilution,NA,CLSI,2013,NA,Urine,USA,NA
Klebsiella,pneumoniae,SRR4017827,Susceptible,GEN,<,2,mg/L,Broth dilution,NA,CLSI,2013,NA,Blood,USA,NA
Escherichia,coli,SRR4017832,Susceptible,GEN,<,0.5,mg/L,Broth dilution,NA,CLSI,2013,NA,Urine,USA,NA
Klebsiella,pneumoniae,SRR4017837,Susceptible,GEN,<,0.25,mg/L,Broth dilution,NA,CLSI,2013,NA,Urine,USA,NA
Escherichia,coli,SRR4017838,Intermediate,GEN,NA,4,mg/L,Broth dilution,NA,CLSI,2013,NA,Urine,USA,NA
Escherichia,coli,SRR4017839,Susceptible,GEN,<,1,mg/L,Broth dilution,NA,CLSI,2013,NA,Urine,USA,NA
Klebsiella,pneumoniae,SRR4017840,Resistant,GEN,NA,8,mg/L,Broth dilution,NA,CLSI,2013,NA,Urine,USA,NA
Klebsiella,pneumoniae,SRR4017842,Resistant,GEN,NA,8,mg/L,Broth dilution,NA,CLSI,2013,NA,Urine,USA,NA
Escherichia,coli,SRR4017845,Resistant,GEN,NA,16,mg/L,Broth dilution,NA,CLSI,2013,NA,Urine,USA,NA
Klebsiella,pneumoniae,SRR4017851,Susceptible,GEN,<,0.25,mg/L,Broth dilution,NA,CLSI,2013,NA,Urine,USA,NA
Escherichia,coli,SRR4017853,Resistant,GEN,NA,16,mg/L,Broth dilution,NA,CLSI,2013,NA,Tissue_Liver,USA,NA
Klebsiella,pneumoniae,SRR4017854,Susceptible,GEN,<,0.5,mg/L,Broth dilution,NA,CLSI,2013,NA,Urine,USA,NA
Escherichia,coli,SRR4017857,Susceptible,GEN,<,1,mg/L,Broth dilution,NA,CLSI,2013,NA,Blood,USA,NA
Escherichia,coli,SRR4017886,Resistant,GEN,NA,16,mg/L,Broth dilution,NA,CLSI,2013,NA,Urine,USA,NA
Klebsiella,pneumoniae,SRR4017887,Susceptible,GEN,<,0.5,mg/L,Broth dilution,NA,CLSI,2013,NA,Urine,USA,NA
Escherichia,coli,SRR4017888,Susceptible,GEN,<,0.5,mg/L,Broth dilution,NA,CLSI,2013,NA,Urine,USA,NA
Escherichia,coli,SRR4017889,Resistant,GEN,NA,16,mg/L,Broth dilution,NA,CLSI,2013,NA,Urine,USA,NA
Escherichia,coli,SRR4017891,Resistant,GEN,NA,16,mg/L,Broth dilution,NA,CLSI,2013,NA,Urine,USA,NA
Escherichia,coli,SRR4017896,Resistant,GEN,NA,16,mg/L,Broth dilution,NA,CLSI,2013,NA,Urine,USA,NA
Klebsiella,pneumoniae,SRR4017897,Resistant,GEN,NA,16,mg/L,Broth dilution,NA,CLSI,2013,NA,Urine,USA,NA
Klebsiella,pneumoniae,SRR4017898,Susceptible,GEN,<,2,mg/L,Broth dilution,NA,CLSI,2013,NA,Blood,USA,NA
Escherichia,coli,SRR4017899,Susceptible,GEN,<,1,mg/L,Broth dilution,NA,CLSI,2013,NA,Blood,USA,NA
Escherichia,coli,SRR4017900,Susceptible,GEN,<,0.5,mg/L,Broth dilution,NA,CLSI,2013,NA,Urine,USA,NA
Escherichia,coli,SRR4017901,Susceptible,GEN,<,0.5,mg/L,Broth dilution,NA,CLSI,2013,NA,Urine,USA,NA
Escherichia,coli,SRR4017903,Susceptible,GEN,<,0.5,mg/L,Broth dilution,NA,CLSI,2013,NA,Urine,USA,NA
Escherichia,coli,SRR4017904,Susceptible,GEN,<,0.5,mg/L,Broth dilution,NA,CLSI,2013,NA,Urine,USA,NA
Escherichia,coli,SRR4017905,Susceptible,GEN,<,0.5,mg/L,Broth dilution,NA,CLSI,2013,NA,Urine,USA,NA
Klebsiella,pneumoniae,SRR4017915,Intermediate,GEN,NA,4,mg/L,Broth dilution,NA,CLSI,2013,NA,Blood,USA,NA
Klebsiella,pneumoniae,SRR4017921,Resistant,GEN,NA,16,mg/L,Broth dilution,NA,CLSI,2013,NA,Urine,USA,NA
Klebsiella,pneumoniae,SRR4017923,Susceptible,GEN,<,1,mg/L,Broth dilution,NA,CLSI,2013,NA,Urine,USA,NA
Escherichia,coli,SRR4017926,Intermediate,GEN,NA,4,mg/L,Broth dilution,NA,CLSI,2013,NA,Urine,USA,NA
Klebsiella,pneumoniae,SRR4017929,Resistant,GEN,NA,16,mg/L,Broth dilution,NA,CLSI,2013,NA,Urine,USA,NA
Campylobacter,jejuni,SRR4018124,Resistant,TET,NA,32,mg/L,Broth dilution,NA,CLSI,2013,NA,Animal-Cattle-Dairy Cow,USA,NA
Campylobacter,jejuni,SRR4018125,Resistant,TET,NA,64,mg/L,Broth dilution,NA,CLSI,2013,NA,Animal-Cattle-Dairy Cow,USA,NA
Campylobacter,jejuni,SRR4018126,Resistant,TET,NA,64,mg/L,Broth dilution,NA,CLSI,2013,NA,Animal-Cattle-Beef Cow,USA,NA
Campylobacter,jejuni,SRR4018127,Susceptible,TET,=,0.25,mg/L,Broth dilution,NA,CLSI,2013,NA,Animal-Cattle-Dairy Cow,USA,NA
Campylobacter,jejuni,SRR4018128,Susceptible,TET,=,0.5,mg/L,Broth dilution,NA,CLSI,2013,NA,Animal-Cattle-Dairy Cow,USA,NA
Campylobacter,jejuni,SRR4018129,Resistant,TET,NA,64,mg/L,Broth dilution,NA,CLSI,2013,NA,Animal-Cattle-Steer,USA,NA
Campylobacter,jejuni,SRR4018133,Susceptible,TET,=,0.25,mg/L,Broth dilution,NA,CLSI,2013,NA,Animal-Cattle-Dairy Cow,USA,NA
Campylobacter,jejuni,SRR4018136,Resistant,TET,NA,64,mg/L,Broth dilution,NA,CLSI,2013,NA,Animal-Cattle-Beef Cow,USA,NA
Campylobacter,jejuni,SRR4018137,Resistant,TET,NA,64,mg/L,Broth dilution,NA,CLSI,2013,NA,Animal-Cattle-Steer,USA,NA
Campylobacter,jejuni,SRR4018323,Susceptible,TET,=,0.25,mg/L,Broth dilution,NA,CLSI,2013,NA,Animal-Cattle-Dairy Cow,USA,NA
Campylobacter,jejuni,SRR4018331,Resistant,TET,NA,64,mg/L,Broth dilution,NA,CLSI,2013,NA,Animal-Cattle-Dairy Cow,USA,NA
Campylobacter,jejuni,SRR4018333,Susceptible,TET,=,0.12,mg/L,Broth dilution,NA,CLSI,2013,NA,Animal-Cattle-Steer,USA,NA
Campylobacter,jejuni,SRR4018335,Susceptible,TET,<=,0.06,mg/L,Broth dilution,NA,CLSI,2013,NA,Animal-Cattle-Dairy Cow,USA,NA
Campylobacter,jejuni,SRR4018336,Resistant,TET,NA,64,mg/L,Broth dilution,NA,CLSI,2013,NA,Animal-Cattle-Dairy Cow,USA,NA
Campylobacter,jejuni,SRR4018337,Susceptible,TET,=,0.12,mg/L,Broth dilution,NA,CLSI,2013,NA,Animal-Cattle-Heifer,USA,NA
Campylobacter,jejuni,SRR4018338,Susceptible,TET,=,0.25,mg/L,Broth dilution,NA,CLSI,2013,NA,Animal-Cattle-Dairy Cow,USA,NA
Campylobacter,jejuni,SRR4018341,Resistant,TET,NA,64,mg/L,Broth dilution,NA,CLSI,2013,NA,Animal-Cattle-Heifer,USA,NA
Campylobacter,jejuni,SRR4018358,Resistant,TET,NA,64,mg/L,Broth dilution,NA,CLSI,2013,NA,Animal-Cattle-Dairy Cow,USA,NA
Salmonella,enterica,SRR4019213,Resistant,GEN,NA,16,mg/L,Broth dilution,Sensititre,CLSI,2013,30333126,Ground Turkey,USA,NA
Escherichia,coli,SRR4019388,Susceptible,GEN,<=,1,mg/L,Broth dilution,VITEK 2,CLSI,2013,NA,urine,USA,NA
Pseudomonas,aeruginosa,SRR4019400,Intermediate,CAZ,NA,10,mm,Disk diffusion,KB panel,CLSI,2013,NA,bronchial alveolar lavage,USA,NA
Escherichia,coli,SRR4019403,Susceptible,GEN,<=,1,mg/L,Broth dilution,VITEK 2,CLSI,2013,NA,urine,USA,NA
Escherichia,coli,SRR4019404,Susceptible,GEN,<=,1,mg/L,Broth dilution,VITEK 2,CLSI,2013,NA,urine,USA,NA
Escherichia,coli,SRR4019413,Susceptible,GEN,<=,1,mg/L,Broth dilution,VITEK 2,CLSI,2013,NA,urine,USA,NA
Escherichia,coli,SRR4019414,Susceptible,GEN,<=,1,mg/L,Broth dilution,VITEK 2,CLSI,2013,NA,urine,USA,NA
Escherichia,coli,SRR4025843,Susceptible,GEN,=,2,mg/L,Broth dilution,NA,CLSI,2013,NA,NA,NA,NA
Salmonella,enterica,SRR4025938,Resistant,GEN,NA,8,mg/L,Broth dilution,NA,CLSI,2013,NA,NA,USA,NA
Klebsiella,pneumoniae,SRR4035114,Susceptible,GEN,<,0.25,mg/L,Broth dilution,NA,CLSI,2013,NA,Urine,USA,NA
Klebsiella,pneumoniae,SRR4035116,Susceptible,GEN,<,0.5,mg/L,Broth dilution,NA,CLSI,2013,NA,Urine,USA,NA
Escherichia,coli,SRR4035117,Resistant,GEN,NA,16,mg/L,Broth dilution,NA,CLSI,2013,NA,Urine,USA,NA
Klebsiella,pneumoniae,SRR4035118,Susceptible,GEN,<,1,mg/L,Broth dilution,NA,CLSI,2013,NA,Urine,USA,NA
Escherichia,coli,SRR4035119,Susceptible,GEN,<,2,mg/L,Broth dilution,NA,CLSI,2013,NA,Urine,USA,NA
Escherichia,coli,SRR4035120,Resistant,GEN,NA,8,mg/L,Broth dilution,NA,CLSI,2013,NA,Urine,USA,NA
Escherichia,coli,SRR4035121,Resistant,GEN,NA,16,mg/L,Broth dilution,NA,CLSI,2013,NA,Urine,USA,NA
Escherichia,coli,SRR4035122,Susceptible,GEN,<,0.5,mg/L,Broth dilution,NA,CLSI,2013,NA,Urine,USA,NA
Klebsiella,pneumoniae,SRR4035123,Resistant,GEN,NA,16,mg/L,Broth dilution,NA,CLSI,2013,NA,Urine,USA,NA
Salmonella,enterica,SRR4044381,Resistant,GEN,NA,16,mg/L,Broth dilution,NA,CLSI,2013,NA,NA,USA,NA
Salmonella,enterica,SRR4044420,Susceptible,GEN,=,0.5,mg/L,Broth dilution,NA,CLSI,2013,NA,NA,USA,NA
Salmonella,enterica,SRR4044442,Susceptible,GEN,<=,0.25,mg/L,Broth dilution,NA,CLSI,2013,NA,NA,USA,NA
Salmonella,enterica,SRR4044538,Susceptible,GEN,=,1,mg/L,Broth dilution,NA,CLSI,2013,NA,NA,USA,NA
Salmonella,enterica,SRR4044576,Resistant,GEN,NA,16,mg/L,Broth dilution,NA,CLSI,2013,NA,NA,USA,NA
Salmonella,enterica,SRR4044587,Susceptible,GEN,=,0.5,mg/L,Broth dilution,NA,CLSI,2013,NA,NA,USA,NA
Salmonella,enterica,SRR4044661,Resistant,GEN,NA,16,mg/L,Broth dilution,NA,CLSI,2013,NA,urine,USA,NA
Salmonella,enterica,SRR4044662,Susceptible,GEN,=,1,mg/L,Broth dilution,NA,CLSI,2013,NA,stool,USA,NA
Salmonella,enterica,SRR4044682,Susceptible,GEN,=,0.5,mg/L,Broth dilution,NA,CLSI,2013,NA,stool,USA,NA
Klebsiella,pneumoniae,SRR4065637,Resistant,GEN,NA,16,mg/L,Broth dilution,NA,CLSI,2013,NA,Urine,USA,NA
Klebsiella,pneumoniae,SRR4065638,Susceptible,GEN,<,0.25,mg/L,Broth dilution,NA,CLSI,2013,NA,Blood,USA,NA
Klebsiella,pneumoniae,SRR4065641,Susceptible,GEN,<,0.5,mg/L,Broth dilution,NA,CLSI,2013,NA,Fluid_Ascitic,USA,NA
Klebsiella,pneumoniae,SRR4065642,Susceptible,GEN,<,0.25,mg/L,Broth dilution,NA,CLSI,2013,NA,Urine,USA,NA
Escherichia,coli,SRR4065643,Susceptible,GEN,<,0.5,mg/L,Broth dilution,NA,CLSI,2013,NA,Urine,USA,NA
Klebsiella,pneumoniae,SRR4065644,Susceptible,GEN,<,0.25,mg/L,Broth dilution,NA,CLSI,2013,NA,Urine,USA,NA
Escherichia,coli,SRR4065649,Resistant,GEN,NA,16,mg/L,Broth dilution,NA,CLSI,2013,NA,Blood,USA,NA
Escherichia,coli,SRR4065650,Susceptible,GEN,<,2,mg/L,Broth dilution,NA,CLSI,2013,NA,Urine,USA,NA
Escherichia,coli,SRR4065662,Resistant,GEN,NA,8,mg/L,Broth dilution,NA,CLSI,2013,NA,Urine,USA,NA
Escherichia,coli,SRR4065666,Susceptible,GEN,<,0.5,mg/L,Broth dilution,NA,CLSI,2013,NA,Urine,USA,NA
Escherichia,coli,SRR4065675,Susceptible,GEN,<,0.5,mg/L,Broth dilution,NA,CLSI,2013,NA,Urine,USA,NA
Escherichia,coli,SRR4065676,Resistant,GEN,NA,16,mg/L,Broth dilution,NA,CLSI,2013,NA,Urine,USA,NA
Klebsiella,pneumoniae,SRR4065679,Susceptible,GEN,<,0.25,mg/L,Broth dilution,NA,CLSI,2013,NA,Urine,USA,NA
Klebsiella,pneumoniae,SRR4065680,Resistant,GEN,NA,16,mg/L,Broth dilution,NA,CLSI,2013,NA,Urine,USA,NA
Escherichia,coli,SRR4065703,Susceptible,GEN,<,1,mg/L,Broth dilution,NA,CLSI,2013,NA,Urine,USA,NA
Escherichia,coli,SRR4065704,Susceptible,GEN,<,0.5,mg/L,Broth dilution,NA,CLSI,2013,NA,Blood,USA,NA
Escherichia,coli,SRR4065706,Susceptible,GEN,<,0.5,mg/L,Broth dilution,NA,CLSI,2013,NA,Urine,USA,NA
Escherichia,coli,SRR4065708,Susceptible,GEN,<,1,mg/L,Broth dilution,NA,CLSI,2013,NA,Urine,USA,NA
Escherichia,coli,SRR4069212,Susceptible,GEN,<,0.5,mg/L,Broth dilution,NA,CLSI,2013,NA,Urine,USA,NA
Escherichia,coli,SRR4069214,Resistant,GEN,NA,16,mg/L,Broth dilution,NA,CLSI,2013,NA,Urine,USA,NA
Streptococcus,pneumoniae,SRR413939,Resistant,ERY,Streptococcus pneumoniae GA62681,8,NA,NA,NA,CLSI,2013,NA,blood,USA,NA
Streptococcus,pneumoniae,SRR413948,Resistant,ERY,Streptococcus pneumoniae GA17484,32,NA,NA,NA,CLSI,2013,NA,blood,USA,NA
Streptococcus,pneumoniae,SRR413966,Resistant,ERY,Streptococcus pneumoniae GA58981,32,NA,NA,NA,CLSI,2013,NA,blood,USA,NA
Klebsiella,pneumoniae,SRR4245474,Susceptible,GEN,<=,1,mg/L,Broth dilution,VITEK 2,CLSI,2013,NA,bile,USA,NA
Escherichia,coli,SRR4245475,Intermediate,GEN,NA,6,mm,Disk diffusion,KB panel,CLSI,2013,NA,urine,USA,NA
Escherichia,coli,SRR4245477,Susceptible,GEN,<=,1,mg/L,Broth dilution,VITEK 2,CLSI,2013,NA,urine,USA,NA
Escherichia,coli,SRR4245478,Resistant,GEN,NA,16,mg/L,Broth dilution,VITEK 2,CLSI,2013,NA,urine,USA,NA
Escherichia,coli,SRR4245479,Resistant,GEN,NA,16,mg/L,Broth dilution,VITEK 2,CLSI,2013,NA,urine,USA,NA
Escherichia,coli,SRR4245480,Susceptible,GEN,<=,1,mg/L,Broth dilution,VITEK 2,CLSI,2013,NA,urine,USA,NA
Escherichia,coli,SRR4245481,Susceptible,GEN,>=,0.5,mg/L,Broth dilution,VITEK 2,CLSI,2013,NA,rectal,USA,NA
Escherichia,coli,SRR4245482,Resistant,GEN,NA,16,mg/L,Broth dilution,VITEK 2,CLSI,2013,NA,urine,USA,NA
Escherichia,coli,SRR4245483,Susceptible,GEN,<=,1,mg/L,Broth dilution,VITEK 2,CLSI,2013,NA,urine,USA,NA
Escherichia,coli,SRR4245484,Susceptible,GEN,<=,0.5,mg/L,Broth dilution,VITEK 2,CLSI,2013,NA,tracheal aspirate,USA,NA
Escherichia,coli,SRR4245486,Susceptible,GEN,<=,1,mg/L,Broth dilution,VITEK 2,CLSI,2013,NA,urine,USA,NA
Salmonella,enterica,SRR4280562,Susceptible,GEN,=,1,mg/L,Broth dilution,NA,CLSI,2013,30333126,Chicken Breast,USA,NA
Salmonella,enterica,SRR4280570,Resistant,GEN,NA,16,mg/L,Broth dilution,NA,CLSI,2013,30333126,Ground Turkey,USA,NA
Salmonella,enterica,SRR4280595,Resistant,GEN,NA,16,mg/L,Broth dilution,Sensititre,CLSI,2013,30333126,Ground Turkey,USA,NA
Salmonella,enterica,SRR4280598,Susceptible,GEN,NA,0.5,mg/L,Broth dilution,Sensititre,CLSI,2013,30333126,Ground Turkey,USA,NA
Salmonella,enterica,SRR4280601,Susceptible,GEN,NA,0.5,mg/L,Broth dilution,Sensititre,CLSI,2013,30333126,Chicken Breast,USA,NA
Salmonella,enterica,SRR4280605,Susceptible,GEN,<=,0.25,mg/L,Broth dilution,NA,CLSI,2013,30333126,Chicken Breast,USA,NA
Salmonella,enterica,SRR4280608,Susceptible,GEN,=,0.5,mg/L,Broth dilution,NA,CLSI,2013,30333126,Chicken Breast,USA,NA
Salmonella,enterica,SRR4280625,Susceptible,GEN,NA,1,mg/L,Broth dilution,Sensititre,CLSI,2013,30333126,Chicken Breast,USA,NA
Salmonella,enterica,SRR4280626,Resistant,GEN,NA,16,mg/L,Broth dilution,Sensititre,CLSI,2013,30333126,Ground Turkey,USA,NA
Salmonella,enterica,SRR4280637,Susceptible,GEN,=,0.5,mg/L,Broth dilution,NA,CLSI,2013,30333126,Chicken Breast,USA,NA
Salmonella,enterica,SRR4280641,Susceptible,GEN,<=,0.25,mg/L,Broth dilution,NA,CLSI,2013,30333126,Chicken Breast,USA,NA
Escherichia,coli,SRR4294836,Susceptible,GEN,<=,1,mg/L,Broth dilution,VITEK 2,CLSI,2013,NA,ulcer,USA,NA
Escherichia,coli,SRR4294837,Resistant,GEN,NA,16,mg/L,Broth dilution,VITEK 2,CLSI,2013,NA,fluid,USA,NA
Pseudomonas,aeruginosa,SRR4294838,Susceptible,CAZ,=,6,mg/L,Broth dilution,VITEK 2,CLSI,2013,NA,sputum,USA,NA
Escherichia,coli,SRR4294841,Resistant,GEN,NA,16,mg/L,Broth dilution,VITEK 2,CLSI,2013,NA,urine,USA,NA
Escherichia,coli,SRR4294842,Susceptible,GEN,<=,1,mg/L,Broth dilution,VITEK 2,CLSI,2013,NA,sputum,USA,NA
Escherichia,coli,SRR4294845,Resistant,GEN,NA,8,mg/L,Broth dilution,VITEK 2,CLSI,2013,NA,urine,USA,NA
Escherichia,coli,SRR4294846,Resistant,GEN,NA,8,mg/L,Broth dilution,VITEK 2,CLSI,2013,NA,urine,USA,NA
Escherichia,coli,SRR4294847,Susceptible,GEN,=,1,mg/L,Broth dilution,VITEK 2,CLSI,2013,NA,urine,USA,NA
Escherichia,coli,SRR4294850,Susceptible,GEN,=,0.5,mg/L,Broth dilution,VITEK 2,CLSI,2013,NA,urine,USA,NA
Pseudomonas,aeruginosa,SRR4294852,Intermediate,CAZ,NA,24,mm,Disk diffusion,KB panel,CLSI,2013,NA,bronchial alveolar lavage,USA,NA
Streptococcus,pneumoniae,SRR4417287,Susceptible,ERY,<=,0.25,mg/L,Broth dilution,NA,CLSI,2013,28531208,NA,Canada,NA
Streptococcus,pneumoniae,SRR4417288,Susceptible,ERY,<=,0.25,mg/L,Broth dilution,NA,CLSI,2013,28531208,NA,Canada,NA
Streptococcus,pneumoniae,SRR4417289,Resistant,ERY,NA,2,mg/L,Broth dilution,NA,CLSI,2013,28531208,Blood,Canada,NA
Streptococcus,pneumoniae,SRR4417290,Susceptible,ERY,<=,0.25,mg/L,Broth dilution,NA,CLSI,2013,28531208,NA,Canada,NA
Streptococcus,pneumoniae,SRR4417291,Susceptible,ERY,<=,0.25,mg/L,Broth dilution,NA,CLSI,2013,28531208,NA,Canada,NA
Streptococcus,pneumoniae,SRR4417292,Susceptible,ERY,<=,0.25,mg/L,Broth dilution,NA,CLSI,2013,28531208,CSF,Canada,NA
Streptococcus,pneumoniae,SRR4417293,Resistant,ERY,NA,2,mg/L,Broth dilution,NA,CLSI,2013,28531208,Blood,Canada,NA
Streptococcus,pneumoniae,SRR4417294,Susceptible,ERY,<=,0.25,mg/L,Broth dilution,Sensititre,CLSI,2013,NA,CSF,Canada,NA
Streptococcus,pneumoniae,SRR4417296,Susceptible,ERY,<=,0.25,mg/L,Broth dilution,NA,CLSI,2013,28531208,NA,Canada,NA
Streptococcus,pneumoniae,SRR4417297,Susceptible,ERY,<=,0.25,mg/L,Broth dilution,NA,CLSI,2013,28531208,Pleural Fluid,Canada,NA
Streptococcus,pneumoniae,SRR4417298,Susceptible,ERY,<=,0.25,mg/L,Broth dilution,NA,CLSI,2013,28531208,NA,Canada,NA
Streptococcus,pneumoniae,SRR4417299,Susceptible,ERY,<=,0.25,mg/L,Broth dilution,NA,CLSI,2013,28531208,NA,Canada,NA
Streptococcus,pneumoniae,SRR4417300,Susceptible,ERY,<=,0.25,mg/L,Broth dilution,NA,CLSI,2013,28531208,NA,Canada,NA
Streptococcus,pneumoniae,SRR4417302,Susceptible,ERY,<=,0.25,mg/L,Broth dilution,NA,CLSI,2013,28531208,NA,Canada,NA
Streptococcus,pneumoniae,SRR4417303,Susceptible,ERY,<=,0.25,mg/L,Broth dilution,NA,CLSI,2013,28531208,NA,Canada,NA
Streptococcus,pneumoniae,SRR4417304,Susceptible,ERY,<=,0.25,mg/L,Broth dilution,NA,CLSI,2013,28531208,Blood,Canada,NA
Streptococcus,pneumoniae,SRR4417305,Susceptible,ERY,<=,0.25,mg/L,Broth dilution,Sensititre,CLSI,2013,28531208,Blood,Canada,NA
Streptococcus,pneumoniae,SRR4417307,Susceptible,ERY,<=,0.25,mg/L,Broth dilution,NA,CLSI,2013,28531208,Respiratory,Canada,NA
Streptococcus,pneumoniae,SRR4417309,Susceptible,ERY,<=,0.25,mg/L,Broth dilution,NA,CLSI,2013,28531208,NA,Canada,NA
Streptococcus,pneumoniae,SRR4417310,Susceptible,ERY,<=,0.25,mg/L,Broth dilution,NA,CLSI,2013,28531208,NA,Canada,NA
Streptococcus,pneumoniae,SRR4417311,Resistant,ERY,NA,2,mg/L,Broth dilution,NA,CLSI,2013,28531208,NA,Canada,NA
Streptococcus,pneumoniae,SRR4417312,Susceptible,ERY,<=,0.25,mg/L,Broth dilution,NA,CLSI,2013,28531208,NA,Canada,NA
Streptococcus,pneumoniae,SRR4417314,Susceptible,ERY,<=,0.25,mg/L,Broth dilution,NA,CLSI,2013,28531208,NA,Canada,NA
Streptococcus,pneumoniae,SRR4417317,Susceptible,ERY,<=,0.25,mg/L,Broth dilution,NA,CLSI,2013,28531208,NA,Canada,NA
Streptococcus,pneumoniae,SRR4417318,Susceptible,ERY,<=,0.25,mg/L,Broth dilution,NA,CLSI,2013,28531208,NA,Canada,NA
Streptococcus,pneumoniae,SRR4417319,Susceptible,ERY,<=,0.25,mg/L,Broth dilution,NA,CLSI,2013,28531208,NA,Canada,NA
Streptococcus,pneumoniae,SRR4417320,Resistant,ERY,NA,2,mg/L,Broth dilution,Sensititre,CLSI,2013,28531208,Other Sterile Site,Canada,NA
Streptococcus,pneumoniae,SRR4417322,Susceptible,ERY,<=,0.25,mg/L,Broth dilution,Sensititre,CLSI,2013,28531208,Respiratory,Canada,NA
Streptococcus,pneumoniae,SRR4417323,Susceptible,ERY,<=,0.25,mg/L,Broth dilution,Sensititre,CLSI,2013,28531208,Blood,Canada,NA
Streptococcus,pneumoniae,SRR4417324,Resistant,ERY,NA,2,mg/L,Broth dilution,NA,CLSI,2013,28531208,Other Sterile Site,Canada,NA
Streptococcus,pneumoniae,SRR4417326,Resistant,ERY,NA,2,mg/L,Broth dilution,NA,CLSI,2013,28531208,Blood,Canada,NA
Streptococcus,pneumoniae,SRR4417327,Resistant,ERY,NA,2,mg/L,Broth dilution,Sensititre,CLSI,2013,NA,Respiratory,Canada,NA
Streptococcus,pneumoniae,SRR4417328,Susceptible,ERY,<=,0.25,mg/L,Broth dilution,NA,CLSI,2013,28531208,Respiratory,Canada,NA
Streptococcus,pneumoniae,SRR4417329,Susceptible,ERY,<=,0.25,mg/L,Broth dilution,NA,CLSI,2013,28531208,Respiratory,Canada,NA
Streptococcus,pneumoniae,SRR4417330,Susceptible,ERY,<=,0.25,mg/L,Broth dilution,Sensititre,CLSI,2013,28531208,Blood,Canada,NA
Streptococcus,pneumoniae,SRR4417333,Susceptible,ERY,<=,0.25,mg/L,Broth dilution,Sensititre,CLSI,2013,NA,Respiratory,Canada,NA
Streptococcus,pneumoniae,SRR4417335,Susceptible,ERY,<=,0.25,mg/L,Broth dilution,NA,CLSI,2013,28531208,NA,Canada,NA
Streptococcus,pneumoniae,SRR4417336,Susceptible,ERY,<=,0.25,mg/L,Broth dilution,Sensititre,CLSI,2013,28531208,Blood,Canada,NA
Streptococcus,pneumoniae,SRR4417339,Resistant,ERY,NA,2,mg/L,Broth dilution,NA,CLSI,2013,28531208,NA,Canada,NA
Streptococcus,pneumoniae,SRR4417340,Susceptible,ERY,<=,0.25,mg/L,Broth dilution,NA,CLSI,2013,28531208,NA,Canada,NA
Streptococcus,pneumoniae,SRR4417341,Susceptible,ERY,<=,0.25,mg/L,Broth dilution,NA,CLSI,2013,28531208,NA,Canada,NA
Streptococcus,pneumoniae,SRR4417343,Susceptible,ERY,<=,0.25,mg/L,Broth dilution,Sensititre,CLSI,2013,28531208,Blood,Canada,NA
Streptococcus,pneumoniae,SRR4417345,Susceptible,ERY,<=,0.25,mg/L,Broth dilution,Sensititre,CLSI,2013,NA,Blood,Canada,NA
Streptococcus,pneumoniae,SRR4417346,Susceptible,ERY,<=,0.25,mg/L,Broth dilution,NA,CLSI,2013,28531208,CSF,Canada,NA
Streptococcus,pneumoniae,SRR4417347,Susceptible,ERY,<=,0.25,mg/L,Broth dilution,NA,CLSI,2013,28531208,NA,Canada,NA
Streptococcus,pneumoniae,SRR4417353,Susceptible,ERY,<=,0.25,mg/L,Broth dilution,Sensititre,CLSI,2013,28531208,Blood,Canada,NA
Streptococcus,pneumoniae,SRR4417354,Susceptible,ERY,<=,0.25,mg/L,Broth dilution,NA,CLSI,2013,28531208,NA,Canada,NA
Streptococcus,pneumoniae,SRR4417355,Susceptible,ERY,<=,0.25,mg/L,Broth dilution,Sensititre,CLSI,2013,NA,Blood,Canada,NA
Streptococcus,pneumoniae,SRR4417356,Susceptible,ERY,<=,0.25,mg/L,Broth dilution,NA,CLSI,2013,28531208,Blood,Canada,NA
Streptococcus,pneumoniae,SRR4417357,Susceptible,ERY,<=,0.25,mg/L,Broth dilution,NA,CLSI,2013,28531208,NA,Canada,NA
Streptococcus,pneumoniae,SRR4417359,Susceptible,ERY,<=,0.25,mg/L,Broth dilution,NA,CLSI,2013,28531208,NA,Canada,NA
Streptococcus,pneumoniae,SRR4417360,Resistant,ERY,NA,2,mg/L,Broth dilution,NA,CLSI,2013,28531208,NA,Canada,NA
Streptococcus,pneumoniae,SRR4417361,Resistant,ERY,NA,2,mg/L,Broth dilution,NA,CLSI,2013,28531208,Blood,Canada,NA
Streptococcus,pneumoniae,SRR4417362,Resistant,ERY,NA,2,mg/L,Broth dilution,NA,CLSI,2013,28531208,NA,Canada,NA
Streptococcus,pneumoniae,SRR4417363,Resistant,ERY,NA,2,mg/L,Broth dilution,NA,CLSI,2013,28531208,NA,Canada,NA
Streptococcus,pneumoniae,SRR4417364,Susceptible,ERY,<=,0.25,mg/L,Broth dilution,Sensititre,CLSI,2013,28531208,Blood,Canada,NA
Streptococcus,pneumoniae,SRR4417365,Susceptible,ERY,<=,0.25,mg/L,Broth dilution,NA,CLSI,2013,28531208,NA,Canada,NA
Streptococcus,pneumoniae,SRR4417367,Susceptible,ERY,<=,0.25,mg/L,Broth dilution,NA,CLSI,2013,28531208,NA,Canada,NA
Streptococcus,pneumoniae,SRR4417368,Susceptible,ERY,<=,0.25,mg/L,Broth dilution,NA,CLSI,2013,28531208,CSF,Canada,NA
Streptococcus,pneumoniae,SRR4417369,Susceptible,ERY,<=,0.25,mg/L,Broth dilution,NA,CLSI,2013,28531208,NA,Canada,NA
Streptococcus,pneumoniae,SRR4417370,Susceptible,ERY,<=,0.25,mg/L,Broth dilution,NA,CLSI,2013,28531208,Blood,Canada,NA
Streptococcus,pneumoniae,SRR4417372,Susceptible,ERY,<=,0.25,mg/L,Broth dilution,NA,CLSI,2013,28531208,NA,Canada,NA
Streptococcus,pneumoniae,SRR4417373,Susceptible,ERY,<=,0.25,mg/L,Broth dilution,Sensititre,CLSI,2013,NA,Blood,Canada,NA
Streptococcus,pneumoniae,SRR4417374,Susceptible,ERY,<=,0.25,mg/L,Broth dilution,NA,CLSI,2013,28531208,Blood,Canada,NA
Streptococcus,pneumoniae,SRR4417377,Susceptible,ERY,<=,0.25,mg/L,Broth dilution,NA,CLSI,2013,28531208,NA,Canada,NA
Streptococcus,pneumoniae,SRR4417378,Susceptible,ERY,<=,0.25,mg/L,Broth dilution,NA,CLSI,2013,28531208,NA,Canada,NA
Streptococcus,pneumoniae,SRR4417380,Susceptible,ERY,<=,0.25,mg/L,Broth dilution,NA,CLSI,2013,28531208,NA,Canada,NA
Streptococcus,pneumoniae,SRR4417381,Susceptible,ERY,<=,0.25,mg/L,Broth dilution,NA,CLSI,2013,28531208,Blood,Canada,NA
Streptococcus,pneumoniae,SRR4417383,Susceptible,ERY,<=,0.25,mg/L,Broth dilution,NA,CLSI,2013,28531208,NA,Canada,NA
Streptococcus,pneumoniae,SRR4417384,Resistant,ERY,NA,2,mg/L,Broth dilution,Sensititre,CLSI,2013,NA,Blood,Canada,NA
Streptococcus,pneumoniae,SRR4417386,Susceptible,ERY,<=,0.25,mg/L,Broth dilution,NA,CLSI,2013,28531208,NA,Canada,NA
Streptococcus,pneumoniae,SRR4417387,Susceptible,ERY,<=,0.25,mg/L,Broth dilution,NA,CLSI,2013,28531208,NA,Canada,NA
Streptococcus,pneumoniae,SRR4417390,Susceptible,ERY,<=,0.25,mg/L,Broth dilution,NA,CLSI,2013,28531208,NA,Canada,NA
Streptococcus,pneumoniae,SRR4417391,Susceptible,ERY,<=,0.25,mg/L,Broth dilution,NA,CLSI,2013,28531208,NA,Canada,NA
Streptococcus,pneumoniae,SRR4417393,Resistant,ERY,NA,2,mg/L,Broth dilution,NA,CLSI,2013,28531208,Blood,Canada,NA
Streptococcus,pneumoniae,SRR4417394,Susceptible,ERY,<=,0.25,mg/L,Broth dilution,NA,CLSI,2013,28531208,NA,Canada,NA
Streptococcus,pneumoniae,SRR4417397,Susceptible,ERY,<=,0.25,mg/L,Broth dilution,NA,CLSI,2013,28531208,Blood,Canada,NA
Streptococcus,pneumoniae,SRR4417399,Resistant,ERY,NA,2,mg/L,Broth dilution,NA,CLSI,2013,28531208,Blood,Canada,NA
Streptococcus,pneumoniae,SRR4417400,Susceptible,ERY,<=,0.25,mg/L,Broth dilution,Sensititre,CLSI,2013,28531208,Blood,Canada,NA
Streptococcus,pneumoniae,SRR4417401,Susceptible,ERY,<=,0.25,mg/L,Broth dilution,NA,CLSI,2013,28531208,NA,Canada,NA
Streptococcus,pneumoniae,SRR4417402,Resistant,ERY,NA,2,mg/L,Broth dilution,NA,CLSI,2013,28531208,NA,Canada,NA
Streptococcus,pneumoniae,SRR4417403,Susceptible,ERY,<=,0.25,mg/L,Broth dilution,Sensititre,CLSI,2013,28531208,Synovial Fluid,Canada,NA
Streptococcus,pneumoniae,SRR4417404,Susceptible,ERY,<=,0.25,mg/L,Broth dilution,NA,CLSI,2013,28531208,Blood,Canada,NA
Streptococcus,pneumoniae,SRR4417406,Resistant,ERY,NA,2,mg/L,Broth dilution,NA,CLSI,2013,28531208,NA,Canada,NA
Streptococcus,pneumoniae,SRR4417407,Susceptible,ERY,<=,0.25,mg/L,Broth dilution,Sensititre,CLSI,2013,28531208,Blood,Canada,NA
Streptococcus,pneumoniae,SRR4417408,Susceptible,ERY,<=,0.25,mg/L,Broth dilution,NA,CLSI,2013,28531208,NA,Canada,NA
Streptococcus,pneumoniae,SRR4417410,Susceptible,ERY,<=,0.25,mg/L,Broth dilution,Sensititre,CLSI,2013,28531208,Blood,Canada,NA
Streptococcus,pneumoniae,SRR4417411,Resistant,ERY,NA,2,mg/L,Broth dilution,NA,CLSI,2013,28531208,NA,Canada,NA
Streptococcus,pneumoniae,SRR4417412,Susceptible,ERY,<=,0.25,mg/L,Broth dilution,NA,CLSI,2013,28531208,NA,Canada,NA
Streptococcus,pneumoniae,SRR4417413,Susceptible,ERY,<=,0.25,mg/L,Broth dilution,Sensititre,CLSI,2013,NA,Respiratory,Canada,NA
Streptococcus,pneumoniae,SRR4417414,Resistant,ERY,NA,2,mg/L,Broth dilution,Sensititre,CLSI,2013,28531208,Blood,Canada,NA
Streptococcus,pneumoniae,SRR4417415,Susceptible,ERY,<=,0.25,mg/L,Broth dilution,NA,CLSI,2013,28531208,NA,Canada,NA
Streptococcus,pneumoniae,SRR4417416,Susceptible,ERY,<=,0.25,mg/L,Broth dilution,NA,CLSI,2013,28531208,NA,Canada,NA
Streptococcus,pneumoniae,SRR4417417,Susceptible,ERY,<=,0.25,mg/L,Broth dilution,NA,CLSI,2013,28531208,Respiratory,Canada,NA
Streptococcus,pneumoniae,SRR4417418,Resistant,ERY,NA,2,mg/L,Broth dilution,NA,CLSI,2013,28531208,Blood,Canada,NA
Streptococcus,pneumoniae,SRR4417419,Susceptible,ERY,<=,0.25,mg/L,Broth dilution,NA,CLSI,2013,28531208,NA,Canada,NA
Streptococcus,pneumoniae,SRR4417421,Susceptible,ERY,<=,0.25,mg/L,Broth dilution,NA,CLSI,2013,28531208,NA,Canada,NA
Streptococcus,pneumoniae,SRR4417422,Susceptible,ERY,<=,0.25,mg/L,Broth dilution,NA,CLSI,2013,28531208,NA,Canada,NA
Streptococcus,pneumoniae,SRR4417424,Susceptible,ERY,<=,0.25,mg/L,Broth dilution,NA,CLSI,2013,28531208,Respiratory,Canada,NA
Streptococcus,pneumoniae,SRR4417425,Susceptible,ERY,<=,0.25,mg/L,Broth dilution,NA,CLSI,2013,28531208,Respiratory,Canada,NA
Streptococcus,pneumoniae,SRR4417426,Susceptible,ERY,<=,0.25,mg/L,Broth dilution,NA,CLSI,2013,28531208,Respiratory,Canada,NA
Streptococcus,pneumoniae,SRR4417427,Resistant,ERY,NA,2,mg/L,Broth dilution,NA,CLSI,2013,28531208,NA,Canada,NA
Streptococcus,pneumoniae,SRR4417428,Susceptible,ERY,<=,0.25,mg/L,Broth dilution,NA,CLSI,2013,28531208,NA,Canada,NA
Staphylococcus,aureus,SRR4417445,Susceptible,ERY,<=,0.25,mg/L,Broth dilution,NA,CLSI,2013,NA,NA,NA,NA
Pseudomonas,aeruginosa,SRR4417530,Resistant,CAZ,NA,64,mg/L,Broth dilution,NA,CLSI,2013,NA,NA,NA,NA
Pseudomonas,aeruginosa,SRR4417532,Resistant,CAZ,NA,64,mg/L,Broth dilution,NA,CLSI,2013,NA,NA,NA,NA
Pseudomonas,aeruginosa,SRR4417533,Susceptible,CAZ,=,8,mg/L,Broth dilution,NA,CLSI,2013,NA,NA,NA,NA
Pseudomonas,aeruginosa,SRR4417534,Susceptible,CAZ,=,4,mg/L,Broth dilution,NA,CLSI,2013,NA,NA,NA,NA
Pseudomonas,aeruginosa,SRR4417535,Susceptible,CAZ,=,8,mg/L,Broth dilution,NA,CLSI,2013,NA,NA,NA,NA
Pseudomonas,aeruginosa,SRR4417536,Intermediate,CAZ,NA,16,mg/L,Broth dilution,NA,CLSI,2013,NA,NA,NA,NA
Pseudomonas,aeruginosa,SRR4417537,Resistant,CAZ,NA,32,mg/L,Broth dilution,NA,CLSI,2013,NA,NA,NA,NA
Pseudomonas,aeruginosa,SRR4417538,Resistant,CAZ,NA,32,mg/L,Broth dilution,NA,CLSI,2013,NA,NA,NA,NA
Pseudomonas,aeruginosa,SRR4417539,Susceptible,CAZ,=,4,mg/L,Broth dilution,NA,CLSI,2013,NA,NA,NA,NA
Pseudomonas,aeruginosa,SRR4417540,Susceptible,CAZ,=,4,mg/L,Broth dilution,NA,CLSI,2013,NA,NA,NA,NA
Pseudomonas,aeruginosa,SRR4417541,Susceptible,CAZ,<=,2,mg/L,Broth dilution,NA,CLSI,2013,NA,NA,NA,NA
Pseudomonas,aeruginosa,SRR4417542,Resistant,CAZ,NA,64,mg/L,Broth dilution,NA,CLSI,2013,NA,NA,NA,NA
Pseudomonas,aeruginosa,SRR4417543,Susceptible,CAZ,<=,2,mg/L,Broth dilution,NA,CLSI,2013,NA,NA,NA,NA
Pseudomonas,aeruginosa,SRR4417544,Susceptible,CAZ,=,4,mg/L,Broth dilution,NA,CLSI,2013,NA,NA,NA,NA
Pseudomonas,aeruginosa,SRR4417545,Susceptible,CAZ,=,4,mg/L,Broth dilution,NA,CLSI,2013,NA,NA,NA,NA
Pseudomonas,aeruginosa,SRR4417546,Susceptible,CAZ,=,4,mg/L,Broth dilution,NA,CLSI,2013,NA,NA,NA,NA
Pseudomonas,aeruginosa,SRR4417547,Susceptible,CAZ,<=,2,mg/L,Broth dilution,NA,CLSI,2013,NA,NA,NA,NA
Pseudomonas,aeruginosa,SRR4417548,Susceptible,CAZ,<=,2,mg/L,Broth dilution,NA,CLSI,2013,NA,NA,NA,NA
Pseudomonas,aeruginosa,SRR4417549,Intermediate,CAZ,NA,16,mg/L,Broth dilution,NA,CLSI,2013,NA,NA,NA,NA
Pseudomonas,aeruginosa,SRR4417550,Intermediate,CAZ,NA,16,mg/L,Broth dilution,NA,CLSI,2013,NA,NA,NA,NA
Pseudomonas,aeruginosa,SRR4417551,Susceptible,CAZ,=,4,mg/L,Broth dilution,NA,CLSI,2013,NA,NA,NA,NA
Pseudomonas,aeruginosa,SRR4417552,Resistant,CAZ,NA,64,mg/L,Broth dilution,NA,CLSI,2013,NA,NA,NA,NA
Pseudomonas,aeruginosa,SRR4417553,Susceptible,CAZ,<=,2,mg/L,Broth dilution,NA,CLSI,2013,NA,NA,NA,NA
Pseudomonas,aeruginosa,SRR4417554,Susceptible,CAZ,=,4,mg/L,Broth dilution,NA,CLSI,2013,NA,NA,NA,NA
Pseudomonas,aeruginosa,SRR4417555,Susceptible,CAZ,<=,2,mg/L,Broth dilution,NA,CLSI,2013,NA,NA,NA,NA
Pseudomonas,aeruginosa,SRR4417556,Susceptible,CAZ,=,4,mg/L,Broth dilution,NA,CLSI,2013,NA,NA,NA,NA
Pseudomonas,aeruginosa,SRR4417557,Susceptible,CAZ,<=,2,mg/L,Broth dilution,NA,CLSI,2013,NA,NA,NA,NA
Pseudomonas,aeruginosa,SRR4417558,Susceptible,CAZ,=,8,mg/L,Broth dilution,NA,CLSI,2013,NA,NA,NA,NA
Pseudomonas,aeruginosa,SRR4417559,Susceptible,CAZ,<=,2,mg/L,Broth dilution,NA,CLSI,2013,NA,NA,NA,NA
Pseudomonas,aeruginosa,SRR4417560,Resistant,CAZ,NA,64,mg/L,Broth dilution,NA,CLSI,2013,NA,NA,NA,NA
Pseudomonas,aeruginosa,SRR4417561,Susceptible,CAZ,<=,2,mg/L,Broth dilution,NA,CLSI,2013,NA,NA,NA,NA
Pseudomonas,aeruginosa,SRR4417562,Susceptible,CAZ,<=,2,mg/L,Broth dilution,NA,CLSI,2013,NA,NA,NA,NA
Pseudomonas,aeruginosa,SRR4417563,Susceptible,CAZ,<=,2,mg/L,Broth dilution,NA,CLSI,2013,NA,NA,NA,NA
Acinetobacter,baumannii,SRR4417569,Resistant,CAZ,NA,64,mg/L,Broth dilution,NA,CLSI,2013,NA,NA,NA,NA
Acinetobacter,baumannii,SRR4417570,Resistant,CAZ,NA,64,mg/L,Broth dilution,NA,CLSI,2013,NA,NA,NA,NA
Acinetobacter,baumannii,SRR4417571,Resistant,CAZ,NA,128,mg/L,Broth dilution,NA,CLSI,2013,NA,NA,NA,NA
Acinetobacter,baumannii,SRR4417572,Resistant,CAZ,NA,32,mg/L,Broth dilution,NA,CLSI,2013,NA,NA,NA,NA
Acinetobacter,baumannii,SRR4417573,Resistant,CAZ,NA,128,mg/L,Broth dilution,NA,CLSI,2013,NA,NA,NA,NA
Acinetobacter,baumannii,SRR4417574,Resistant,CAZ,NA,128,mg/L,Broth dilution,NA,CLSI,2013,NA,NA,NA,NA
Acinetobacter,baumannii,SRR4417575,Resistant,CAZ,NA,128,mg/L,Broth dilution,NA,CLSI,2013,NA,NA,NA,NA
Acinetobacter,baumannii,SRR4417577,Resistant,CAZ,NA,64,mg/L,Broth dilution,NA,CLSI,2013,NA,NA,NA,NA
Acinetobacter,baumannii,SRR4417578,Resistant,CAZ,NA,128,mg/L,Broth dilution,NA,CLSI,2013,NA,NA,NA,NA
Acinetobacter,baumannii,SRR4417581,Resistant,CAZ,NA,128,mg/L,Broth dilution,NA,CLSI,2013,NA,NA,NA,NA
Acinetobacter,baumannii,SRR4417582,Resistant,CAZ,NA,128,mg/L,Broth dilution,NA,CLSI,2013,NA,NA,NA,NA
Acinetobacter,baumannii,SRR4417583,Resistant,CAZ,NA,128,mg/L,Broth dilution,NA,CLSI,2013,NA,NA,NA,NA
Acinetobacter,baumannii,SRR4417585,Resistant,CAZ,NA,128,mg/L,Broth dilution,NA,CLSI,2013,NA,NA,NA,NA
Acinetobacter,baumannii,SRR4417586,Resistant,CAZ,NA,128,mg/L,Broth dilution,NA,CLSI,2013,NA,NA,NA,NA
Acinetobacter,baumannii,SRR4417587,Resistant,CAZ,NA,128,mg/L,Broth dilution,NA,CLSI,2013,NA,NA,NA,NA
Acinetobacter,baumannii,SRR4417589,Resistant,CAZ,NA,128,mg/L,Broth dilution,NA,CLSI,2013,NA,NA,NA,NA
Acinetobacter,baumannii,SRR4417590,Resistant,CAZ,NA,128,mg/L,Broth dilution,NA,CLSI,2013,NA,NA,NA,NA
Acinetobacter,baumannii,SRR4417591,Resistant,CAZ,NA,128,mg/L,Broth dilution,NA,CLSI,2013,NA,NA,NA,NA
Acinetobacter,baumannii,SRR4417592,Resistant,CAZ,NA,128,mg/L,Broth dilution,NA,CLSI,2013,NA,NA,NA,NA
Acinetobacter,baumannii,SRR4417593,Resistant,CAZ,NA,64,mg/L,Broth dilution,NA,CLSI,2013,NA,NA,NA,NA
Acinetobacter,baumannii,SRR4417594,Resistant,CAZ,NA,128,mg/L,Broth dilution,NA,CLSI,2013,NA,NA,NA,NA
Acinetobacter,baumannii,SRR4417595,Resistant,CAZ,NA,128,mg/L,Broth dilution,NA,CLSI,2013,NA,NA,NA,NA
Acinetobacter,baumannii,SRR4417598,Resistant,CAZ,NA,128,mg/L,Broth dilution,NA,CLSI,2013,NA,NA,NA,NA
Acinetobacter,baumannii,SRR4417599,Resistant,CAZ,NA,64,mg/L,Broth dilution,NA,CLSI,2013,NA,NA,NA,NA
Acinetobacter,baumannii,SRR4417600,Resistant,CAZ,NA,128,mg/L,Broth dilution,NA,CLSI,2013,NA,NA,NA,NA
Acinetobacter,baumannii,SRR4417601,Resistant,CAZ,NA,128,mg/L,Broth dilution,NA,CLSI,2013,NA,NA,NA,NA
Acinetobacter,baumannii,SRR4417602,Resistant,CAZ,NA,64,mg/L,Broth dilution,NA,CLSI,2013,NA,NA,NA,NA
Acinetobacter,baumannii,SRR4417603,Resistant,CAZ,NA,128,mg/L,Broth dilution,NA,CLSI,2013,NA,NA,NA,NA
Acinetobacter,baumannii,SRR4417604,Resistant,CAZ,NA,128,mg/L,Broth dilution,NA,CLSI,2013,NA,NA,NA,NA
Acinetobacter,baumannii,SRR4417605,Resistant,CAZ,NA,128,mg/L,Broth dilution,NA,CLSI,2013,NA,NA,NA,NA
Acinetobacter,baumannii,SRR4417606,Resistant,CAZ,NA,128,mg/L,Broth dilution,NA,CLSI,2013,NA,NA,NA,NA
Acinetobacter,baumannii,SRR4417608,Resistant,CAZ,NA,128,mg/L,Broth dilution,NA,CLSI,2013,NA,NA,NA,NA
Acinetobacter,baumannii,SRR4417609,Resistant,CAZ,NA,128,mg/L,Broth dilution,NA,CLSI,2013,NA,NA,NA,NA
Acinetobacter,baumannii,SRR4417610,Resistant,CAZ,NA,128,mg/L,Broth dilution,NA,CLSI,2013,NA,NA,NA,NA
Acinetobacter,baumannii,SRR4417611,Resistant,CAZ,NA,128,mg/L,Broth dilution,NA,CLSI,2013,NA,NA,NA,NA
Acinetobacter,baumannii,SRR4417612,Resistant,CAZ,NA,128,mg/L,Broth dilution,NA,CLSI,2013,NA,NA,NA,NA
Acinetobacter,baumannii,SRR4417613,Resistant,CAZ,NA,128,mg/L,Broth dilution,NA,CLSI,2013,NA,NA,NA,NA
Acinetobacter,baumannii,SRR4417614,Resistant,CAZ,NA,128,mg/L,Broth dilution,NA,CLSI,2013,NA,NA,NA,NA
Salmonella,enterica,SRR4420897,Susceptible,GEN,=,1,mg/L,Broth dilution,NA,CLSI,2013,NA,blood,USA,NA
Salmonella,enterica,SRR4420904,Susceptible,GEN,<=,0.25,mg/L,Broth dilution,NA,CLSI,2013,NA,stool,USA,NA
Salmonella,enterica,SRR4420948,Susceptible,GEN,=,1,mg/L,Broth dilution,NA,CLSI,2013,NA,blood,USA,NA
Salmonella,enterica,SRR4449957,Susceptible,GEN,<=,0.25,mg/L,Broth dilution,NA,CLSI,2013,NA,NA,USA,NA
Pseudomonas,aeruginosa,SRR5093495,Resistant,CAZ,NA,32,mg/L,Agar dilution,NA,CLSI,2013,NA,NA,NA,NA
Pseudomonas,aeruginosa,SRR5093496,Resistant,CAZ,NA,32,mg/L,Agar dilution,NA,CLSI,2013,NA,NA,NA,NA
Pseudomonas,aeruginosa,SRR5093498,Resistant,CAZ,NA,32,mg/L,Agar dilution,NA,CLSI,2013,NA,NA,NA,NA
Pseudomonas,aeruginosa,SRR5093501,Resistant,CAZ,NA,32,mg/L,Agar dilution,NA,CLSI,2013,NA,NA,NA,NA
Pseudomonas,aeruginosa,SRR5093532,Resistant,CAZ,NA,32,mg/L,Agar dilution,NA,CLSI,2013,NA,NA,NA,NA
Pseudomonas,aeruginosa,SRR5093535,Resistant,CAZ,NA,32,mg/L,Agar dilution,NA,CLSI,2013,NA,NA,NA,NA
Pseudomonas,aeruginosa,SRR5093538,Resistant,CAZ,NA,32,mg/L,Agar dilution,NA,CLSI,2013,NA,NA,NA,NA
Pseudomonas,aeruginosa,SRR5093541,Resistant,CAZ,NA,32,mg/L,Agar dilution,NA,CLSI,2013,NA,NA,NA,NA
Pseudomonas,aeruginosa,SRR5093542,Resistant,CAZ,NA,128,mg/L,Agar dilution,NA,CLSI,2013,NA,NA,NA,NA
Pseudomonas,aeruginosa,SRR5093544,Resistant,CAZ,NA,32,mg/L,Agar dilution,NA,CLSI,2013,NA,NA,NA,NA
Pseudomonas,aeruginosa,SRR5093671,Resistant,CAZ,NA,128,mg/L,Agar dilution,NA,CLSI,2013,NA,NA,NA,NA
Pseudomonas,aeruginosa,SRR5093674,Resistant,CAZ,NA,128,mg/L,Agar dilution,NA,CLSI,2013,NA,NA,NA,NA
Pseudomonas,aeruginosa,SRR5093676,Resistant,CAZ,NA,256,mg/L,Agar dilution,NA,CLSI,2013,NA,NA,NA,NA
Escherichia,coli,SRR5093679,Susceptible,GEN,<=,1,mg/L,Broth dilution,VITEK 2,CLSI,2013,NA,urine,USA,NA
Escherichia,coli,SRR5093681,Resistant,GEN,NA,16,mg/L,Broth dilution,VITEK 2,CLSI,2013,NA,urine,USA,NA
Escherichia,coli,SRR5093683,Susceptible,GEN,=,1,mg/L,Broth dilution,VITEK 2,CLSI,2013,NA,urine,USA,NA
Pseudomonas,aeruginosa,SRR5093687,Resistant,CAZ,NA,256,mg/L,Agar dilution,NA,CLSI,2013,NA,NA,NA,NA
Pseudomonas,aeruginosa,SRR5093692,Resistant,CAZ,NA,32,mg/L,Agar dilution,NA,CLSI,2013,NA,NA,NA,NA
Pseudomonas,aeruginosa,SRR5093696,Resistant,CAZ,NA,128,mg/L,Agar dilution,NA,CLSI,2013,NA,NA,NA,NA
Pseudomonas,aeruginosa,SRR5093697,Resistant,CAZ,NA,256,mg/L,Agar dilution,NA,CLSI,2013,NA,NA,NA,NA
Pseudomonas,aeruginosa,SRR5093713,Resistant,CAZ,NA,256,mg/L,Agar dilution,NA,CLSI,2013,NA,NA,NA,NA
Pseudomonas,aeruginosa,SRR5093714,Resistant,CAZ,NA,256,mg/L,Agar dilution,NA,CLSI,2013,NA,NA,NA,NA
Pseudomonas,aeruginosa,SRR5093717,Resistant,CAZ,NA,32,mg/L,Agar dilution,NA,CLSI,2013,NA,NA,NA,NA
Pseudomonas,aeruginosa,SRR5093719,Resistant,CAZ,NA,128,mg/L,Agar dilution,NA,CLSI,2013,NA,NA,NA,NA
Pseudomonas,aeruginosa,SRR5093748,Resistant,CAZ,NA,256,mg/L,Agar dilution,NA,CLSI,2013,NA,NA,NA,NA
Pseudomonas,aeruginosa,SRR5093750,Resistant,CAZ,NA,256,mg/L,Agar dilution,NA,CLSI,2013,NA,NA,NA,NA
Pseudomonas,aeruginosa,SRR5093752,Resistant,CAZ,NA,256,mg/L,Agar dilution,NA,CLSI,2013,NA,NA,NA,NA
Pseudomonas,aeruginosa,SRR5093754,Resistant,CAZ,NA,256,mg/L,Agar dilution,NA,CLSI,2013,NA,NA,NA,NA
Pseudomonas,aeruginosa,SRR5093757,Resistant,CAZ,NA,256,mg/L,Agar dilution,NA,CLSI,2013,NA,NA,NA,NA
Escherichia,coli,SRR5120209,Susceptible,GEN,<=,1,mg/L,Broth dilution,VITEK 2,CLSI,2013,NA,urine,USA,NA
Escherichia,coli,SRR5120214,Susceptible,GEN,<=,1,mg/L,Broth dilution,VITEK 2,CLSI,2013,NA,urine,USA,NA
Escherichia,coli,SRR5120215,Susceptible,GEN,<=,1,mg/L,Broth dilution,VITEK 2,CLSI,2013,NA,urine,USA,NA
Escherichia,coli,SRR5120217,Susceptible,GEN,<=,1,mg/L,Broth dilution,VITEK 2,CLSI,2013,NA,fluid,USA,NA
Escherichia,coli,SRR5120218,Susceptible,GEN,<=,1,mg/L,Broth dilution,VITEK 2,CLSI,2013,NA,urine,USA,NA
Pseudomonas,aeruginosa,SRR5120220,Intermediate,CAZ,NA,10,mm,Disk diffusion,KB panel,CLSI,2013,NA,sputum,USA,NA
Escherichia,coli,SRR5120221,Susceptible,GEN,<=,1,mg/L,Broth dilution,VITEK 2,CLSI,2013,NA,urine,USA,NA
Escherichia,coli,SRR5120222,Susceptible,GEN,=,2,mg/L,Broth dilution,VITEK 2,CLSI,2013,NA,urine,USA,NA
Acinetobacter,baumannii,SRR5120223,Resistant,CAZ,NA,64,mg/L,Broth dilution,VITEK 2,CLSI,2013,NA,tracheal aspirate,USA,NA
Escherichia,coli,SRR5120224,Susceptible,GEN,<=,1,mg/L,Broth dilution,VITEK 2,CLSI,2013,NA,urine,USA,NA
Pseudomonas,aeruginosa,SRR5120225,Susceptible,CAZ,=,6,mm,Disk diffusion,KB panel,CLSI,2013,NA,wound,USA,NA
Escherichia,coli,SRR5120226,Resistant,GEN,NA,16,mg/L,Broth dilution,VITEK 2,CLSI,2013,NA,blood,USA,NA
Escherichia,coli,SRR5120228,Susceptible,GEN,<=,1,mg/L,Broth dilution,VITEK 2,CLSI,2013,NA,urine,USA,NA
Escherichia,coli,SRR5120230,Susceptible,GEN,<=,1,mg/L,Broth dilution,VITEK 2,CLSI,2013,NA,urine,USA,NA
Escherichia,coli,SRR5120231,Susceptible,GEN,<=,1,mg/L,Broth dilution,VITEK 2,CLSI,2013,NA,neck,USA,NA
Escherichia,coli,SRR5120235,Susceptible,GEN,<=,1,mg/L,Broth dilution,VITEK 2,CLSI,2013,NA,urine,USA,NA
Escherichia,coli,SRR5120238,Resistant,GEN,NA,16,mg/L,Broth dilution,VITEK 2,CLSI,2013,NA,abdominal,USA,NA
Pseudomonas,aeruginosa,SRR5122323,Resistant,CAZ,NA,64,mg/L,Broth dilution,NA,CLSI,2013,NA,NA,NA,NA
Pseudomonas,aeruginosa,SRR5122325,Resistant,CAZ,NA,64,mg/L,Broth dilution,NA,CLSI,2013,NA,NA,NA,NA
Pseudomonas,aeruginosa,SRR5122326,Resistant,CAZ,NA,32,mg/L,Broth dilution,NA,CLSI,2013,NA,NA,NA,NA
Pseudomonas,aeruginosa,SRR5122327,Resistant,CAZ,NA,32,mg/L,Broth dilution,NA,CLSI,2013,NA,NA,NA,NA
Pseudomonas,aeruginosa,SRR5122328,Resistant,CAZ,NA,64,mg/L,Broth dilution,NA,CLSI,2013,NA,NA,NA,NA
Pseudomonas,aeruginosa,SRR5122329,Resistant,CAZ,NA,64,mg/L,Broth dilution,NA,CLSI,2013,NA,NA,NA,NA
Pseudomonas,aeruginosa,SRR5122330,Intermediate,CAZ,NA,16,mg/L,Broth dilution,NA,CLSI,2013,NA,NA,NA,NA
Pseudomonas,aeruginosa,SRR5122331,Resistant,CAZ,NA,64,mg/L,Broth dilution,NA,CLSI,2013,NA,NA,NA,NA
Pseudomonas,aeruginosa,SRR5122332,Resistant,CAZ,NA,64,mg/L,Broth dilution,NA,CLSI,2013,NA,NA,NA,NA
Escherichia,coli,SRR5140443,Intermediate,GEN,NA,6,mm,Disk diffusion,NA,CLSI,2013,NA,CP019054,NA,CP019053
Klebsiella,pneumoniae,SRR5146464,Resistant,GEN,NA,16,mg/L,Broth dilution,NA,CLSI,2013,NA,CP018819,NZ_CP018818.1,CP018818
Escherichia,coli,SRR5149770,Intermediate,GEN,NA,6,mm,Disk diffusion,NA,CLSI,2013,NA,CP019074,NA,CP019073
Klebsiella,pneumoniae,SRR515506,Intermediate,GEN,Klebsiella pneumoniae subsp. pneumoniae KPNIH9,4,mg/L,Disk diffusion,E-test,CLSI,2013,22914622,rectal swab,USA,NA
Klebsiella,pneumoniae,SRR515586,Intermediate,GEN,Klebsiella pneumoniae subsp. pneumoniae KPNIH14,4,mg/L,Disk diffusion,E-test,CLSI,2013,22914622,rectal swab,USA,NA
Klebsiella,pneumoniae,SRR515629,Intermediate,GEN,Klebsiella pneumoniae subsp. pneumoniae KPNIH20,4,mg/L,Disk diffusion,E-test,CLSI,2013,22914622,throat,USA,NA
Klebsiella,pneumoniae,SRR515906,Intermediate,GEN,Klebsiella pneumoniae subsp. pneumoniae KPNIH23,4,mg/L,Disk diffusion,E-test,CLSI,2013,22914622,rectal swab,USA,NA
Klebsiella,pneumoniae,SRR515971,Intermediate,GEN,Klebsiella pneumoniae subsp. pneumoniae KPNIH7,4,mg/L,Disk diffusion,E-test,CLSI,2013,22914622,ventilator,USA,NA
Acinetobacter,baumannii,SRR5237398,Resistant,CAZ,NA,64,mg/L,Broth dilution,VITEK 2,CLSI,2013,NA,blood,USA,NA
Escherichia,coli,SRR5237400,Resistant,GEN,NA,16,mg/L,Broth dilution,VITEK 2,CLSI,2013,NA,urine,USA,NA
Escherichia,coli,SRR5237401,Susceptible,GEN,<=,1,mg/L,Broth dilution,VITEK 2,CLSI,2013,NA,urine,USA,NA
Escherichia,coli,SRR5237402,Susceptible,GEN,<=,1,mg/L,Broth dilution,VITEK 2,CLSI,2013,NA,urine,USA,NA
Pseudomonas,aeruginosa,SRR5237405,Susceptible,CAZ,=,6,mm,Disk diffusion,KB panel,CLSI,2013,NA,Bronchial alveolar lavage,USA,NA
Staphylococcus,aureus,SRR5237408,Susceptible,ERY,<=,0.25,mg/L,Broth dilution,VITEK 2,CLSI,2013,NA,sputum,USA,NA
Klebsiella,pneumoniae,SRR5341976,Resistant,GEN,NA,16,mg/L,Broth dilution,VITEK 2,CLSI,2013,NA,urine,USA,NA
Escherichia,coli,SRR5341981,Susceptible,GEN,<=,1,mg/L,Broth dilution,VITEK 2,CLSI,2013,NA,urine,USA,NA
Escherichia,coli,SRR5341982,Susceptible,GEN,<=,1,mg/L,Broth dilution,VITEK 2,CLSI,2013,NA,wound,USA,NA
Klebsiella,pneumoniae,SRR5385400,Resistant,GEN,NA,8,mg/L,Broth dilution,BD Phoenix,CLSI,2013,28512093,NA,2013-01-25,NA
Klebsiella,pneumoniae,SRR5385405,Resistant,GEN,NA,8,mg/L,Broth dilution,BD Phoenix,CLSI,2013,28512093,NA,2013-01-15,NA
Klebsiella,pneumoniae,SRR5385409,Susceptible,GEN,<=,2,mg/L,Broth dilution,BD Phoenix,CLSI,2013,28512093,NA,2013-01-21,NA
Klebsiella,pneumoniae,SRR5385411,Resistant,GEN,NA,8,mg/L,Broth dilution,BD Phoenix,CLSI,2013,28512093,NA,2013-01-22,NA
Klebsiella,pneumoniae,SRR5385413,Susceptible,GEN,<=,2,mg/L,Broth dilution,BD Phoenix,CLSI,2013,28512093,NA,2013-01-21,NA
Klebsiella,pneumoniae,SRR5385415,Intermediate,GEN,NA,4,mg/L,Broth dilution,BD Phoenix,CLSI,2013,28512093,NA,2013-01-15,NA
Klebsiella,pneumoniae,SRR5385417,Intermediate,GEN,NA,4,mg/L,Broth dilution,BD Phoenix,CLSI,2013,28512093,NA,2013-01-13,NA
Klebsiella,pneumoniae,SRR5385419,Resistant,GEN,NA,8,mg/L,Broth dilution,BD Phoenix,CLSI,2013,28512093,NA,2013-01-10,NA
Klebsiella,pneumoniae,SRR5385422,Intermediate,GEN,NA,4,mg/L,Broth dilution,BD Phoenix,CLSI,2013,28512093,NA,2013-01-06,NA
Klebsiella,pneumoniae,SRR5385424,Susceptible,GEN,<=,2,mg/L,Broth dilution,BD Phoenix,CLSI,2013,28512093,NA,2013-01-06,NA
Klebsiella,pneumoniae,SRR5385432,Resistant,GEN,NA,8,mg/L,Broth dilution,BD Phoenix,CLSI,2013,28512093,NA,2012-12-30,NA
Klebsiella,pneumoniae,SRR5385433,Resistant,GEN,NA,8,mg/L,Broth dilution,BD Phoenix,CLSI,2013,28512093,NA,2012-12-31,NA
Klebsiella,pneumoniae,SRR5385438,Resistant,GEN,NA,8,mg/L,Broth dilution,BD Phoenix,CLSI,2013,28512093,NA,2012-12-30,NA
Klebsiella,pneumoniae,SRR5385442,Susceptible,GEN,<=,2,mg/L,Broth dilution,BD Phoenix,CLSI,2013,28512093,NA,2012-12-30,NA
Klebsiella,pneumoniae,SRR5385445,Intermediate,GEN,NA,4,mg/L,Broth dilution,BD Phoenix,CLSI,2013,28512093,NA,2012-12-28,NA
Klebsiella,pneumoniae,SRR5385447,Intermediate,GEN,NA,4,mg/L,Broth dilution,BD Phoenix,CLSI,2013,28512093,NA,2012-12-27,NA
Klebsiella,pneumoniae,SRR5385450,Susceptible,GEN,<=,2,mg/L,Broth dilution,BD Phoenix,CLSI,2013,28512093,NA,2012-12-28,NA
Klebsiella,pneumoniae,SRR5385451,Intermediate,GEN,NA,4,mg/L,Broth dilution,BD Phoenix,CLSI,2013,28512093,NA,2012-12-25,NA
Klebsiella,pneumoniae,SRR5385452,Resistant,GEN,NA,8,mg/L,Broth dilution,BD Phoenix,CLSI,2013,28512093,NA,2012-12-25,NA
Klebsiella,pneumoniae,SRR5385455,Resistant,GEN,NA,8,mg/L,Broth dilution,BD Phoenix,CLSI,2013,28512093,NA,2012-12-23,NA
Klebsiella,pneumoniae,SRR5385456,Resistant,GEN,NA,8,mg/L,Broth dilution,BD Phoenix,CLSI,2013,28512093,NA,2012-12-21,NA
Klebsiella,pneumoniae,SRR5385460,Resistant,GEN,NA,8,mg/L,Broth dilution,BD Phoenix,CLSI,2013,28512093,NA,2012-12-20,NA
Klebsiella,pneumoniae,SRR5385461,Resistant,GEN,NA,8,mg/L,Broth dilution,BD Phoenix,CLSI,2013,28512093,NA,2012-12-18,NA
Klebsiella,pneumoniae,SRR5385464,Susceptible,GEN,<=,2,mg/L,Broth dilution,BD Phoenix,CLSI,2013,28512093,NA,2012-12-17,NA
Klebsiella,pneumoniae,SRR5385465,Resistant,GEN,NA,8,mg/L,Broth dilution,BD Phoenix,CLSI,2013,28512093,NA,2012-12-17,NA
Klebsiella,pneumoniae,SRR5385467,Resistant,GEN,NA,8,mg/L,Broth dilution,BD Phoenix,CLSI,2013,28512093,NA,2012-12-16,NA
Klebsiella,pneumoniae,SRR5385472,Susceptible,GEN,<=,2,mg/L,Broth dilution,BD Phoenix,CLSI,2013,28512093,NA,2012-12-13,NA
Klebsiella,pneumoniae,SRR5385473,Susceptible,GEN,<=,2,mg/L,Broth dilution,BD Phoenix,CLSI,2013,28512093,NA,2012-12-13,NA
Klebsiella,pneumoniae,SRR5385481,Resistant,GEN,NA,8,mg/L,Broth dilution,BD Phoenix,CLSI,2013,28512093,NA,2012-12-09,NA
Klebsiella,pneumoniae,SRR5385485,Susceptible,GEN,<=,2,mg/L,Broth dilution,BD Phoenix,CLSI,2013,28512093,NA,2012-12-03,NA
Klebsiella,pneumoniae,SRR5385487,Resistant,GEN,NA,8,mg/L,Broth dilution,BD Phoenix,CLSI,2013,28512093,NA,2012-12-04,NA
Klebsiella,pneumoniae,SRR5385488,Resistant,GEN,NA,8,mg/L,Broth dilution,BD Phoenix,CLSI,2013,28512093,NA,2012-12-05,NA
Klebsiella,pneumoniae,SRR5385495,Susceptible,GEN,<=,2,mg/L,Broth dilution,BD Phoenix,CLSI,2013,28512093,NA,2012-11-24,NA
Klebsiella,pneumoniae,SRR5385505,Susceptible,GEN,<=,2,mg/L,Broth dilution,BD Phoenix,CLSI,2013,28512093,NA,2012-11-30,NA
Klebsiella,pneumoniae,SRR5385506,Susceptible,GEN,<=,2,mg/L,Broth dilution,BD Phoenix,CLSI,2013,28512093,NA,2012-11-27,NA
Klebsiella,pneumoniae,SRR5385510,Resistant,GEN,NA,8,mg/L,Broth dilution,BD Phoenix,CLSI,2013,28512093,NA,2012-11-30,NA
Klebsiella,pneumoniae,SRR5385511,Susceptible,GEN,<=,2,mg/L,Broth dilution,BD Phoenix,CLSI,2013,28512093,NA,2012-11-27,NA
Klebsiella,pneumoniae,SRR5385519,Resistant,GEN,NA,8,mg/L,Broth dilution,BD Phoenix,CLSI,2013,28512093,NA,2012-10-19,NA
Klebsiella,pneumoniae,SRR5385520,Resistant,GEN,NA,8,mg/L,Broth dilution,BD Phoenix,CLSI,2013,28512093,NA,2012-10-16,NA
Klebsiella,pneumoniae,SRR5385521,Resistant,GEN,NA,8,mg/L,Broth dilution,BD Phoenix,CLSI,2013,28512093,NA,2012-10-15,NA
Klebsiella,pneumoniae,SRR5385523,Intermediate,GEN,NA,4,mg/L,Broth dilution,BD Phoenix,CLSI,2013,28512093,NA,2012-07-26,NA
Klebsiella,pneumoniae,SRR5385526,Intermediate,GEN,NA,4,mg/L,Broth dilution,BD Phoenix,CLSI,2013,28512093,NA,2012-09-20,NA
Klebsiella,pneumoniae,SRR5385528,Resistant,GEN,NA,8,mg/L,Broth dilution,BD Phoenix,CLSI,2013,28512093,NA,2012-07-26,NA
Klebsiella,pneumoniae,SRR5385529,Resistant,GEN,NA,8,mg/L,Broth dilution,BD Phoenix,CLSI,2013,28512093,NA,2012-09-20,NA
Klebsiella,pneumoniae,SRR5385532,Resistant,GEN,NA,8,mg/L,Broth dilution,BD Phoenix,CLSI,2013,28512093,NA,2012-05-25,NA
Klebsiella,pneumoniae,SRR5385533,Intermediate,GEN,NA,4,mg/L,Broth dilution,BD Phoenix,CLSI,2013,28512093,NA,2012-07-26,NA
Klebsiella,pneumoniae,SRR5385535,Susceptible,GEN,<=,2,mg/L,Broth dilution,BD Phoenix,CLSI,2013,28512093,NA,2012-10-15,NA
Klebsiella,pneumoniae,SRR5385536,Resistant,GEN,NA,8,mg/L,Broth dilution,BD Phoenix,CLSI,2013,28512093,NA,2012-10-14,NA
Klebsiella,pneumoniae,SRR5385538,Susceptible,GEN,<=,2,mg/L,Broth dilution,BD Phoenix,CLSI,2013,28512093,NA,2012-10-11,NA
Klebsiella,pneumoniae,SRR5385626,Intermediate,GEN,NA,4,mg/L,Broth dilution,BD Phoenix,CLSI,2013,28512093,NA,2014-02-03,NA
Klebsiella,pneumoniae,SRR5385630,Resistant,GEN,NA,8,mg/L,Broth dilution,BD Phoenix,CLSI,2013,28512093,NA,2014-01-14,NA
Klebsiella,pneumoniae,SRR5385636,Resistant,GEN,NA,8,mg/L,Broth dilution,BD Phoenix,CLSI,2013,28512093,NA,2014-02-18,NA
Klebsiella,pneumoniae,SRR5385637,Susceptible,GEN,<=,2,mg/L,Broth dilution,BD Phoenix,CLSI,2013,28512093,NA,2014-02-19,NA
Klebsiella,pneumoniae,SRR5385640,Resistant,GEN,NA,8,mg/L,Broth dilution,BD Phoenix,CLSI,2013,28512093,NA,2014-02-18,NA
Klebsiella,pneumoniae,SRR5385645,Resistant,GEN,NA,8,mg/L,Broth dilution,BD Phoenix,CLSI,2013,28512093,NA,2014-01-20,NA
Klebsiella,pneumoniae,SRR5385651,Susceptible,GEN,<=,2,mg/L,Broth dilution,BD Phoenix,CLSI,2013,28512093,NA,2014-01-13,NA
Klebsiella,pneumoniae,SRR5385658,Intermediate,GEN,NA,4,mg/L,Broth dilution,BD Phoenix,CLSI,2013,28512093,NA,2014-01-21,NA
Klebsiella,pneumoniae,SRR5385660,Susceptible,GEN,<=,2,mg/L,Broth dilution,BD Phoenix,CLSI,2013,28512093,NA,2014-01-23,NA
Klebsiella,pneumoniae,SRR5385666,Susceptible,GEN,<=,2,mg/L,Broth dilution,BD Phoenix,CLSI,2013,28512093,NA,2014-01-20,NA
Klebsiella,pneumoniae,SRR5385670,Susceptible,GEN,<=,2,mg/L,Broth dilution,BD Phoenix,CLSI,2013,28512093,NA,2014-01-11,NA
Klebsiella,pneumoniae,SRR5385672,Resistant,GEN,NA,8,mg/L,Broth dilution,BD Phoenix,CLSI,2013,28512093,NA,2014-01-11,NA
Klebsiella,pneumoniae,SRR5385680,Resistant,GEN,NA,8,mg/L,Broth dilution,BD Phoenix,CLSI,2013,28512093,NA,2014-01-01,NA
Klebsiella,pneumoniae,SRR5385681,Susceptible,GEN,<=,2,mg/L,Broth dilution,BD Phoenix,CLSI,2013,28512093,NA,2014-01-02,NA
Klebsiella,pneumoniae,SRR5385684,Susceptible,GEN,<=,2,mg/L,Broth dilution,BD Phoenix,CLSI,2013,28512093,NA,2014-01-03,NA
Klebsiella,pneumoniae,SRR5385692,Susceptible,GEN,<=,2,mg/L,Broth dilution,BD Phoenix,CLSI,2013,28512093,NA,2013-04-30,NA
Klebsiella,pneumoniae,SRR5385695,Susceptible,GEN,<=,2,mg/L,Broth dilution,BD Phoenix,CLSI,2013,28512093,NA,2013-12-17,NA
Klebsiella,pneumoniae,SRR5385696,Intermediate,GEN,NA,4,mg/L,Broth dilution,BD Phoenix,CLSI,2013,28512093,NA,2013-12-16,NA
Klebsiella,pneumoniae,SRR5385697,Susceptible,GEN,<=,2,mg/L,Broth dilution,BD Phoenix,CLSI,2013,28512093,NA,2013-12-15,NA
Klebsiella,pneumoniae,SRR5385700,Resistant,GEN,NA,8,mg/L,Broth dilution,BD Phoenix,CLSI,2013,28512093,NA,2013-12-15,NA
Klebsiella,pneumoniae,SRR5385701,Susceptible,GEN,<=,2,mg/L,Broth dilution,BD Phoenix,CLSI,2013,28512093,NA,2013-12-23,NA
Klebsiella,pneumoniae,SRR5385704,Resistant,GEN,NA,8,mg/L,Broth dilution,BD Phoenix,CLSI,2013,28512093,NA,2013-12-23,NA
Klebsiella,pneumoniae,SRR5385706,Susceptible,GEN,<=,2,mg/L,Broth dilution,BD Phoenix,CLSI,2013,28512093,NA,2013-12-27,NA
Klebsiella,pneumoniae,SRR5385710,Susceptible,GEN,<=,2,mg/L,Broth dilution,BD Phoenix,CLSI,2013,28512093,NA,2013-12-23,NA
Klebsiella,pneumoniae,SRR5385711,Susceptible,GEN,<=,2,mg/L,Broth dilution,BD Phoenix,CLSI,2013,28512093,NA,2013-12-24,NA
Klebsiella,pneumoniae,SRR5385712,Resistant,GEN,NA,8,mg/L,Broth dilution,BD Phoenix,CLSI,2013,28512093,NA,2013-12-23,NA
Klebsiella,pneumoniae,SRR5385720,Susceptible,GEN,<=,2,mg/L,Broth dilution,BD Phoenix,CLSI,2013,28512093,NA,2013-12-10,NA
Klebsiella,pneumoniae,SRR5385722,Resistant,GEN,NA,8,mg/L,Broth dilution,BD Phoenix,CLSI,2013,28512093,NA,2013-12-10,NA
Klebsiella,pneumoniae,SRR5385724,Susceptible,GEN,<=,2,mg/L,Broth dilution,BD Phoenix,CLSI,2013,28512093,NA,2013-12-04,NA
Klebsiella,pneumoniae,SRR5385726,Resistant,GEN,NA,8,mg/L,Broth dilution,BD Phoenix,CLSI,2013,28512093,NA,2013-12-03,NA
Klebsiella,pneumoniae,SRR5385728,Resistant,GEN,NA,8,mg/L,Broth dilution,BD Phoenix,CLSI,2013,28512093,NA,2013-12-04,NA
Klebsiella,pneumoniae,SRR5385732,Resistant,GEN,NA,8,mg/L,Broth dilution,BD Phoenix,CLSI,2013,28512093,NA,2013-12-08,NA
Klebsiella,pneumoniae,SRR5385733,Intermediate,GEN,NA,4,mg/L,Broth dilution,BD Phoenix,CLSI,2013,28512093,NA,2013-12-04,NA
Klebsiella,pneumoniae,SRR5385735,Intermediate,GEN,NA,4,mg/L,Broth dilution,BD Phoenix,CLSI,2013,28512093,NA,2013-12-04,NA
Klebsiella,pneumoniae,SRR5385736,Resistant,GEN,NA,8,mg/L,Broth dilution,BD Phoenix,CLSI,2013,28512093,NA,2013-11-25,NA
Klebsiella,pneumoniae,SRR5385737,Intermediate,GEN,NA,4,mg/L,Broth dilution,BD Phoenix,CLSI,2013,28512093,NA,2013-11-25,NA
Klebsiella,pneumoniae,SRR5385738,Susceptible,GEN,<=,2,mg/L,Broth dilution,BD Phoenix,CLSI,2013,28512093,NA,2013-11-24,NA
Klebsiella,pneumoniae,SRR5385743,Susceptible,GEN,<=,2,mg/L,Broth dilution,BD Phoenix,CLSI,2013,28512093,NA,2013-11-24,NA
Klebsiella,pneumoniae,SRR5385745,Susceptible,GEN,<=,2,mg/L,Broth dilution,BD Phoenix,CLSI,2013,28512093,NA,2013-11-22,NA
Klebsiella,pneumoniae,SRR5385750,Resistant,GEN,NA,8,mg/L,Broth dilution,BD Phoenix,CLSI,2013,28512093,NA,2013-11-06,NA
Klebsiella,pneumoniae,SRR5385760,Resistant,GEN,NA,8,mg/L,Broth dilution,BD Phoenix,CLSI,2013,28512093,NA,2013-11-03,NA
Klebsiella,pneumoniae,SRR5385761,Susceptible,GEN,<=,2,mg/L,Broth dilution,BD Phoenix,CLSI,2013,28512093,NA,2013-11-10,NA
Klebsiella,pneumoniae,SRR5385768,Resistant,GEN,NA,8,mg/L,Broth dilution,BD Phoenix,CLSI,2013,28512093,NA,2013-11-05,NA
Klebsiella,pneumoniae,SRR5385769,Intermediate,GEN,NA,4,mg/L,Broth dilution,BD Phoenix,CLSI,2013,28512093,NA,2013-11-08,NA
Klebsiella,pneumoniae,SRR5385771,Resistant,GEN,NA,8,mg/L,Broth dilution,BD Phoenix,CLSI,2013,28512093,NA,2013-11-06,NA
Klebsiella,pneumoniae,SRR5385789,Resistant,GEN,NA,8,mg/L,Broth dilution,BD Phoenix,CLSI,2013,28512093,NA,2013-10-18,NA
Klebsiella,pneumoniae,SRR5385790,Resistant,GEN,NA,8,mg/L,Broth dilution,BD Phoenix,CLSI,2013,28512093,NA,2013-10-20,NA
Klebsiella,pneumoniae,SRR5385810,Intermediate,GEN,NA,4,mg/L,Broth dilution,BD Phoenix,CLSI,2013,28512093,NA,2013-10-03,NA
Klebsiella,pneumoniae,SRR5385818,Resistant,GEN,NA,8,mg/L,Broth dilution,BD Phoenix,CLSI,2013,28512093,NA,2013-10-11,NA
Klebsiella,pneumoniae,SRR5385819,Intermediate,GEN,NA,4,mg/L,Broth dilution,BD Phoenix,CLSI,2013,28512093,NA,2013-10-15,NA
Klebsiella,pneumoniae,SRR5385821,Resistant,GEN,NA,8,mg/L,Broth dilution,BD Phoenix,CLSI,2013,28512093,NA,2013-06-20,NA
Klebsiella,pneumoniae,SRR5385823,Resistant,GEN,NA,8,mg/L,Broth dilution,BD Phoenix,CLSI,2013,28512093,NA,2013-06-21,NA
Klebsiella,pneumoniae,SRR5385825,Resistant,GEN,NA,8,mg/L,Broth dilution,BD Phoenix,CLSI,2013,28512093,NA,2013-06-17,NA
Klebsiella,pneumoniae,SRR5385830,Susceptible,GEN,<=,2,mg/L,Broth dilution,BD Phoenix,CLSI,2013,28512093,NA,2013-06-18,NA
Klebsiella,pneumoniae,SRR5385835,Susceptible,GEN,<=,2,mg/L,Broth dilution,BD Phoenix,CLSI,2013,28512093,NA,2013-06-19,NA
Klebsiella,pneumoniae,SRR5385837,Susceptible,GEN,<=,2,mg/L,Broth dilution,BD Phoenix,CLSI,2013,28512093,NA,2013-07-07,NA
Klebsiella,pneumoniae,SRR5385848,Resistant,GEN,NA,8,mg/L,Broth dilution,BD Phoenix,CLSI,2013,28512093,NA,2013-06-29,NA
Klebsiella,pneumoniae,SRR5385856,Susceptible,GEN,<=,2,mg/L,Broth dilution,BD Phoenix,CLSI,2013,28512093,NA,2013-09-22,NA
Klebsiella,pneumoniae,SRR5385858,Resistant,GEN,NA,8,mg/L,Broth dilution,BD Phoenix,CLSI,2013,28512093,NA,2013-09-23,NA
Klebsiella,pneumoniae,SRR5385860,Resistant,GEN,NA,8,mg/L,Broth dilution,BD Phoenix,CLSI,2013,28512093,NA,2013-09-27,NA
Klebsiella,pneumoniae,SRR5385865,Intermediate,GEN,NA,4,mg/L,Broth dilution,BD Phoenix,CLSI,2013,28512093,NA,2013-08-18,NA
Klebsiella,pneumoniae,SRR5385869,Susceptible,GEN,<=,2,mg/L,Broth dilution,BD Phoenix,CLSI,2013,28512093,NA,2013-08-14,NA
Klebsiella,pneumoniae,SRR5385870,Susceptible,GEN,<=,2,mg/L,Broth dilution,BD Phoenix,CLSI,2013,28512093,NA,2013-08-19,NA
Klebsiella,pneumoniae,SRR5385880,Resistant,GEN,NA,8,mg/L,Broth dilution,BD Phoenix,CLSI,2013,28512093,NA,2013-08-07,NA
Klebsiella,pneumoniae,SRR5385882,Susceptible,GEN,<=,2,mg/L,Broth dilution,BD Phoenix,CLSI,2013,28512093,NA,2013-08-05,NA
Klebsiella,pneumoniae,SRR5385883,Resistant,GEN,NA,8,mg/L,Broth dilution,BD Phoenix,CLSI,2013,28512093,NA,2013-08-10,NA
Klebsiella,pneumoniae,SRR5385884,Resistant,GEN,NA,8,mg/L,Broth dilution,BD Phoenix,CLSI,2013,28512093,NA,2013-08-05,NA
Klebsiella,pneumoniae,SRR5385886,Susceptible,GEN,<=,2,mg/L,Broth dilution,BD Phoenix,CLSI,2013,28512093,NA,2013-08-13,NA
Klebsiella,pneumoniae,SRR5385887,Intermediate,GEN,NA,4,mg/L,Broth dilution,BD Phoenix,CLSI,2013,28512093,NA,2013-08-06,NA
Klebsiella,pneumoniae,SRR5385889,Intermediate,GEN,NA,4,mg/L,Broth dilution,BD Phoenix,CLSI,2013,28512093,NA,2013-09-27,NA
Klebsiella,pneumoniae,SRR5385890,Resistant,GEN,NA,8,mg/L,Broth dilution,BD Phoenix,CLSI,2013,28512093,NA,2013-09-16,NA
Klebsiella,pneumoniae,SRR5385894,Resistant,GEN,NA,8,mg/L,Broth dilution,BD Phoenix,CLSI,2013,28512093,NA,2013-08-26,NA
Klebsiella,pneumoniae,SRR5385895,Susceptible,GEN,<=,2,mg/L,Broth dilution,BD Phoenix,CLSI,2013,28512093,NA,2013-09-10,NA
Klebsiella,pneumoniae,SRR5385901,Susceptible,GEN,<=,2,mg/L,Broth dilution,BD Phoenix,CLSI,2013,28512093,NA,2013-09-23,NA
Klebsiella,pneumoniae,SRR5385904,Resistant,GEN,NA,8,mg/L,Broth dilution,BD Phoenix,CLSI,2013,28512093,NA,2013-09-11,NA
Klebsiella,pneumoniae,SRR5385908,Resistant,GEN,NA,8,mg/L,Broth dilution,BD Phoenix,CLSI,2013,28512093,NA,2013-09-19,NA
Klebsiella,pneumoniae,SRR5385915,Susceptible,GEN,<=,2,mg/L,Broth dilution,BD Phoenix,CLSI,2013,28512093,NA,2013-09-13,NA
Klebsiella,pneumoniae,SRR5385916,Resistant,GEN,NA,8,mg/L,Broth dilution,BD Phoenix,CLSI,2013,28512093,NA,2013-09-27,NA
Klebsiella,pneumoniae,SRR5385918,Resistant,GEN,NA,8,mg/L,Broth dilution,BD Phoenix,CLSI,2013,28512093,NA,2013-09-23,NA
Klebsiella,pneumoniae,SRR5385923,Susceptible,GEN,<=,2,mg/L,Broth dilution,BD Phoenix,CLSI,2013,28512093,NA,2013-08-26,NA
Klebsiella,pneumoniae,SRR5385924,Intermediate,GEN,NA,4,mg/L,Broth dilution,BD Phoenix,CLSI,2013,28512093,NA,2013-09-13,NA
Klebsiella,pneumoniae,SRR5385925,Intermediate,GEN,NA,4,mg/L,Broth dilution,BD Phoenix,CLSI,2013,28512093,NA,2013-09-12,NA
Klebsiella,pneumoniae,SRR5385926,Resistant,GEN,NA,8,mg/L,Broth dilution,BD Phoenix,CLSI,2013,28512093,NA,2013-07-29,NA
Klebsiella,pneumoniae,SRR5385928,Intermediate,GEN,NA,4,mg/L,Broth dilution,BD Phoenix,CLSI,2013,28512093,NA,2013-07-22,NA
Klebsiella,pneumoniae,SRR5385929,Susceptible,GEN,<=,2,mg/L,Broth dilution,BD Phoenix,CLSI,2013,28512093,NA,2013-07-24,NA
Klebsiella,pneumoniae,SRR5385930,Resistant,GEN,NA,8,mg/L,Broth dilution,BD Phoenix,CLSI,2013,28512093,NA,2013-08-10,NA
Klebsiella,pneumoniae,SRR5385931,Resistant,GEN,NA,8,mg/L,Broth dilution,BD Phoenix,CLSI,2013,28512093,NA,2013-08-01,NA
Klebsiella,pneumoniae,SRR5385932,Resistant,GEN,NA,8,mg/L,Broth dilution,BD Phoenix,CLSI,2013,28512093,NA,2013-08-02,NA
Klebsiella,pneumoniae,SRR5385935,Susceptible,GEN,<=,2,mg/L,Broth dilution,BD Phoenix,CLSI,2013,28512093,NA,2014-11-10,NA
Klebsiella,pneumoniae,SRR5385937,Susceptible,GEN,<=,2,mg/L,Broth dilution,BD Phoenix,CLSI,2013,28512093,NA,2014-11-06,NA
Klebsiella,pneumoniae,SRR5385944,Susceptible,GEN,<=,2,mg/L,Broth dilution,BD Phoenix,CLSI,2013,28512093,NA,2014-11-18,NA
Klebsiella,pneumoniae,SRR5385946,Intermediate,GEN,NA,4,mg/L,Broth dilution,BD Phoenix,CLSI,2013,28512093,NA,2014-11-12,NA
Klebsiella,pneumoniae,SRR5385953,Intermediate,GEN,NA,4,mg/L,Broth dilution,BD Phoenix,CLSI,2013,28512093,NA,2014-10-19,NA
Klebsiella,pneumoniae,SRR5385964,Resistant,GEN,NA,8,mg/L,Broth dilution,BD Phoenix,CLSI,2013,28512093,NA,2014-10-22,NA
Klebsiella,pneumoniae,SRR5385967,Susceptible,GEN,<=,2,mg/L,Broth dilution,BD Phoenix,CLSI,2013,28512093,NA,2014-10-24,NA
Klebsiella,pneumoniae,SRR5385976,Susceptible,GEN,<=,2,mg/L,Broth dilution,BD Phoenix,CLSI,2013,28512093,NA,2014-10-26,NA
Klebsiella,pneumoniae,SRR5385978,Intermediate,GEN,NA,4,mg/L,Broth dilution,BD Phoenix,CLSI,2013,28512093,NA,2014-10-28,NA
Klebsiella,pneumoniae,SRR5385984,Susceptible,GEN,<=,2,mg/L,Broth dilution,BD Phoenix,CLSI,2013,28512093,NA,2014-10-08,NA
Klebsiella,pneumoniae,SRR5385992,Susceptible,GEN,<=,2,mg/L,Broth dilution,BD Phoenix,CLSI,2013,28512093,NA,2014-10-04,NA
Klebsiella,pneumoniae,SRR5385999,Resistant,GEN,NA,8,mg/L,Broth dilution,BD Phoenix,CLSI,2013,28512093,NA,2014-09-22,NA
Klebsiella,pneumoniae,SRR5386003,Susceptible,GEN,<=,2,mg/L,Broth dilution,BD Phoenix,CLSI,2013,28512093,NA,2014-09-28,NA
Klebsiella,pneumoniae,SRR5386025,Susceptible,GEN,<=,2,mg/L,Broth dilution,BD Phoenix,CLSI,2013,28512093,NA,2014-10-02,NA
Klebsiella,pneumoniae,SRR5386027,Susceptible,GEN,<=,2,mg/L,Broth dilution,BD Phoenix,CLSI,2013,28512093,NA,2014-09-21,NA
Klebsiella,pneumoniae,SRR5386030,Resistant,GEN,NA,8,mg/L,Broth dilution,BD Phoenix,CLSI,2013,28512093,NA,2014-09-28,NA
Klebsiella,pneumoniae,SRR5386032,Susceptible,GEN,<=,2,mg/L,Broth dilution,BD Phoenix,CLSI,2013,28512093,NA,2014-10-05,NA
Klebsiella,pneumoniae,SRR5386036,Resistant,GEN,NA,8,mg/L,Broth dilution,BD Phoenix,CLSI,2013,28512093,NA,2014-10-08,NA
Klebsiella,pneumoniae,SRR5386037,Susceptible,GEN,<=,2,mg/L,Broth dilution,BD Phoenix,CLSI,2013,28512093,NA,2014-09-24,NA
Klebsiella,pneumoniae,SRR5386038,Resistant,GEN,NA,8,mg/L,Broth dilution,BD Phoenix,CLSI,2013,28512093,NA,2014-09-15,NA
Klebsiella,pneumoniae,SRR5386039,Susceptible,GEN,<=,2,mg/L,Broth dilution,BD Phoenix,CLSI,2013,28512093,NA,2014-09-09,NA
Klebsiella,pneumoniae,SRR5386041,Resistant,GEN,NA,8,mg/L,Broth dilution,BD Phoenix,CLSI,2013,28512093,NA,2014-09-19,NA
Klebsiella,pneumoniae,SRR5386042,Resistant,GEN,NA,8,mg/L,Broth dilution,BD Phoenix,CLSI,2013,28512093,NA,2014-08-18,NA
Klebsiella,pneumoniae,SRR5386043,Resistant,GEN,NA,8,mg/L,Broth dilution,BD Phoenix,CLSI,2013,28512093,NA,2014-08-26,NA
Klebsiella,pneumoniae,SRR5386049,Susceptible,GEN,<=,2,mg/L,Broth dilution,BD Phoenix,CLSI,2013,28512093,NA,2014-09-14,NA
Klebsiella,pneumoniae,SRR5386050,Intermediate,GEN,NA,4,mg/L,Broth dilution,BD Phoenix,CLSI,2013,28512093,NA,2014-08-29,NA
Klebsiella,pneumoniae,SRR5386052,Susceptible,GEN,<=,2,mg/L,Broth dilution,BD Phoenix,CLSI,2013,28512093,NA,2014-09-21,NA
Klebsiella,pneumoniae,SRR5386057,Resistant,GEN,NA,8,mg/L,Broth dilution,BD Phoenix,CLSI,2013,28512093,NA,2014-08-17,NA
Klebsiella,pneumoniae,SRR5386062,Resistant,GEN,NA,8,mg/L,Broth dilution,BD Phoenix,CLSI,2013,28512093,NA,2014-09-15,NA
Klebsiella,pneumoniae,SRR5386068,Resistant,GEN,NA,8,mg/L,Broth dilution,BD Phoenix,CLSI,2013,28512093,NA,2014-08-26,NA
Klebsiella,pneumoniae,SRR5386069,Resistant,GEN,NA,8,mg/L,Broth dilution,BD Phoenix,CLSI,2013,28512093,NA,2014-09-17,NA
Klebsiella,pneumoniae,SRR5386072,Intermediate,GEN,NA,4,mg/L,Broth dilution,BD Phoenix,CLSI,2013,28512093,NA,2014-09-13,NA
Klebsiella,pneumoniae,SRR5386075,Susceptible,GEN,<=,2,mg/L,Broth dilution,BD Phoenix,CLSI,2013,28512093,NA,2014-09-18,NA
Klebsiella,pneumoniae,SRR5386078,Resistant,GEN,NA,8,mg/L,Broth dilution,BD Phoenix,CLSI,2013,28512093,NA,2014-08-28,NA
Klebsiella,pneumoniae,SRR5386079,Intermediate,GEN,NA,4,mg/L,Broth dilution,BD Phoenix,CLSI,2013,28512093,NA,2014-08-18,NA
Klebsiella,pneumoniae,SRR5386084,Resistant,GEN,NA,8,mg/L,Broth dilution,BD Phoenix,CLSI,2013,28512093,NA,2014-09-13,NA
Klebsiella,pneumoniae,SRR5386087,Resistant,GEN,NA,8,mg/L,Broth dilution,BD Phoenix,CLSI,2013,28512093,NA,2014-09-18,NA
Klebsiella,pneumoniae,SRR5386092,Intermediate,GEN,NA,4,mg/L,Broth dilution,BD Phoenix,CLSI,2013,28512093,NA,2014-08-28,NA
Klebsiella,pneumoniae,SRR5386093,Resistant,GEN,NA,8,mg/L,Broth dilution,BD Phoenix,CLSI,2013,28512093,NA,2014-08-25,NA
Klebsiella,pneumoniae,SRR5386096,Susceptible,GEN,<=,2,mg/L,Broth dilution,BD Phoenix,CLSI,2013,28512093,NA,2014-09-16,NA
Klebsiella,pneumoniae,SRR5386101,Resistant,GEN,NA,8,mg/L,Broth dilution,BD Phoenix,CLSI,2013,28512093,NA,2014-09-11,NA
Klebsiella,pneumoniae,SRR5386103,Susceptible,GEN,<=,2,mg/L,Broth dilution,BD Phoenix,CLSI,2013,28512093,NA,2014-08-14,NA
Klebsiella,pneumoniae,SRR5386107,Resistant,GEN,NA,8,mg/L,Broth dilution,BD Phoenix,CLSI,2013,28512093,NA,2014-07-08,NA
Klebsiella,pneumoniae,SRR5386109,Intermediate,GEN,NA,4,mg/L,Broth dilution,BD Phoenix,CLSI,2013,28512093,NA,2014-06-24,NA
Klebsiella,pneumoniae,SRR5386121,Intermediate,GEN,NA,4,mg/L,Broth dilution,BD Phoenix,CLSI,2013,28512093,NA,2014-09-17,NA
Klebsiella,pneumoniae,SRR5386122,Intermediate,GEN,NA,4,mg/L,Broth dilution,BD Phoenix,CLSI,2013,28512093,NA,2014-08-24,NA
Klebsiella,pneumoniae,SRR5386126,Intermediate,GEN,NA,4,mg/L,Broth dilution,BD Phoenix,CLSI,2013,28512093,NA,2014-08-18,NA
Klebsiella,pneumoniae,SRR5386127,Susceptible,GEN,<=,2,mg/L,Broth dilution,BD Phoenix,CLSI,2013,28512093,NA,2014-08-21,NA
Klebsiella,pneumoniae,SRR5386130,Susceptible,GEN,<=,2,mg/L,Broth dilution,BD Phoenix,CLSI,2013,28512093,NA,2014-06-16,NA
Klebsiella,pneumoniae,SRR5386131,Resistant,GEN,NA,8,mg/L,Broth dilution,BD Phoenix,CLSI,2013,28512093,NA,2014-07-14,NA
Klebsiella,pneumoniae,SRR5386135,Susceptible,GEN,<=,2,mg/L,Broth dilution,BD Phoenix,CLSI,2013,28512093,NA,2014-06-29,NA
Klebsiella,pneumoniae,SRR5386137,Susceptible,GEN,<=,2,mg/L,Broth dilution,BD Phoenix,CLSI,2013,28512093,NA,2014-06-16,NA
Klebsiella,pneumoniae,SRR5386143,Susceptible,GEN,<=,2,mg/L,Broth dilution,BD Phoenix,CLSI,2013,28512093,NA,2014-08-10,NA
Klebsiella,pneumoniae,SRR5386148,Susceptible,GEN,<=,2,mg/L,Broth dilution,BD Phoenix,CLSI,2013,28512093,NA,2014-07-30,NA
Klebsiella,pneumoniae,SRR5386149,Susceptible,GEN,<=,2,mg/L,Broth dilution,BD Phoenix,CLSI,2013,28512093,NA,2014-08-08,NA
Klebsiella,pneumoniae,SRR5386154,Resistant,GEN,NA,8,mg/L,Broth dilution,BD Phoenix,CLSI,2013,28512093,NA,2014-07-28,NA
Klebsiella,pneumoniae,SRR5386155,Susceptible,GEN,<=,2,mg/L,Broth dilution,BD Phoenix,CLSI,2013,28512093,NA,2014-07-28,NA
Klebsiella,pneumoniae,SRR5386163,Susceptible,GEN,<=,2,mg/L,Broth dilution,BD Phoenix,CLSI,2013,28512093,NA,2012-10-07,NA
Klebsiella,pneumoniae,SRR5386165,Intermediate,GEN,NA,4,mg/L,Broth dilution,BD Phoenix,CLSI,2013,28512093,NA,2012-10-05,NA
Klebsiella,pneumoniae,SRR5386166,Resistant,GEN,NA,8,mg/L,Broth dilution,BD Phoenix,CLSI,2013,28512093,NA,2012-10-01,NA
Klebsiella,pneumoniae,SRR5386168,Resistant,GEN,NA,8,mg/L,Broth dilution,BD Phoenix,CLSI,2013,28512093,NA,2012-10-01,NA
Klebsiella,pneumoniae,SRR5386170,Susceptible,GEN,<=,2,mg/L,Broth dilution,BD Phoenix,CLSI,2013,28512093,NA,2012-10-01,NA
Klebsiella,pneumoniae,SRR5386171,Resistant,GEN,NA,8,mg/L,Broth dilution,BD Phoenix,CLSI,2013,28512093,NA,2012-09-30,NA
Klebsiella,pneumoniae,SRR5386179,Intermediate,GEN,NA,4,mg/L,Broth dilution,BD Phoenix,CLSI,2013,28512093,NA,2012-09-17,NA
Klebsiella,pneumoniae,SRR5386182,Susceptible,GEN,<=,2,mg/L,Broth dilution,BD Phoenix,CLSI,2013,28512093,NA,2012-09-12,NA
Klebsiella,pneumoniae,SRR5386183,Resistant,GEN,NA,8,mg/L,Broth dilution,BD Phoenix,CLSI,2013,28512093,NA,2012-09-14,NA
Klebsiella,pneumoniae,SRR5386186,Resistant,GEN,NA,8,mg/L,Broth dilution,BD Phoenix,CLSI,2013,28512093,NA,2012-09-13,NA
Klebsiella,pneumoniae,SRR5386191,Susceptible,GEN,<=,2,mg/L,Broth dilution,BD Phoenix,CLSI,2013,28512093,NA,2012-09-12,NA
Klebsiella,pneumoniae,SRR5386192,Susceptible,GEN,<=,2,mg/L,Broth dilution,BD Phoenix,CLSI,2013,28512093,NA,2012-09-10,NA
Klebsiella,pneumoniae,SRR5386193,Resistant,GEN,NA,8,mg/L,Broth dilution,BD Phoenix,CLSI,2013,28512093,NA,2012-09-05,NA
Klebsiella,pneumoniae,SRR5386194,Intermediate,GEN,NA,4,mg/L,Broth dilution,BD Phoenix,CLSI,2013,28512093,NA,2012-09-07,NA
Klebsiella,pneumoniae,SRR5386196,Intermediate,GEN,NA,4,mg/L,Broth dilution,BD Phoenix,CLSI,2013,28512093,NA,2012-09-03,NA
Klebsiella,pneumoniae,SRR5386197,Resistant,GEN,NA,8,mg/L,Broth dilution,BD Phoenix,CLSI,2013,28512093,NA,2012-05-26,NA
Klebsiella,pneumoniae,SRR5386199,Resistant,GEN,NA,8,mg/L,Broth dilution,BD Phoenix,CLSI,2013,28512093,NA,2012-05-26,NA
Klebsiella,pneumoniae,SRR5386203,Resistant,GEN,NA,8,mg/L,Broth dilution,BD Phoenix,CLSI,2013,28512093,NA,2012-05-24,NA
Klebsiella,pneumoniae,SRR5386206,Resistant,GEN,NA,8,mg/L,Broth dilution,BD Phoenix,CLSI,2013,28512093,NA,2012-06-20,NA
Klebsiella,pneumoniae,SRR5386207,Resistant,GEN,NA,8,mg/L,Broth dilution,BD Phoenix,CLSI,2013,28512093,NA,2012-09-02,NA
Klebsiella,pneumoniae,SRR5386210,Resistant,GEN,NA,8,mg/L,Broth dilution,BD Phoenix,CLSI,2013,28512093,NA,2012-05-23,NA
Klebsiella,pneumoniae,SRR5386213,Intermediate,GEN,NA,4,mg/L,Broth dilution,BD Phoenix,CLSI,2013,28512093,NA,2012-09-02,NA
Klebsiella,pneumoniae,SRR5386215,Susceptible,GEN,<=,2,mg/L,Broth dilution,BD Phoenix,CLSI,2013,28512093,NA,2012-08-23,NA
Klebsiella,pneumoniae,SRR5386221,Susceptible,GEN,<=,2,mg/L,Broth dilution,BD Phoenix,CLSI,2013,28512093,NA,2012-09-01,NA
Klebsiella,pneumoniae,SRR5386222,Susceptible,GEN,<=,2,mg/L,Broth dilution,BD Phoenix,CLSI,2013,28512093,NA,2012-05-24,NA
Klebsiella,pneumoniae,SRR5386224,Resistant,GEN,NA,8,mg/L,Broth dilution,BD Phoenix,CLSI,2013,28512093,NA,2012-05-15,NA
Klebsiella,pneumoniae,SRR5386225,Susceptible,GEN,<=,2,mg/L,Broth dilution,BD Phoenix,CLSI,2013,28512093,NA,2012-08-30,NA
Klebsiella,pneumoniae,SRR5386226,Susceptible,GEN,<=,2,mg/L,Broth dilution,BD Phoenix,CLSI,2013,28512093,NA,2012-08-30,NA
Klebsiella,pneumoniae,SRR5386228,Resistant,GEN,NA,8,mg/L,Broth dilution,BD Phoenix,CLSI,2013,28512093,NA,2012-06-10,NA
Klebsiella,pneumoniae,SRR5386229,Intermediate,GEN,NA,4,mg/L,Broth dilution,BD Phoenix,CLSI,2013,28512093,NA,2012-08-31,NA
Klebsiella,pneumoniae,SRR5386236,Susceptible,GEN,<=,2,mg/L,Broth dilution,BD Phoenix,CLSI,2013,28512093,NA,2012-08-25,NA
Klebsiella,pneumoniae,SRR5386239,Resistant,GEN,NA,8,mg/L,Broth dilution,BD Phoenix,CLSI,2013,28512093,NA,2012-08-14,NA
Klebsiella,pneumoniae,SRR5386241,Resistant,GEN,NA,8,mg/L,Broth dilution,BD Phoenix,CLSI,2013,28512093,NA,2012-08-14,NA
Klebsiella,pneumoniae,SRR5386246,Resistant,GEN,NA,8,mg/L,Broth dilution,BD Phoenix,CLSI,2013,28512093,NA,2012-08-14,NA
Klebsiella,pneumoniae,SRR5386249,Resistant,GEN,NA,8,mg/L,Broth dilution,BD Phoenix,CLSI,2013,28512093,NA,2012-08-11,NA
Klebsiella,pneumoniae,SRR5386250,Resistant,GEN,NA,8,mg/L,Broth dilution,BD Phoenix,CLSI,2013,28512093,NA,2012-07-10,NA
Klebsiella,pneumoniae,SRR5386257,Resistant,GEN,NA,8,mg/L,Broth dilution,BD Phoenix,CLSI,2013,28512093,NA,2012-07-30,NA
Klebsiella,pneumoniae,SRR5386258,Resistant,GEN,NA,8,mg/L,Broth dilution,BD Phoenix,CLSI,2013,28512093,NA,2012-07-29,NA
Klebsiella,pneumoniae,SRR5386259,Resistant,GEN,NA,8,mg/L,Broth dilution,BD Phoenix,CLSI,2013,28512093,NA,2012-07-30,NA
Klebsiella,pneumoniae,SRR5386260,Resistant,GEN,NA,8,mg/L,Broth dilution,BD Phoenix,CLSI,2013,28512093,NA,2012-07-24,NA
Klebsiella,pneumoniae,SRR5386265,Susceptible,GEN,<=,2,mg/L,Broth dilution,BD Phoenix,CLSI,2013,28512093,NA,2012-07-12,NA
Klebsiella,pneumoniae,SRR5386266,Resistant,GEN,NA,8,mg/L,Broth dilution,BD Phoenix,CLSI,2013,28512093,NA,2012-07-12,NA
Klebsiella,pneumoniae,SRR5386268,Susceptible,GEN,<=,2,mg/L,Broth dilution,BD Phoenix,CLSI,2013,28512093,NA,2012-07-03,NA
Klebsiella,pneumoniae,SRR5386270,Resistant,GEN,NA,8,mg/L,Broth dilution,BD Phoenix,CLSI,2013,28512093,NA,2012-07-04,NA
Klebsiella,pneumoniae,SRR5386273,Resistant,GEN,NA,8,mg/L,Broth dilution,BD Phoenix,CLSI,2013,28512093,NA,2012-07-06,NA
Klebsiella,pneumoniae,SRR5386285,Resistant,GEN,NA,8,mg/L,Broth dilution,BD Phoenix,CLSI,2013,28512093,NA,2012-06-13,NA
Klebsiella,pneumoniae,SRR5386289,Intermediate,GEN,NA,4,mg/L,Broth dilution,BD Phoenix,CLSI,2013,28512093,NA,2012-06-11,NA
Klebsiella,pneumoniae,SRR5386293,Susceptible,GEN,<=,2,mg/L,Broth dilution,BD Phoenix,CLSI,2013,28512093,NA,2012-06-16,NA
Klebsiella,pneumoniae,SRR5386297,Susceptible,GEN,<=,2,mg/L,Broth dilution,BD Phoenix,CLSI,2013,28512093,NA,2012-06-07,NA
Klebsiella,pneumoniae,SRR5386298,Resistant,GEN,NA,8,mg/L,Broth dilution,BD Phoenix,CLSI,2013,28512093,NA,2012-06-07,NA
Klebsiella,pneumoniae,SRR5386301,Resistant,GEN,NA,8,mg/L,Broth dilution,BD Phoenix,CLSI,2013,28512093,NA,2012-06-01,NA
Klebsiella,pneumoniae,SRR5386304,Intermediate,GEN,NA,4,mg/L,Broth dilution,BD Phoenix,CLSI,2013,28512093,NA,2012-05-30,NA
Klebsiella,pneumoniae,SRR5386305,Resistant,GEN,NA,8,mg/L,Broth dilution,BD Phoenix,CLSI,2013,28512093,NA,2012-06-01,NA
Klebsiella,pneumoniae,SRR5386306,Susceptible,GEN,<=,2,mg/L,Broth dilution,BD Phoenix,CLSI,2013,28512093,NA,2012-05-31,NA
Klebsiella,pneumoniae,SRR5386307,Intermediate,GEN,NA,4,mg/L,Broth dilution,BD Phoenix,CLSI,2013,28512093,NA,2012-05-14,NA
Klebsiella,pneumoniae,SRR5386309,Susceptible,GEN,<=,2,mg/L,Broth dilution,BD Phoenix,CLSI,2013,28512093,NA,2012-05-20,NA
Klebsiella,pneumoniae,SRR5386310,Susceptible,GEN,<=,2,mg/L,Broth dilution,BD Phoenix,CLSI,2013,28512093,NA,2012-05-20,NA
Klebsiella,pneumoniae,SRR5386313,Susceptible,GEN,<=,2,mg/L,Broth dilution,BD Phoenix,CLSI,2013,28512093,NA,2012-05-24,NA
Klebsiella,pneumoniae,SRR5386314,Susceptible,GEN,<=,2,mg/L,Broth dilution,BD Phoenix,CLSI,2013,28512093,NA,2012-05-10,NA
Klebsiella,pneumoniae,SRR5386319,Intermediate,GEN,NA,4,mg/L,Broth dilution,BD Phoenix,CLSI,2013,28512093,NA,2012-05-03,NA
Klebsiella,pneumoniae,SRR5386323,Resistant,GEN,NA,8,mg/L,Broth dilution,BD Phoenix,CLSI,2013,28512093,NA,2012-04-30,NA
Klebsiella,pneumoniae,SRR5386324,Resistant,GEN,NA,8,mg/L,Broth dilution,BD Phoenix,CLSI,2013,28512093,NA,2012-04-30,NA
Klebsiella,pneumoniae,SRR5386325,Resistant,GEN,NA,8,mg/L,Broth dilution,BD Phoenix,CLSI,2013,28512093,NA,2012-04-30,NA
Klebsiella,pneumoniae,SRR5386328,Susceptible,GEN,<=,2,mg/L,Broth dilution,BD Phoenix,CLSI,2013,28512093,NA,2012-04-26,NA
Klebsiella,pneumoniae,SRR5386332,Resistant,GEN,NA,8,mg/L,Broth dilution,BD Phoenix,CLSI,2013,28512093,NA,2012-04-22,NA
Klebsiella,pneumoniae,SRR5386333,Resistant,GEN,NA,8,mg/L,Broth dilution,BD Phoenix,CLSI,2013,28512093,NA,2012-04-17,NA
Klebsiella,pneumoniae,SRR5386335,Susceptible,GEN,<=,2,mg/L,Broth dilution,BD Phoenix,CLSI,2013,28512093,NA,2012-04-11,NA
Klebsiella,pneumoniae,SRR5386345,Susceptible,GEN,<=,2,mg/L,Broth dilution,BD Phoenix,CLSI,2013,28512093,NA,2012-04-06,NA
Klebsiella,pneumoniae,SRR5386346,Resistant,GEN,NA,8,mg/L,Broth dilution,BD Phoenix,CLSI,2013,28512093,NA,2012-04-04,NA
Klebsiella,pneumoniae,SRR5386356,Resistant,GEN,NA,8,mg/L,Broth dilution,BD Phoenix,CLSI,2013,28512093,NA,2012-03-27,NA
Klebsiella,pneumoniae,SRR5386357,Intermediate,GEN,NA,4,mg/L,Broth dilution,BD Phoenix,CLSI,2013,28512093,NA,2012-03-22,NA
Klebsiella,pneumoniae,SRR5386359,Resistant,GEN,NA,8,mg/L,Broth dilution,BD Phoenix,CLSI,2013,28512093,NA,2012-03-22,NA
Klebsiella,pneumoniae,SRR5386370,Resistant,GEN,NA,8,mg/L,Broth dilution,BD Phoenix,CLSI,2013,28512093,NA,2012-03-15,NA
Klebsiella,pneumoniae,SRR5386371,Resistant,GEN,NA,8,mg/L,Broth dilution,BD Phoenix,CLSI,2013,28512093,NA,2012-03-16,NA
Klebsiella,pneumoniae,SRR5386373,Susceptible,GEN,<=,2,mg/L,Broth dilution,BD Phoenix,CLSI,2013,28512093,NA,2012-03-17,NA
Klebsiella,pneumoniae,SRR5386374,Susceptible,GEN,<=,2,mg/L,Broth dilution,BD Phoenix,CLSI,2013,28512093,NA,2012-03-15,NA
Klebsiella,pneumoniae,SRR5386383,Susceptible,GEN,<=,2,mg/L,Broth dilution,BD Phoenix,CLSI,2013,28512093,NA,2012-03-03,NA
Klebsiella,pneumoniae,SRR5386387,Susceptible,GEN,<=,2,mg/L,Broth dilution,BD Phoenix,CLSI,2013,28512093,NA,2012-02-28,NA
Klebsiella,pneumoniae,SRR5386391,Susceptible,GEN,<=,2,mg/L,Broth dilution,BD Phoenix,CLSI,2013,28512093,NA,2012-02-23,NA
Klebsiella,pneumoniae,SRR5386393,Susceptible,GEN,<=,2,mg/L,Broth dilution,BD Phoenix,CLSI,2013,28512093,NA,2012-02-23,NA
Klebsiella,pneumoniae,SRR5386394,Intermediate,GEN,NA,4,mg/L,Broth dilution,BD Phoenix,CLSI,2013,28512093,NA,2012-02-24,NA
Klebsiella,pneumoniae,SRR5386415,Susceptible,GEN,<=,2,mg/L,Broth dilution,BD Phoenix,CLSI,2013,28512093,NA,2012-02-03,NA
Klebsiella,pneumoniae,SRR5386416,Susceptible,GEN,<=,2,mg/L,Broth dilution,BD Phoenix,CLSI,2013,28512093,NA,2012-02-01,NA
Klebsiella,pneumoniae,SRR5386420,Susceptible,GEN,<=,2,mg/L,Broth dilution,BD Phoenix,CLSI,2013,28512093,NA,2012-01-27,NA
Klebsiella,pneumoniae,SRR5386428,Resistant,GEN,NA,8,mg/L,Broth dilution,BD Phoenix,CLSI,2013,28512093,NA,2012-01-21,NA
Klebsiella,pneumoniae,SRR5386429,Intermediate,GEN,NA,4,mg/L,Broth dilution,BD Phoenix,CLSI,2013,28512093,NA,2012-01-19,NA
Klebsiella,pneumoniae,SRR5386439,Resistant,GEN,NA,8,mg/L,Broth dilution,BD Phoenix,CLSI,2013,28512093,NA,2011-12-23,NA
Klebsiella,pneumoniae,SRR5386451,Susceptible,GEN,<=,2,mg/L,Broth dilution,BD Phoenix,CLSI,2013,28512093,NA,2011-12-13,NA
Klebsiella,pneumoniae,SRR5386453,Resistant,GEN,NA,8,mg/L,Broth dilution,BD Phoenix,CLSI,2013,28512093,NA,2011-12-13,NA
Klebsiella,pneumoniae,SRR5386454,Susceptible,GEN,<=,2,mg/L,Broth dilution,BD Phoenix,CLSI,2013,28512093,NA,2011-12-15,NA
Klebsiella,pneumoniae,SRR5386456,Resistant,GEN,NA,8,mg/L,Broth dilution,BD Phoenix,CLSI,2013,28512093,NA,2011-12-12,NA
Klebsiella,pneumoniae,SRR5386468,Susceptible,GEN,<=,2,mg/L,Broth dilution,BD Phoenix,CLSI,2013,28512093,NA,2013-07-21,NA
Klebsiella,pneumoniae,SRR5386469,Susceptible,GEN,<=,2,mg/L,Broth dilution,BD Phoenix,CLSI,2013,28512093,NA,2013-07-26,NA
Klebsiella,pneumoniae,SRR5386476,Intermediate,GEN,NA,4,mg/L,Broth dilution,BD Phoenix,CLSI,2013,28512093,NA,2013-07-22,NA
Klebsiella,pneumoniae,SRR5386479,Intermediate,GEN,NA,4,mg/L,Broth dilution,BD Phoenix,CLSI,2013,28512093,NA,2013-07-22,NA
Klebsiella,pneumoniae,SRR5386486,Intermediate,GEN,NA,4,mg/L,Broth dilution,BD Phoenix,CLSI,2013,28512093,NA,2013-09-24,NA
Klebsiella,pneumoniae,SRR5386492,Resistant,GEN,NA,8,mg/L,Broth dilution,BD Phoenix,CLSI,2013,28512093,NA,2013-07-16,NA
Klebsiella,pneumoniae,SRR5386498,Resistant,GEN,NA,8,mg/L,Broth dilution,BD Phoenix,CLSI,2013,28512093,NA,2013-09-21,NA
Klebsiella,pneumoniae,SRR5386503,Susceptible,GEN,<=,2,mg/L,Broth dilution,BD Phoenix,CLSI,2013,28512093,NA,2013-06-11,NA
Klebsiella,pneumoniae,SRR5386504,Resistant,GEN,NA,8,mg/L,Broth dilution,BD Phoenix,CLSI,2013,28512093,NA,2013-06-02,NA
Klebsiella,pneumoniae,SRR5386507,Resistant,GEN,NA,8,mg/L,Broth dilution,BD Phoenix,CLSI,2013,28512093,NA,2013-06-06,NA
Klebsiella,pneumoniae,SRR5386511,Resistant,GEN,NA,8,mg/L,Broth dilution,BD Phoenix,CLSI,2013,28512093,NA,2013-06-06,NA
Klebsiella,pneumoniae,SRR5386520,Resistant,GEN,NA,8,mg/L,Broth dilution,BD Phoenix,CLSI,2013,28512093,NA,2013-05-28,NA
Klebsiella,pneumoniae,SRR5386524,Resistant,GEN,NA,8,mg/L,Broth dilution,BD Phoenix,CLSI,2013,28512093,NA,2013-05-26,NA
Klebsiella,pneumoniae,SRR5386532,Susceptible,GEN,<=,2,mg/L,Broth dilution,BD Phoenix,CLSI,2013,28512093,NA,2013-05-17,NA
Klebsiella,pneumoniae,SRR5386537,Susceptible,GEN,<=,2,mg/L,Broth dilution,BD Phoenix,CLSI,2013,28512093,NA,2013-05-12,NA
Klebsiella,pneumoniae,SRR5386538,Resistant,GEN,NA,8,mg/L,Broth dilution,BD Phoenix,CLSI,2013,28512093,NA,2013-05-09,NA
Klebsiella,pneumoniae,SRR5386540,Resistant,GEN,NA,8,mg/L,Broth dilution,BD Phoenix,CLSI,2013,28512093,NA,2013-05-15,NA
Klebsiella,pneumoniae,SRR5386542,Resistant,GEN,NA,8,mg/L,Broth dilution,BD Phoenix,CLSI,2013,28512093,NA,2013-05-09,NA
Klebsiella,pneumoniae,SRR5386547,Susceptible,GEN,<=,2,mg/L,Broth dilution,BD Phoenix,CLSI,2013,28512093,NA,2013-05-15,NA
Klebsiella,pneumoniae,SRR5386552,Resistant,GEN,NA,8,mg/L,Broth dilution,BD Phoenix,CLSI,2013,28512093,NA,2013-05-07,NA
Klebsiella,pneumoniae,SRR5386555,Intermediate,GEN,NA,4,mg/L,Broth dilution,BD Phoenix,CLSI,2013,28512093,NA,2013-04-26,NA
Klebsiella,pneumoniae,SRR5386556,Susceptible,GEN,<=,2,mg/L,Broth dilution,BD Phoenix,CLSI,2013,28512093,NA,2013-04-26,NA
Klebsiella,pneumoniae,SRR5386563,Intermediate,GEN,NA,4,mg/L,Broth dilution,BD Phoenix,CLSI,2013,28512093,NA,2013-04-11,NA
Klebsiella,pneumoniae,SRR5386568,Intermediate,GEN,NA,4,mg/L,Broth dilution,BD Phoenix,CLSI,2013,28512093,NA,2013-04-15,NA
Klebsiella,pneumoniae,SRR5386573,Intermediate,GEN,NA,4,mg/L,Broth dilution,BD Phoenix,CLSI,2013,28512093,NA,2013-04-09,NA
Klebsiella,pneumoniae,SRR5386574,Resistant,GEN,NA,8,mg/L,Broth dilution,BD Phoenix,CLSI,2013,28512093,NA,2013-04-11,NA
Klebsiella,pneumoniae,SRR5386591,Resistant,GEN,NA,8,mg/L,Broth dilution,BD Phoenix,CLSI,2013,28512093,NA,2013-03-28,NA
Klebsiella,pneumoniae,SRR5386595,Resistant,GEN,NA,8,mg/L,Broth dilution,BD Phoenix,CLSI,2013,28512093,NA,2013-04-11,NA
Klebsiella,pneumoniae,SRR5386596,Resistant,GEN,NA,8,mg/L,Broth dilution,BD Phoenix,CLSI,2013,28512093,NA,2013-04-05,NA
Klebsiella,pneumoniae,SRR5386599,Susceptible,GEN,<=,2,mg/L,Broth dilution,BD Phoenix,CLSI,2013,28512093,NA,2013-04-06,NA
Klebsiella,pneumoniae,SRR5386600,Susceptible,GEN,<=,2,mg/L,Broth dilution,BD Phoenix,CLSI,2013,28512093,NA,2013-04-09,NA
Klebsiella,pneumoniae,SRR5386601,Resistant,GEN,NA,8,mg/L,Broth dilution,BD Phoenix,CLSI,2013,28512093,NA,2013-04-08,NA
Klebsiella,pneumoniae,SRR5386602,Resistant,GEN,NA,8,mg/L,Broth dilution,BD Phoenix,CLSI,2013,28512093,NA,2013-04-02,NA
Klebsiella,pneumoniae,SRR5386614,Intermediate,GEN,NA,4,mg/L,Broth dilution,BD Phoenix,CLSI,2013,28512093,NA,2014-08-08,NA
Klebsiella,pneumoniae,SRR5386615,Resistant,GEN,NA,8,mg/L,Broth dilution,BD Phoenix,CLSI,2013,28512093,NA,2014-07-28,NA
Klebsiella,pneumoniae,SRR5386622,Resistant,GEN,NA,8,mg/L,Broth dilution,BD Phoenix,CLSI,2013,28512093,NA,2014-07-24,NA
Klebsiella,pneumoniae,SRR5386623,Susceptible,GEN,<=,2,mg/L,Broth dilution,BD Phoenix,CLSI,2013,28512093,NA,2014-07-19,NA
Klebsiella,pneumoniae,SRR5386627,Susceptible,GEN,<=,2,mg/L,Broth dilution,BD Phoenix,CLSI,2013,28512093,NA,2014-07-25,NA
Klebsiella,pneumoniae,SRR5386629,Susceptible,GEN,<=,2,mg/L,Broth dilution,BD Phoenix,CLSI,2013,28512093,NA,2014-07-23,NA
Klebsiella,pneumoniae,SRR5386630,Resistant,GEN,NA,8,mg/L,Broth dilution,BD Phoenix,CLSI,2013,28512093,NA,2014-07-22,NA
Klebsiella,pneumoniae,SRR5386636,Intermediate,GEN,NA,4,mg/L,Broth dilution,BD Phoenix,CLSI,2013,28512093,NA,2014-08-11,NA
Klebsiella,pneumoniae,SRR5386637,Resistant,GEN,NA,8,mg/L,Broth dilution,BD Phoenix,CLSI,2013,28512093,NA,2014-06-25,NA
Klebsiella,pneumoniae,SRR5386638,Intermediate,GEN,NA,4,mg/L,Broth dilution,BD Phoenix,CLSI,2013,28512093,NA,2014-08-10,NA
Klebsiella,pneumoniae,SRR5386644,Resistant,GEN,NA,8,mg/L,Broth dilution,BD Phoenix,CLSI,2013,28512093,NA,2014-07-07,NA
Klebsiella,pneumoniae,SRR5386654,Susceptible,GEN,<=,2,mg/L,Broth dilution,BD Phoenix,CLSI,2013,28512093,NA,2014-05-29,NA
Klebsiella,pneumoniae,SRR5386656,Susceptible,GEN,<=,2,mg/L,Broth dilution,BD Phoenix,CLSI,2013,28512093,NA,2014-05-29,NA
Klebsiella,pneumoniae,SRR5386660,Resistant,GEN,NA,8,mg/L,Broth dilution,BD Phoenix,CLSI,2013,28512093,NA,2014-05-27,NA
Klebsiella,pneumoniae,SRR5386661,Intermediate,GEN,NA,4,mg/L,Broth dilution,BD Phoenix,CLSI,2013,28512093,NA,2014-05-30,NA
Klebsiella,pneumoniae,SRR5386666,Resistant,GEN,NA,8,mg/L,Broth dilution,BD Phoenix,CLSI,2013,28512093,NA,2014-06-02,NA
Klebsiella,pneumoniae,SRR5386668,Intermediate,GEN,NA,4,mg/L,Broth dilution,BD Phoenix,CLSI,2013,28512093,NA,2014-06-09,NA
Klebsiella,pneumoniae,SRR5386675,Resistant,GEN,NA,8,mg/L,Broth dilution,BD Phoenix,CLSI,2013,28512093,NA,2014-05-27,NA
Klebsiella,pneumoniae,SRR5386682,Resistant,GEN,NA,8,mg/L,Broth dilution,BD Phoenix,CLSI,2013,28512093,NA,2014-06-03,NA
Klebsiella,pneumoniae,SRR5386699,Susceptible,GEN,<=,2,mg/L,Broth dilution,BD Phoenix,CLSI,2013,28512093,NA,2014-06-15,NA
Klebsiella,pneumoniae,SRR5386700,Susceptible,GEN,<=,2,mg/L,Broth dilution,BD Phoenix,CLSI,2013,28512093,NA,2014-05-01,NA
Klebsiella,pneumoniae,SRR5386701,Susceptible,GEN,<=,2,mg/L,Broth dilution,BD Phoenix,CLSI,2013,28512093,NA,2014-05-13,NA
Klebsiella,pneumoniae,SRR5386706,Intermediate,GEN,NA,4,mg/L,Broth dilution,BD Phoenix,CLSI,2013,28512093,NA,2014-05-11,NA
Klebsiella,pneumoniae,SRR5386720,Resistant,GEN,NA,8,mg/L,Broth dilution,BD Phoenix,CLSI,2013,28512093,NA,2014-05-09,NA
Klebsiella,pneumoniae,SRR5386721,Susceptible,GEN,<=,2,mg/L,Broth dilution,BD Phoenix,CLSI,2013,28512093,NA,2014-05-13,NA
Klebsiella,pneumoniae,SRR5386724,Susceptible,GEN,<=,2,mg/L,Broth dilution,BD Phoenix,CLSI,2013,28512093,NA,2014-05-14,NA
Klebsiella,pneumoniae,SRR5386742,Susceptible,GEN,<=,2,mg/L,Broth dilution,BD Phoenix,CLSI,2013,28512093,NA,2014-05-10,NA
Klebsiella,pneumoniae,SRR5386743,Susceptible,GEN,<=,2,mg/L,Broth dilution,BD Phoenix,CLSI,2013,28512093,NA,2014-05-15,NA
Klebsiella,pneumoniae,SRR5386748,Resistant,GEN,NA,8,mg/L,Broth dilution,BD Phoenix,CLSI,2013,28512093,NA,2014-05-06,NA
Klebsiella,pneumoniae,SRR5386749,Susceptible,GEN,<=,2,mg/L,Broth dilution,BD Phoenix,CLSI,2013,28512093,NA,2014-05-07,NA
Klebsiella,pneumoniae,SRR5386755,Resistant,GEN,NA,8,mg/L,Broth dilution,BD Phoenix,CLSI,2013,28512093,NA,2014-05-07,NA
Klebsiella,pneumoniae,SRR5386756,Susceptible,GEN,<=,2,mg/L,Broth dilution,BD Phoenix,CLSI,2013,28512093,NA,2014-05-17,NA
Klebsiella,pneumoniae,SRR5386758,Resistant,GEN,NA,8,mg/L,Broth dilution,BD Phoenix,CLSI,2013,28512093,NA,2014-05-13,NA
Klebsiella,pneumoniae,SRR5386759,Susceptible,GEN,<=,2,mg/L,Broth dilution,BD Phoenix,CLSI,2013,28512093,NA,2014-04-27,NA
Klebsiella,pneumoniae,SRR5386761,Resistant,GEN,NA,8,mg/L,Broth dilution,BD Phoenix,CLSI,2013,28512093,NA,2014-05-01,NA
Klebsiella,pneumoniae,SRR5386765,Resistant,GEN,NA,8,mg/L,Broth dilution,BD Phoenix,CLSI,2013,28512093,NA,2014-04-28,NA
Klebsiella,pneumoniae,SRR5386770,Resistant,GEN,NA,8,mg/L,Broth dilution,BD Phoenix,CLSI,2013,28512093,NA,2014-04-28,NA
Klebsiella,pneumoniae,SRR5386776,Resistant,GEN,NA,8,mg/L,Broth dilution,BD Phoenix,CLSI,2013,28512093,NA,2014-04-23,NA
Klebsiella,pneumoniae,SRR5386784,Intermediate,GEN,NA,4,mg/L,Broth dilution,BD Phoenix,CLSI,2013,28512093,NA,2014-04-20,NA
Klebsiella,pneumoniae,SRR5386785,Intermediate,GEN,NA,4,mg/L,Broth dilution,BD Phoenix,CLSI,2013,28512093,NA,2014-04-20,NA
Klebsiella,pneumoniae,SRR5386796,Resistant,GEN,NA,8,mg/L,Broth dilution,BD Phoenix,CLSI,2013,28512093,NA,2014-04-18,NA
Klebsiella,pneumoniae,SRR5386802,Susceptible,GEN,<=,2,mg/L,Broth dilution,BD Phoenix,CLSI,2013,28512093,NA,2014-03-27,NA
Klebsiella,pneumoniae,SRR5386806,Susceptible,GEN,<=,2,mg/L,Broth dilution,BD Phoenix,CLSI,2013,28512093,NA,2014-03-27,NA
Klebsiella,pneumoniae,SRR5386811,Intermediate,GEN,NA,4,mg/L,Broth dilution,BD Phoenix,CLSI,2013,28512093,NA,2014-03-24,NA
Klebsiella,pneumoniae,SRR5386812,Intermediate,GEN,NA,4,mg/L,Broth dilution,BD Phoenix,CLSI,2013,28512093,NA,2014-03-26,NA
Klebsiella,pneumoniae,SRR5386814,Resistant,GEN,NA,8,mg/L,Broth dilution,BD Phoenix,CLSI,2013,28512093,NA,2014-04-05,NA
Klebsiella,pneumoniae,SRR5386820,Resistant,GEN,NA,8,mg/L,Broth dilution,BD Phoenix,CLSI,2013,28512093,NA,2014-04-06,NA
Klebsiella,pneumoniae,SRR5386827,Resistant,GEN,NA,8,mg/L,Broth dilution,BD Phoenix,CLSI,2013,28512093,NA,2014-04-03,NA
Klebsiella,pneumoniae,SRR5386828,Resistant,GEN,NA,8,mg/L,Broth dilution,BD Phoenix,CLSI,2013,28512093,NA,2014-04-01,NA
Klebsiella,pneumoniae,SRR5386830,Resistant,GEN,NA,8,mg/L,Broth dilution,BD Phoenix,CLSI,2013,28512093,NA,2014-04-03,NA
Klebsiella,pneumoniae,SRR5386831,Resistant,GEN,NA,8,mg/L,Broth dilution,BD Phoenix,CLSI,2013,28512093,NA,2014-04-03,NA
Klebsiella,pneumoniae,SRR5386842,Susceptible,GEN,<=,2,mg/L,Broth dilution,BD Phoenix,CLSI,2013,28512093,NA,2014-03-13,NA
Klebsiella,pneumoniae,SRR5386843,Susceptible,GEN,<=,2,mg/L,Broth dilution,BD Phoenix,CLSI,2013,28512093,NA,2014-03-03,NA
Klebsiella,pneumoniae,SRR5386844,Susceptible,GEN,<=,2,mg/L,Broth dilution,BD Phoenix,CLSI,2013,28512093,NA,2014-03-07,NA
Klebsiella,pneumoniae,SRR5386846,Susceptible,GEN,<=,2,mg/L,Broth dilution,BD Phoenix,CLSI,2013,28512093,NA,2014-03-23,NA
Klebsiella,pneumoniae,SRR5386848,Resistant,GEN,NA,8,mg/L,Broth dilution,BD Phoenix,CLSI,2013,28512093,NA,2014-03-23,NA
Klebsiella,pneumoniae,SRR5386852,Resistant,GEN,NA,8,mg/L,Broth dilution,BD Phoenix,CLSI,2013,28512093,NA,2014-03-09,NA
Klebsiella,pneumoniae,SRR5386924,Resistant,GEN,NA,8,mg/L,Broth dilution,BD Phoenix,CLSI,2013,28512093,NA,2014-03-06,NA
Klebsiella,pneumoniae,SRR5386925,Resistant,GEN,NA,8,mg/L,Broth dilution,BD Phoenix,CLSI,2013,28512093,NA,2014-03-15,NA
Klebsiella,pneumoniae,SRR5386926,Intermediate,GEN,NA,4,mg/L,Broth dilution,BD Phoenix,CLSI,2013,28512093,NA,2014-03-11,NA
Klebsiella,pneumoniae,SRR5386945,Susceptible,GEN,<=,2,mg/L,Broth dilution,BD Phoenix,CLSI,2013,28512093,NA,2014-02-22,NA
Klebsiella,pneumoniae,SRR5386955,Resistant,GEN,NA,8,mg/L,Broth dilution,BD Phoenix,CLSI,2013,28512093,NA,2014-01-27,NA
Klebsiella,pneumoniae,SRR5386958,Susceptible,GEN,<=,2,mg/L,Broth dilution,BD Phoenix,CLSI,2013,28512093,NA,2014-02-12,NA
Klebsiella,pneumoniae,SRR5386959,Resistant,GEN,NA,8,mg/L,Broth dilution,BD Phoenix,CLSI,2013,28512093,NA,2014-02-08,NA
Klebsiella,pneumoniae,SRR5386967,Resistant,GEN,NA,8,mg/L,Broth dilution,BD Phoenix,CLSI,2013,28512093,NA,2014-02-13,NA
Klebsiella,pneumoniae,SRR5386968,Intermediate,GEN,NA,4,mg/L,Broth dilution,BD Phoenix,CLSI,2013,28512093,NA,2014-02-07,NA
Klebsiella,pneumoniae,SRR5386969,Intermediate,GEN,NA,4,mg/L,Broth dilution,BD Phoenix,CLSI,2013,28512093,NA,2014-02-13,NA
Klebsiella,pneumoniae,SRR5386970,Susceptible,GEN,<=,2,mg/L,Broth dilution,BD Phoenix,CLSI,2013,28512093,NA,2014-02-14,NA
Klebsiella,pneumoniae,SRR5386976,Susceptible,GEN,<=,2,mg/L,Broth dilution,BD Phoenix,CLSI,2013,28512093,NA,2014-01-19,NA
Klebsiella,pneumoniae,SRR5386982,Resistant,GEN,NA,8,mg/L,Broth dilution,BD Phoenix,CLSI,2013,28512093,NA,2014-01-23,NA
Klebsiella,pneumoniae,SRR5386984,Intermediate,GEN,NA,4,mg/L,Broth dilution,BD Phoenix,CLSI,2013,28512093,NA,2014-01-22,NA
Klebsiella,pneumoniae,SRR5386998,Resistant,GEN,NA,8,mg/L,Broth dilution,BD Phoenix,CLSI,2013,28512093,NA,2013-03-29,NA
Klebsiella,pneumoniae,SRR5386999,Intermediate,GEN,NA,4,mg/L,Broth dilution,BD Phoenix,CLSI,2013,28512093,NA,2013-03-23,NA
Klebsiella,pneumoniae,SRR5387001,Resistant,GEN,NA,8,mg/L,Broth dilution,BD Phoenix,CLSI,2013,28512093,NA,2013-03-23,NA
Klebsiella,pneumoniae,SRR5387003,Susceptible,GEN,<=,2,mg/L,Broth dilution,BD Phoenix,CLSI,2013,28512093,NA,2013-03-22,NA
Klebsiella,pneumoniae,SRR5387007,Susceptible,GEN,<=,2,mg/L,Broth dilution,BD Phoenix,CLSI,2013,28512093,NA,2013-03-12,NA
Klebsiella,pneumoniae,SRR5387021,Susceptible,GEN,<=,2,mg/L,Broth dilution,BD Phoenix,CLSI,2013,28512093,NA,2013-03-04,NA
Klebsiella,pneumoniae,SRR5387023,Susceptible,GEN,<=,2,mg/L,Broth dilution,BD Phoenix,CLSI,2013,28512093,NA,2013-03-04,NA
Klebsiella,pneumoniae,SRR5387025,Resistant,GEN,NA,8,mg/L,Broth dilution,BD Phoenix,CLSI,2013,28512093,NA,2013-02-27,NA
Klebsiella,pneumoniae,SRR5387027,Susceptible,GEN,<=,2,mg/L,Broth dilution,BD Phoenix,CLSI,2013,28512093,NA,2013-02-20,NA
Klebsiella,pneumoniae,SRR5387029,Resistant,GEN,NA,8,mg/L,Broth dilution,BD Phoenix,CLSI,2013,28512093,NA,2013-02-19,NA
Klebsiella,pneumoniae,SRR5387031,Susceptible,GEN,<=,2,mg/L,Broth dilution,BD Phoenix,CLSI,2013,28512093,NA,2013-02-16,NA
Klebsiella,pneumoniae,SRR5387033,Resistant,GEN,NA,8,mg/L,Broth dilution,BD Phoenix,CLSI,2013,28512093,NA,2013-02-15,NA
Klebsiella,pneumoniae,SRR5387037,Susceptible,GEN,<=,2,mg/L,Broth dilution,BD Phoenix,CLSI,2013,28512093,NA,2013-01-30,NA
Klebsiella,pneumoniae,SRR5387156,Resistant,GEN,NA,8,mg/L,Broth dilution,BD Phoenix,CLSI,2013,28512093,NA,2015-05-01,NA
Klebsiella,pneumoniae,SRR5387159,Resistant,GEN,NA,8,mg/L,Broth dilution,BD Phoenix,CLSI,2013,28512093,NA,2015-04-30,NA
Klebsiella,pneumoniae,SRR5387161,Susceptible,GEN,<=,2,mg/L,Broth dilution,BD Phoenix,CLSI,2013,28512093,NA,2015-04-30,NA
Klebsiella,pneumoniae,SRR5387162,Susceptible,GEN,<=,2,mg/L,Broth dilution,BD Phoenix,CLSI,2013,28512093,NA,2015-05-06,NA
Klebsiella,pneumoniae,SRR5387164,Susceptible,GEN,<=,2,mg/L,Broth dilution,BD Phoenix,CLSI,2013,28512093,NA,2015-05-01,NA
Klebsiella,pneumoniae,SRR5387168,Susceptible,GEN,<=,2,mg/L,Broth dilution,BD Phoenix,CLSI,2013,28512093,NA,2015-04-27,NA
Klebsiella,pneumoniae,SRR5387169,Intermediate,GEN,NA,4,mg/L,Broth dilution,BD Phoenix,CLSI,2013,28512093,NA,2015-04-26,NA
Klebsiella,pneumoniae,SRR5387175,Susceptible,GEN,<=,2,mg/L,Broth dilution,BD Phoenix,CLSI,2013,28512093,NA,2015-04-26,NA
Klebsiella,pneumoniae,SRR5387179,Susceptible,GEN,<=,2,mg/L,Broth dilution,BD Phoenix,CLSI,2013,28512093,NA,2015-04-04,NA
Klebsiella,pneumoniae,SRR5387184,Susceptible,GEN,<=,2,mg/L,Broth dilution,BD Phoenix,CLSI,2013,28512093,NA,2015-03-28,NA
Klebsiella,pneumoniae,SRR5387191,Susceptible,GEN,<=,2,mg/L,Broth dilution,BD Phoenix,CLSI,2013,28512093,NA,2015-03-25,NA
Klebsiella,pneumoniae,SRR5387193,Susceptible,GEN,<=,2,mg/L,Broth dilution,BD Phoenix,CLSI,2013,28512093,NA,2015-04-10,NA
Klebsiella,pneumoniae,SRR5387197,Susceptible,GEN,<=,2,mg/L,Broth dilution,BD Phoenix,CLSI,2013,28512093,NA,2015-04-12,NA
Klebsiella,pneumoniae,SRR5387199,Intermediate,GEN,NA,4,mg/L,Broth dilution,BD Phoenix,CLSI,2013,28512093,NA,2015-04-16,NA
Klebsiella,pneumoniae,SRR5387200,Resistant,GEN,NA,8,mg/L,Broth dilution,BD Phoenix,CLSI,2013,28512093,NA,2015-03-26,NA
Klebsiella,pneumoniae,SRR5387210,Susceptible,GEN,<=,2,mg/L,Broth dilution,BD Phoenix,CLSI,2013,28512093,NA,2015-04-14,NA
Klebsiella,pneumoniae,SRR5387211,Resistant,GEN,NA,8,mg/L,Broth dilution,BD Phoenix,CLSI,2013,28512093,NA,2015-04-03,NA
Klebsiella,pneumoniae,SRR5387212,Resistant,GEN,NA,8,mg/L,Broth dilution,BD Phoenix,CLSI,2013,28512093,NA,2015-03-15,NA
Klebsiella,pneumoniae,SRR5387214,Resistant,GEN,NA,8,mg/L,Broth dilution,BD Phoenix,CLSI,2013,28512093,NA,2015-03-15,NA
Klebsiella,pneumoniae,SRR5387221,Resistant,GEN,NA,8,mg/L,Broth dilution,BD Phoenix,CLSI,2013,28512093,NA,2015-03-17,NA
Klebsiella,pneumoniae,SRR5387222,Resistant,GEN,NA,8,mg/L,Broth dilution,BD Phoenix,CLSI,2013,28512093,NA,2015-03-09,NA
Klebsiella,pneumoniae,SRR5387223,Susceptible,GEN,<=,2,mg/L,Broth dilution,BD Phoenix,CLSI,2013,28512093,NA,2015-03-02,NA
Klebsiella,pneumoniae,SRR5387224,Susceptible,GEN,<=,2,mg/L,Broth dilution,BD Phoenix,CLSI,2013,28512093,NA,2015-03-13,NA
Klebsiella,pneumoniae,SRR5387227,Intermediate,GEN,NA,4,mg/L,Broth dilution,BD Phoenix,CLSI,2013,28512093,NA,2015-03-05,NA
Klebsiella,pneumoniae,SRR5387229,Resistant,GEN,NA,8,mg/L,Broth dilution,BD Phoenix,CLSI,2013,28512093,NA,2015-03-11,NA
Klebsiella,pneumoniae,SRR5387234,Susceptible,GEN,<=,2,mg/L,Broth dilution,BD Phoenix,CLSI,2013,28512093,NA,2015-03-08,NA
Klebsiella,pneumoniae,SRR5387241,Susceptible,GEN,<=,2,mg/L,Broth dilution,BD Phoenix,CLSI,2013,28512093,NA,2015-02-27,NA
Klebsiella,pneumoniae,SRR5387245,Susceptible,GEN,<=,2,mg/L,Broth dilution,BD Phoenix,CLSI,2013,28512093,NA,2015-01-20,NA
Klebsiella,pneumoniae,SRR5387247,Susceptible,GEN,<=,2,mg/L,Broth dilution,BD Phoenix,CLSI,2013,28512093,NA,2015-01-15,NA
Klebsiella,pneumoniae,SRR5387249,Resistant,GEN,NA,8,mg/L,Broth dilution,BD Phoenix,CLSI,2013,28512093,NA,2015-01-23,NA
Klebsiella,pneumoniae,SRR5387254,Susceptible,GEN,<=,2,mg/L,Broth dilution,BD Phoenix,CLSI,2013,28512093,NA,2015-03-16,NA
Klebsiella,pneumoniae,SRR5387258,Resistant,GEN,NA,8,mg/L,Broth dilution,BD Phoenix,CLSI,2013,28512093,NA,2015-01-29,NA
Klebsiella,pneumoniae,SRR5387260,Intermediate,GEN,NA,4,mg/L,Broth dilution,BD Phoenix,CLSI,2013,28512093,NA,2015-01-15,NA
Klebsiella,pneumoniae,SRR5387261,Intermediate,GEN,NA,4,mg/L,Broth dilution,BD Phoenix,CLSI,2013,28512093,NA,2015-01-10,NA
Klebsiella,pneumoniae,SRR5387268,Resistant,GEN,NA,8,mg/L,Broth dilution,BD Phoenix,CLSI,2013,28512093,NA,2015-01-30,NA
Klebsiella,pneumoniae,SRR5387270,Susceptible,GEN,<=,2,mg/L,Broth dilution,BD Phoenix,CLSI,2013,28512093,NA,2015-02-03,NA
Klebsiella,pneumoniae,SRR5387277,Susceptible,GEN,<=,2,mg/L,Broth dilution,BD Phoenix,CLSI,2013,28512093,NA,2015-01-23,NA
Klebsiella,pneumoniae,SRR5387280,Susceptible,GEN,<=,2,mg/L,Broth dilution,BD Phoenix,CLSI,2013,28512093,NA,2015-01-13,NA
Klebsiella,pneumoniae,SRR5387282,Susceptible,GEN,<=,2,mg/L,Broth dilution,BD Phoenix,CLSI,2013,28512093,NA,2015-01-14,NA
Klebsiella,pneumoniae,SRR5387284,Susceptible,GEN,<=,2,mg/L,Broth dilution,BD Phoenix,CLSI,2013,28512093,NA,2015-01-15,NA
Klebsiella,pneumoniae,SRR5387287,Resistant,GEN,NA,8,mg/L,Broth dilution,BD Phoenix,CLSI,2013,28512093,NA,2015-01-13,NA
Klebsiella,pneumoniae,SRR5387288,Resistant,GEN,NA,8,mg/L,Broth dilution,BD Phoenix,CLSI,2013,28512093,NA,2015-01-19,NA
Klebsiella,pneumoniae,SRR5387293,Resistant,GEN,NA,8,mg/L,Broth dilution,BD Phoenix,CLSI,2013,28512093,NA,2015-01-14,NA
Klebsiella,pneumoniae,SRR5387294,Resistant,GEN,NA,8,mg/L,Broth dilution,BD Phoenix,CLSI,2013,28512093,NA,2015-01-31,NA
Klebsiella,pneumoniae,SRR5387295,Intermediate,GEN,NA,4,mg/L,Broth dilution,BD Phoenix,CLSI,2013,28512093,NA,2015-01-22,NA
Klebsiella,pneumoniae,SRR5387296,Resistant,GEN,NA,8,mg/L,Broth dilution,BD Phoenix,CLSI,2013,28512093,NA,2013-01-13,NA
Klebsiella,pneumoniae,SRR5387299,Resistant,GEN,NA,8,mg/L,Broth dilution,BD Phoenix,CLSI,2013,28512093,NA,2015-01-22,NA
Klebsiella,pneumoniae,SRR5387307,Susceptible,GEN,<=,2,mg/L,Broth dilution,BD Phoenix,CLSI,2013,28512093,NA,2015-02-21,NA
Klebsiella,pneumoniae,SRR5387310,Susceptible,GEN,<=,2,mg/L,Broth dilution,BD Phoenix,CLSI,2013,28512093,NA,2015-02-23,NA
Klebsiella,pneumoniae,SRR5387311,Resistant,GEN,NA,8,mg/L,Broth dilution,BD Phoenix,CLSI,2013,28512093,NA,2015-02-23,NA
Klebsiella,pneumoniae,SRR5387313,Resistant,GEN,NA,8,mg/L,Broth dilution,BD Phoenix,CLSI,2013,28512093,NA,2015-02-16,NA
Klebsiella,pneumoniae,SRR5387315,Resistant,GEN,NA,8,mg/L,Broth dilution,BD Phoenix,CLSI,2013,28512093,NA,2015-02-14,NA
Klebsiella,pneumoniae,SRR5387321,Intermediate,GEN,NA,4,mg/L,Broth dilution,BD Phoenix,CLSI,2013,28512093,NA,2015-02-11,NA
Klebsiella,pneumoniae,SRR5387322,Susceptible,GEN,<=,2,mg/L,Broth dilution,BD Phoenix,CLSI,2013,28512093,NA,2015-02-12,NA
Klebsiella,pneumoniae,SRR5387325,Intermediate,GEN,NA,4,mg/L,Broth dilution,BD Phoenix,CLSI,2013,28512093,NA,2015-01-07,NA
Klebsiella,pneumoniae,SRR5387335,Intermediate,GEN,NA,4,mg/L,Broth dilution,BD Phoenix,CLSI,2013,28512093,NA,2015-01-06,NA
Klebsiella,pneumoniae,SRR5387350,Resistant,GEN,NA,8,mg/L,Broth dilution,BD Phoenix,CLSI,2013,28512093,NA,2015-01-01,NA
Klebsiella,pneumoniae,SRR5387353,Resistant,GEN,NA,8,mg/L,Broth dilution,BD Phoenix,CLSI,2013,28512093,NA,2014-12-31,NA
Klebsiella,pneumoniae,SRR5387355,Susceptible,GEN,<=,2,mg/L,Broth dilution,BD Phoenix,CLSI,2013,28512093,NA,2014-11-27,NA
Klebsiella,pneumoniae,SRR5387356,Resistant,GEN,NA,8,mg/L,Broth dilution,BD Phoenix,CLSI,2013,28512093,NA,2014-11-28,NA
Klebsiella,pneumoniae,SRR5387361,Susceptible,GEN,<=,2,mg/L,Broth dilution,BD Phoenix,CLSI,2013,28512093,NA,2014-12-01,NA
Klebsiella,pneumoniae,SRR5387362,Susceptible,GEN,<=,2,mg/L,Broth dilution,BD Phoenix,CLSI,2013,28512093,NA,2014-12-01,NA
Klebsiella,pneumoniae,SRR5387365,Susceptible,GEN,<=,2,mg/L,Broth dilution,BD Phoenix,CLSI,2013,28512093,NA,2014-12-15,NA
Klebsiella,pneumoniae,SRR5387372,Resistant,GEN,NA,8,mg/L,Broth dilution,BD Phoenix,CLSI,2013,28512093,NA,2014-12-09,NA
Klebsiella,pneumoniae,SRR5387374,Resistant,GEN,NA,8,mg/L,Broth dilution,BD Phoenix,CLSI,2013,28512093,NA,2014-12-11,NA
Klebsiella,pneumoniae,SRR5387375,Intermediate,GEN,NA,4,mg/L,Broth dilution,BD Phoenix,CLSI,2013,28512093,NA,2014-12-16,NA
Klebsiella,pneumoniae,SRR5387376,Resistant,GEN,NA,8,mg/L,Broth dilution,BD Phoenix,CLSI,2013,28512093,NA,2014-12-09,NA
Klebsiella,pneumoniae,SRR5387377,Susceptible,GEN,<=,2,mg/L,Broth dilution,BD Phoenix,CLSI,2013,28512093,NA,2014-12-05,NA
Klebsiella,pneumoniae,SRR5387379,Intermediate,GEN,NA,4,mg/L,Broth dilution,BD Phoenix,CLSI,2013,28512093,NA,2014-12-09,NA
Klebsiella,pneumoniae,SRR5387390,Susceptible,GEN,<=,2,mg/L,Broth dilution,BD Phoenix,CLSI,2013,28512093,NA,2014-12-03,NA
Klebsiella,pneumoniae,SRR5387400,Susceptible,GEN,<=,2,mg/L,Broth dilution,BD Phoenix,CLSI,2013,28512093,NA,2014-11-15,NA
Klebsiella,pneumoniae,SRR5387409,Susceptible,GEN,<=,2,mg/L,Broth dilution,BD Phoenix,CLSI,2013,28512093,NA,2014-11-24,NA
Klebsiella,pneumoniae,SRR5387411,Resistant,GEN,NA,8,mg/L,Broth dilution,BD Phoenix,CLSI,2013,28512093,NA,2014-11-30,NA
Klebsiella,pneumoniae,SRR5387419,Resistant,GEN,NA,8,mg/L,Broth dilution,BD Phoenix,CLSI,2013,28512093,NA,2014-11-30,NA
Klebsiella,pneumoniae,SRR5387421,Resistant,GEN,NA,8,mg/L,Broth dilution,BD Phoenix,CLSI,2013,28512093,NA,2014-11-26,NA
Escherichia,coli,SRR5398450,Susceptible,GEN,<=,1,mg/L,Broth dilution,VITEK 2,CLSI,2013,NA,urine,USA,NA
Escherichia,coli,SRR5398452,Resistant,GEN,NA,16,mg/L,Broth dilution,VITEK 2,CLSI,2013,NA,drainage,USA,NA
Klebsiella,pneumoniae,SRR5420063,Intermediate,GEN,NA,4,mg/L,Broth dilution,VITEK 2,CLSI,2013,NA,sputum,USA,NA
Escherichia,coli,SRR5420065,Susceptible,GEN,<=,1,mg/L,Broth dilution,VITEK 2,CLSI,2013,NA,urine,USA,NA
Escherichia,coli,SRR5420067,Susceptible,GEN,<=,1,mg/L,Broth dilution,VITEK 2,CLSI,2013,NA,urine,USA,NA
Escherichia,coli,SRR5420068,Resistant,GEN,NA,16,mg/L,Broth dilution,VITEK 2,CLSI,2013,NA,urine,USA,NA
Escherichia,coli,SRR5420070,Resistant,GEN,NA,16,mg/L,Broth dilution,VITEK 2,CLSI,2013,NA,catheterized specimen,USA,NA
Escherichia,coli,SRR5420071,Susceptible,GEN,<=,1,mg/L,Broth dilution,VITEK 2,CLSI,2013,NA,blood,USA,NA
Escherichia,coli,SRR5445911,Susceptible,GEN,<=,1,mg/L,Broth dilution,VITEK 2,CLSI,2013,NA,urine,USA,NA
Klebsiella,pneumoniae,SRR5445913,Resistant,GEN,NA,16,mg/L,Broth dilution,VITEK 2,CLSI,2013,NA,urine,USA,NA
Escherichia,coli,SRR5445916,Resistant,GEN,NA,16,mg/L,Broth dilution,VITEK 2,CLSI,2013,NA,urine,USA,NA
Escherichia,coli,SRR5445917,Susceptible,GEN,<=,1,mg/L,Broth dilution,VITEK 2,CLSI,2013,NA,urine,USA,NA
Escherichia,coli,SRR5445918,Susceptible,GEN,<=,1,mg/L,Broth dilution,VITEK 2,CLSI,2013,NA,urine,USA,NA
Escherichia,coli,SRR5445919,Susceptible,GEN,<=,1,mg/L,Broth dilution,VITEK 2,CLSI,2013,NA,urine,USA,NA
Escherichia,coli,SRR5445921,Susceptible,GEN,<=,1,mg/L,Broth dilution,VITEK 2,CLSI,2013,NA,urine,USA,NA
Escherichia,coli,SRR5445922,Susceptible,GEN,<=,1,mg/L,Broth dilution,VITEK 2,CLSI,2013,NA,gall bladder,USA,NA
Acinetobacter,baumannii,SRR5445923,Resistant,CAZ,NA,64,mg/L,Broth dilution,VITEK 2,CLSI,2013,NA,sputum,USA,NA
Acinetobacter,baumannii,SRR5445925,Resistant,CAZ,NA,64,mg/L,Broth dilution,VITEK 2,CLSI,2013,NA,urine,USA,NA
Acinetobacter,baumannii,SRR5477433,Susceptible,CAZ,<=,1,mg/L,Broth dilution,NA,CLSI,2013,NA,urine,USA,NA
Acinetobacter,baumannii,SRR5477437,Susceptible,CAZ,=,8,mg/L,Broth dilution,NA,CLSI,2013,NA,NA,USA,NA
Escherichia,coli,SRR5482170,Susceptible,GEN,=,1,mg/L,Broth dilution,NA,CLSI,2013,NA,NA,2009-10-25,NA
Salmonella,enterica,SRR5573042,Susceptible,GEN,=,0.5,mg/L,Broth dilution,CMV2AGNF/CMV3AGNF,CLSI,2013,27381390,clinical sample,USA,NA
Salmonella,enterica,SRR5573052,Susceptible,GEN,<=,0.25,mg/L,Broth dilution,NA,CLSI,2013,27381390,clinical sample,USA,NA
Salmonella,enterica,SRR5573056,Intermediate,GEN,NA,4,mg/L,Broth dilution,CMV2AGNF/CMV3AGNF,CLSI,2013,27381390,clinical sample,USA,NA
Salmonella,enterica,SRR5573063,Susceptible,GEN,=,0.5,mg/L,Broth dilution,CMV2AGNF/CMV3AGNF,CLSI,2013,27381390,clinical sample,USA,NA
Salmonella,enterica,SRR5573064,Resistant,GEN,NA,8,mg/L,Broth dilution,CMV2AGNF/CMV3AGNF,CLSI,2013,27381390,clinical sample,USA,NA
Salmonella,enterica,SRR5573066,Susceptible,GEN,=,0.5,mg/L,Broth dilution,NA,CLSI,2013,27381390,clinical sample,USA,NA
Salmonella,enterica,SRR5573075,Susceptible,GEN,=,0.5,mg/L,Broth dilution,NA,CLSI,2013,27381390,clinical sample,USA,NA
Salmonella,enterica,SRR5573076,Resistant,GEN,NA,16,mg/L,Broth dilution,CMV2AGNF/CMV3AGNF,CLSI,2013,27381390,clinical sample,USA,NA
Salmonella,enterica,SRR5573108,Susceptible,GEN,=,0.5,mg/L,Broth dilution,CMV2AGNF/CMV3AGNF,CLSI,2013,27381390,clinical sample,USA,NA
Salmonella,enterica,SRR5573113,Susceptible,GEN,=,1,mg/L,Broth dilution,NA,CLSI,2013,27381390,clinical sample,USA,NA
Salmonella,enterica,SRR5573127,Resistant,GEN,NA,16,mg/L,Broth dilution,NA,CLSI,2013,27381390,clinical sample,USA,NA
Salmonella,enterica,SRR5573134,Susceptible,GEN,=,0.5,mg/L,Broth dilution,NA,CLSI,2013,27381390,clinical sample,USA,NA
Salmonella,enterica,SRR5573144,Resistant,GEN,NA,16,mg/L,Broth dilution,CMV2AGNF/CMV3AGNF,CLSI,2013,27381390,clinical sample,USA,NA
Pseudomonas,aeruginosa,SRR5642371,Resistant,CAZ,NA,32,mg/L,Agar dilution,NA,CLSI,2013,NA,wound,USA,NA
Pseudomonas,aeruginosa,SRR5642372,Susceptible,CAZ,=,1,mg/L,Agar dilution,NA,CLSI,2013,NA,et tube,USA,NA
Pseudomonas,aeruginosa,SRR5642373,Intermediate,CAZ,NA,16,mg/L,Agar dilution,NA,CLSI,2013,NA,wound,USA,NA
Pseudomonas,aeruginosa,SRR5642374,Susceptible,CAZ,=,1,mg/L,Agar dilution,NA,CLSI,2013,NA,wound,USA,NA
Pseudomonas,aeruginosa,SRR5642375,Susceptible,CAZ,=,0.25,mg/L,Agar dilution,NA,CLSI,2013,NA,fasciotomy fluid,USA,NA
Pseudomonas,aeruginosa,SRR5642376,Susceptible,CAZ,=,1,mg/L,Agar dilution,NA,CLSI,2013,NA,eye drainage,USA,NA
Pseudomonas,aeruginosa,SRR5642377,Resistant,CAZ,NA,32,mg/L,Agar dilution,NA,CLSI,2013,NA,blood,USA,NA
Pseudomonas,aeruginosa,SRR5642378,Susceptible,CAZ,=,0.5,mg/L,Agar dilution,NA,CLSI,2013,NA,nasopharynx,USA,NA
Pseudomonas,aeruginosa,SRR5642379,Susceptible,CAZ,=,8,mg/L,Agar dilution,NA,CLSI,2013,NA,blood,USA,NA
Pseudomonas,aeruginosa,SRR5642380,Intermediate,CAZ,NA,16,mg/L,Agar dilution,NA,CLSI,2013,NA,blood,USA,NA
Pseudomonas,aeruginosa,SRR5642502,Susceptible,CAZ,=,2,mg/L,Agar dilution,NA,CLSI,2013,NA,blood,USA,NA
Pseudomonas,aeruginosa,SRR5642503,Resistant,CAZ,NA,32,mg/L,Agar dilution,NA,CLSI,2013,NA,blood,USA,NA
Pseudomonas,aeruginosa,SRR5642504,Intermediate,CAZ,NA,16,mg/L,Agar dilution,NA,CLSI,2013,NA,blood,USA,NA
Pseudomonas,aeruginosa,SRR5642507,Susceptible,CAZ,=,2,mg/L,Agar dilution,NA,CLSI,2013,NA,blood,USA,NA
Pseudomonas,aeruginosa,SRR5642508,Susceptible,CAZ,=,8,mg/L,Agar dilution,NA,CLSI,2013,NA,blood,USA,NA
Pseudomonas,aeruginosa,SRR5642509,Intermediate,CAZ,NA,16,mg/L,Agar dilution,NA,CLSI,2013,NA,infection control,USA,NA
Pseudomonas,aeruginosa,SRR5642510,Susceptible,CAZ,=,0.5,mg/L,Agar dilution,NA,CLSI,2013,NA,blood,USA,NA
Pseudomonas,aeruginosa,SRR5642511,Susceptible,CAZ,=,8,mg/L,Agar dilution,NA,CLSI,2013,NA,infection control,USA,NA
Pseudomonas,aeruginosa,SRR5642512,Susceptible,CAZ,=,8,mg/L,Agar dilution,NA,CLSI,2013,NA,infection control,USA,NA
Pseudomonas,aeruginosa,SRR5642513,Susceptible,CAZ,=,2,mg/L,Agar dilution,NA,CLSI,2013,NA,infection control,USA,NA
Pseudomonas,aeruginosa,SRR5642514,Susceptible,CAZ,=,4,mg/L,Agar dilution,NA,CLSI,2013,NA,infection control,USA,NA
Pseudomonas,aeruginosa,SRR5642515,Susceptible,CAZ,=,8,mg/L,Agar dilution,NA,CLSI,2013,NA,infection control,USA,NA
Pseudomonas,aeruginosa,SRR5642517,Susceptible,CAZ,=,1,mg/L,Agar dilution,NA,CLSI,2013,NA,infection control,USA,NA
Pseudomonas,aeruginosa,SRR5642518,Susceptible,CAZ,=,0.5,mg/L,Agar dilution,NA,CLSI,2013,NA,infection control,USA,NA
Pseudomonas,aeruginosa,SRR5642519,Resistant,CAZ,NA,32,mg/L,Agar dilution,NA,CLSI,2013,NA,sinus,USA,NA
Klebsiella,pneumoniae,SRR5658721,Susceptible,GEN,=,2,mg/L,Broth dilution,NA,CLSI,2013,NA,NA,NA,NA
Klebsiella,pneumoniae,SRR5658733,Susceptible,GEN,=,2,mg/L,Broth dilution,NA,CLSI,2013,NA,NA,NA,NA
Klebsiella,pneumoniae,SRR5659146,Susceptible,GEN,<=,1,mg/L,Broth dilution,NA,CLSI,2013,NA,Urine,USA,NA
Escherichia,coli,SRR5724753,Resistant,GEN,NA,16,mg/L,Broth dilution,NA,CLSI,2013,NA,CP020051,NA,CP020050
Escherichia,coli,SRR5740776,Resistant,GEN,NA,16,mg/L,Broth dilution,NA,CLSI,2013,NA,NA,NA,CP020060
Escherichia,coli,SRR5740850,Susceptible,GEN,=,1,mg/L,Broth dilution,NA,CLSI,2013,NA,NA,NA,CP020057
Escherichia,coli,SRR5740852,Susceptible,GEN,=,1,mg/L,Broth dilution,NA,CLSI,2013,NA,CP020119,NA,CP020118
Klebsiella,pneumoniae,SRR5742247,Resistant,GEN,NA,16,mg/L,Broth dilution,NA,CLSI,2013,NA,CP021546,NA,CP021545
Klebsiella,pneumoniae,SRR5742257,Resistant,GEN,NA,16,mg/L,Broth dilution,NA,CLSI,2013,NA,CP021754,NA,CP021753
Escherichia,coli,SRR5742259,Intermediate,GEN,NA,4,mg/L,Broth dilution,NA,CLSI,2013,NA,CP021735,NA,CP021734
Escherichia,coli,SRR5742589,Resistant,GEN,NA,16,mg/L,Broth dilution,NA,CLSI,2013,NA,CP021538,NA,CP021537
Escherichia,coli,SRR5746514,Resistant,GEN,NA,16,mg/L,Broth dilution,NA,CLSI,2013,NA,CP021882,NA,CP021881
Escherichia,coli,SRR5749732,Resistant,GEN,NA,16,mg/L,Broth dilution,NA,CLSI,2013,NA,NA,NA,NA
Escherichia,coli,SRR5750295,Resistant,GEN,NA,16,mg/L,Broth dilution,NA,CLSI,2013,NA,CP021721,NA,CP021720
Escherichia,coli,SRR5750456,Susceptible,GEN,=,0.5,mg/L,Broth dilution,NA,CLSI,2013,NA,NA,NA,CP021534
Escherichia,coli,SRR5750458,Susceptible,GEN,=,1,mg/L,Broth dilution,NA,CLSI,2013,NA,CP021739,NA,CP021738
Escherichia,coli,SRR5750471,Susceptible,GEN,<=,0.25,mg/L,Broth dilution,NA,CLSI,2013,NA,NA,NA,CP021693
Escherichia,coli,SRR5750477,Susceptible,GEN,=,1,mg/L,Broth dilution,NA,CLSI,2013,NA,CP021682,NA,CP021681
Escherichia,coli,SRR5750770,Resistant,GEN,NA,16,mg/L,Broth dilution,NA,CLSI,2013,NA,CP021938,NA,CP021937
Klebsiella,pneumoniae,SRR5753142,Resistant,GEN,NA,16,mg/L,Broth dilution,NA,CLSI,2013,NA,CP021760,NA,CP021759
Escherichia,coli,SRR5806867,Susceptible,GEN,<=,1,mg/L,Broth dilution,VITEK 2,CLSI,2013,NA,urine,USA,NA
Escherichia,coli,SRR5806874,Resistant,GEN,NA,16,mg/L,Broth dilution,VITEK 2,CLSI,2013,NA,aspirate,USA,NA
Escherichia,coli,SRR5806875,Resistant,GEN,NA,16,mg/L,Broth dilution,VITEK 2,CLSI,2013,NA,urine,USA,NA
Escherichia,coli,SRR5806876,Susceptible,GEN,<=,1,mg/L,Broth dilution,VITEK 2,CLSI,2013,NA,urine,USA,NA
Klebsiella,pneumoniae,SRR5806877,Susceptible,GEN,<=,1,mg/L,Broth dilution,VITEK 2,CLSI,2013,NA,sputum,USA,NA
Escherichia,coli,SRR5806879,Susceptible,GEN,<=,1,mg/L,Broth dilution,VITEK 2,CLSI,2013,NA,urine,USA,NA
Escherichia,coli,SRR5806880,Resistant,GEN,NA,16,mg/L,Broth dilution,VITEK 2,CLSI,2013,NA,bile,USA,NA
Escherichia,coli,SRR5810504,Susceptible,GEN,<=,1,mg/L,Broth dilution,VITEK 2,CLSI,2013,NA,urine,USA,NA
Escherichia,coli,SRR5810505,Susceptible,GEN,<=,1,mg/L,Broth dilution,VITEK 2,CLSI,2013,NA,urine,USA,NA
Escherichia,coli,SRR5810510,Intermediate,GEN,NA,4,mg/L,Broth dilution,VITEK 2,CLSI,2013,NA,urine,USA,NA
Escherichia,coli,SRR5810511,Susceptible,GEN,<=,1,mg/L,Broth dilution,VITEK 2,CLSI,2013,NA,urine,USA,NA
Escherichia,coli,SRR5810512,Intermediate,GEN,NA,4,mg/L,Broth dilution,VITEK 2,CLSI,2013,NA,urine,USA,NA
Escherichia,coli,SRR5810513,Susceptible,GEN,<=,1,mg/L,Broth dilution,VITEK 2,CLSI,2013,NA,urine,USA,NA
Escherichia,coli,SRR5810514,Susceptible,GEN,<=,1,mg/L,Broth dilution,VITEK 2,CLSI,2013,NA,urine,USA,NA
Neisseria,gonorrhoeae,SRR5827018,Susceptible,TET,NA,0.25,mg/L,Agar dilution,NA,CLSI,2013,32602459,NA,New Zealand,NA
Neisseria,gonorrhoeae,SRR5827020,Intermediate,TET,Neisseria gonorrhoeae,1.00,mg/L,Agar dilution,NA,CLSI,2013,32602459,NA,New Zealand,NA
Neisseria,gonorrhoeae,SRR5827021,Intermediate,TET,Neisseria gonorrhoeae,0.50,mg/L,Agar dilution,NA,CLSI,2013,32602459,NA,New Zealand,NA
Neisseria,gonorrhoeae,SRR5827022,Intermediate,TET,Neisseria gonorrhoeae,0.50,mg/L,Agar dilution,NA,CLSI,2013,32602459,NA,New Zealand,NA
Neisseria,gonorrhoeae,SRR5827023,Susceptible,TET,NA,0.06,mg/L,Agar dilution,NA,CLSI,2013,32602459,NA,New Zealand,NA
Neisseria,gonorrhoeae,SRR5827024,Susceptible,TET,NA,0.12,mg/L,Agar dilution,NA,CLSI,2013,32602459,NA,New Zealand,NA
Neisseria,gonorrhoeae,SRR5827026,Susceptible,TET,NA,0.12,mg/L,Agar dilution,NA,CLSI,2013,32602459,NA,New Zealand,NA
Neisseria,gonorrhoeae,SRR5827030,Intermediate,TET,Neisseria gonorrhoeae,0.50,mg/L,Agar dilution,NA,CLSI,2013,32602459,NA,New Zealand,NA
Neisseria,gonorrhoeae,SRR5827033,Resistant,TET,Neisseria gonorrhoeae,2.00,mg/L,Agar dilution,NA,CLSI,2013,32602459,NA,New Zealand,NA
Neisseria,gonorrhoeae,SRR5827034,Resistant,TET,Neisseria gonorrhoeae,2.00,mg/L,Agar dilution,NA,CLSI,2013,32602459,NA,New Zealand,NA
Neisseria,gonorrhoeae,SRR5827035,Susceptible,TET,NA,0.12,mg/L,Agar dilution,NA,CLSI,2013,32602459,NA,New Zealand,NA
Neisseria,gonorrhoeae,SRR5827036,Susceptible,TET,NA,0.06,mg/L,Agar dilution,NA,CLSI,2013,32602459,NA,New Zealand,NA
Neisseria,gonorrhoeae,SRR5827037,Intermediate,TET,Neisseria gonorrhoeae,1.00,mg/L,Agar dilution,NA,CLSI,2013,32602459,NA,New Zealand,NA
Neisseria,gonorrhoeae,SRR5827040,Susceptible,TET,NA,0.25,mg/L,Agar dilution,NA,CLSI,2013,32602459,NA,New Zealand,NA
Neisseria,gonorrhoeae,SRR5827042,Susceptible,TET,NA,0.25,mg/L,Agar dilution,NA,CLSI,2013,32602459,NA,New Zealand,NA
Neisseria,gonorrhoeae,SRR5827045,Susceptible,TET,NA,0.12,mg/L,Agar dilution,NA,CLSI,2013,32602459,NA,New Zealand,NA
Neisseria,gonorrhoeae,SRR5827046,Susceptible,TET,NA,0.12,mg/L,Agar dilution,NA,CLSI,2013,32602459,NA,New Zealand,NA
Neisseria,gonorrhoeae,SRR5827049,Susceptible,TET,NA,0.12,mg/L,Agar dilution,NA,CLSI,2013,32602459,NA,New Zealand,NA
Neisseria,gonorrhoeae,SRR5827050,Resistant,TET,Neisseria gonorrhoeae,16.00,mg/L,Agar dilution,NA,CLSI,2013,32602459,NA,New Zealand,NA
Neisseria,gonorrhoeae,SRR5827055,Susceptible,TET,NA,0.25,mg/L,Agar dilution,NA,CLSI,2013,32602459,NA,New Zealand,NA
Neisseria,gonorrhoeae,SRR5827056,Intermediate,TET,Neisseria gonorrhoeae,0.50,mg/L,Agar dilution,NA,CLSI,2013,32602459,NA,New Zealand,NA
Neisseria,gonorrhoeae,SRR5827061,Susceptible,TET,NA,0.12,mg/L,Agar dilution,NA,CLSI,2013,32602459,NA,New Zealand,NA
Neisseria,gonorrhoeae,SRR5827063,Susceptible,TET,NA,0.12,mg/L,Agar dilution,NA,CLSI,2013,32602459,NA,New Zealand,NA
Neisseria,gonorrhoeae,SRR5827064,Intermediate,TET,Neisseria gonorrhoeae,0.50,mg/L,Agar dilution,NA,CLSI,2013,32602459,NA,New Zealand,NA
Neisseria,gonorrhoeae,SRR5827065,Resistant,TET,Neisseria gonorrhoeae,8.00,mg/L,Agar dilution,NA,CLSI,2013,32602459,NA,New Zealand,NA
Neisseria,gonorrhoeae,SRR5827066,Susceptible,TET,NA,0.25,mg/L,Agar dilution,NA,CLSI,2013,32602459,NA,New Zealand,NA
Neisseria,gonorrhoeae,SRR5827067,Susceptible,TET,NA,0.12,mg/L,Agar dilution,NA,CLSI,2013,32602459,NA,New Zealand,NA
Neisseria,gonorrhoeae,SRR5827068,Susceptible,TET,NA,0.12,mg/L,Agar dilution,NA,CLSI,2013,32602459,NA,New Zealand,NA
Neisseria,gonorrhoeae,SRR5827072,Susceptible,TET,NA,0.12,mg/L,Agar dilution,NA,CLSI,2013,32602459,NA,New Zealand,NA
Neisseria,gonorrhoeae,SRR5827076,Intermediate,TET,Neisseria gonorrhoeae,1.00,mg/L,Agar dilution,NA,CLSI,2013,32602459,NA,New Zealand,NA
Neisseria,gonorrhoeae,SRR5827077,Resistant,TET,Neisseria gonorrhoeae,2.00,mg/L,Agar dilution,NA,CLSI,2013,32602459,NA,New Zealand,NA
Neisseria,gonorrhoeae,SRR5827080,Intermediate,TET,Neisseria gonorrhoeae,0.50,mg/L,Agar dilution,NA,CLSI,2013,32602459,NA,New Zealand,NA
Neisseria,gonorrhoeae,SRR5827081,Susceptible,TET,NA,0.25,mg/L,Agar dilution,NA,CLSI,2013,32602459,NA,New Zealand,NA
Neisseria,gonorrhoeae,SRR5827083,Resistant,TET,Neisseria gonorrhoeae,2.00,mg/L,Agar dilution,NA,CLSI,2013,32602459,NA,New Zealand,NA
Neisseria,gonorrhoeae,SRR5827086,Intermediate,TET,Neisseria gonorrhoeae,0.50,mg/L,Agar dilution,NA,CLSI,2013,32602459,NA,New Zealand,NA
Neisseria,gonorrhoeae,SRR5827087,Susceptible,TET,NA,0.25,mg/L,Agar dilution,NA,CLSI,2013,32602459,NA,New Zealand,NA
Neisseria,gonorrhoeae,SRR5827088,Resistant,TET,Neisseria gonorrhoeae,2.00,mg/L,Agar dilution,NA,CLSI,2013,32602459,NA,New Zealand,NA
Neisseria,gonorrhoeae,SRR5827089,Susceptible,TET,NA,0.12,mg/L,Agar dilution,NA,CLSI,2013,32602459,NA,New Zealand,NA
Neisseria,gonorrhoeae,SRR5827090,Intermediate,TET,Neisseria gonorrhoeae,0.50,mg/L,Agar dilution,NA,CLSI,2013,32602459,NA,New Zealand,NA
Neisseria,gonorrhoeae,SRR5827092,Intermediate,TET,Neisseria gonorrhoeae,0.50,mg/L,Agar dilution,NA,CLSI,2013,32602459,NA,New Zealand,NA
Neisseria,gonorrhoeae,SRR5827094,Resistant,TET,Neisseria gonorrhoeae,2.00,mg/L,Agar dilution,NA,CLSI,2013,32602459,NA,New Zealand,NA
Neisseria,gonorrhoeae,SRR5827097,Resistant,TET,Neisseria gonorrhoeae,16.00,mg/L,Agar dilution,NA,CLSI,2013,32602459,NA,New Zealand,NA
Neisseria,gonorrhoeae,SRR5827099,Resistant,TET,Neisseria gonorrhoeae,32.00,mg/L,Agar dilution,NA,CLSI,2013,32602459,NA,New Zealand,NA
Neisseria,gonorrhoeae,SRR5827103,Susceptible,TET,NA,0.12,mg/L,Agar dilution,NA,CLSI,2013,32602459,NA,New Zealand,NA
Neisseria,gonorrhoeae,SRR5827104,Intermediate,TET,Neisseria gonorrhoeae,1.00,mg/L,Agar dilution,NA,CLSI,2013,32602459,NA,New Zealand,NA
Neisseria,gonorrhoeae,SRR5827111,Resistant,TET,Neisseria gonorrhoeae,2.00,mg/L,Agar dilution,NA,CLSI,2013,32602459,NA,New Zealand,NA
Neisseria,gonorrhoeae,SRR5827112,Resistant,TET,Neisseria gonorrhoeae,2.00,mg/L,Agar dilution,NA,CLSI,2013,32602459,NA,New Zealand,NA
Neisseria,gonorrhoeae,SRR5827115,Resistant,TET,Neisseria gonorrhoeae,8.00,mg/L,Agar dilution,NA,CLSI,2013,32602459,NA,New Zealand,NA
Neisseria,gonorrhoeae,SRR5827116,Susceptible,TET,NA,0.25,mg/L,Agar dilution,NA,CLSI,2013,32602459,NA,New Zealand,NA
Neisseria,gonorrhoeae,SRR5827117,Susceptible,TET,NA,0.12,mg/L,Agar dilution,NA,CLSI,2013,32602459,NA,New Zealand,NA
Neisseria,gonorrhoeae,SRR5827118,Intermediate,TET,Neisseria gonorrhoeae,0.50,mg/L,Agar dilution,NA,CLSI,2013,32602459,NA,New Zealand,NA
Neisseria,gonorrhoeae,SRR5827119,Susceptible,TET,NA,0.12,mg/L,Agar dilution,NA,CLSI,2013,32602459,NA,New Zealand,NA
Neisseria,gonorrhoeae,SRR5827120,Susceptible,TET,NA,0.12,mg/L,Agar dilution,NA,CLSI,2013,32602459,NA,New Zealand,NA
Neisseria,gonorrhoeae,SRR5827124,Resistant,TET,Neisseria gonorrhoeae,2.00,mg/L,Agar dilution,NA,CLSI,2013,32602459,NA,New Zealand,NA
Neisseria,gonorrhoeae,SRR5827125,Susceptible,TET,NA,0.12,mg/L,Agar dilution,NA,CLSI,2013,32602459,NA,New Zealand,NA
Neisseria,gonorrhoeae,SRR5827126,Susceptible,TET,NA,0.25,mg/L,Agar dilution,NA,CLSI,2013,32602459,NA,New Zealand,NA
Neisseria,gonorrhoeae,SRR5827137,Susceptible,TET,NA,0.12,mg/L,Agar dilution,NA,CLSI,2013,32602459,NA,New Zealand,NA
Neisseria,gonorrhoeae,SRR5827138,Susceptible,TET,NA,0.12,mg/L,Agar dilution,NA,CLSI,2013,32602459,NA,New Zealand,NA
Neisseria,gonorrhoeae,SRR5827141,Resistant,TET,Neisseria gonorrhoeae,2.00,mg/L,Agar dilution,NA,CLSI,2013,32602459,NA,New Zealand,NA
Neisseria,gonorrhoeae,SRR5827142,Intermediate,TET,Neisseria gonorrhoeae,0.50,mg/L,Agar dilution,NA,CLSI,2013,32602459,NA,New Zealand,NA
Neisseria,gonorrhoeae,SRR5827143,Susceptible,TET,NA,0.12,mg/L,Agar dilution,NA,CLSI,2013,32602459,NA,New Zealand,NA
Neisseria,gonorrhoeae,SRR5827145,Susceptible,TET,NA,0.25,mg/L,Agar dilution,NA,CLSI,2013,32602459,NA,New Zealand,NA
Neisseria,gonorrhoeae,SRR5827148,Resistant,TET,Neisseria gonorrhoeae,32.00,mg/L,Agar dilution,NA,CLSI,2013,32602459,NA,New Zealand,NA
Neisseria,gonorrhoeae,SRR5827149,Resistant,TET,Neisseria gonorrhoeae,16.00,mg/L,Agar dilution,NA,CLSI,2013,32602459,NA,New Zealand,NA
Neisseria,gonorrhoeae,SRR5827150,Susceptible,TET,NA,0.06,mg/L,Agar dilution,NA,CLSI,2013,32602459,NA,New Zealand,NA
Neisseria,gonorrhoeae,SRR5827151,Susceptible,TET,NA,0.25,mg/L,Agar dilution,NA,CLSI,2013,32602459,NA,New Zealand,NA
Neisseria,gonorrhoeae,SRR5827152,Susceptible,TET,NA,0.12,mg/L,Agar dilution,NA,CLSI,2013,32602459,NA,New Zealand,NA
Neisseria,gonorrhoeae,SRR5827154,Susceptible,TET,NA,0.12,mg/L,Agar dilution,NA,CLSI,2013,32602459,NA,New Zealand,NA
Neisseria,gonorrhoeae,SRR5827157,Susceptible,TET,NA,0.12,mg/L,Agar dilution,NA,CLSI,2013,32602459,NA,New Zealand,NA
Neisseria,gonorrhoeae,SRR5827159,Susceptible,TET,NA,0.25,mg/L,Agar dilution,NA,CLSI,2013,32602459,NA,New Zealand,NA
Neisseria,gonorrhoeae,SRR5827160,Susceptible,TET,NA,0.25,mg/L,Agar dilution,NA,CLSI,2013,32602459,NA,New Zealand,NA
Neisseria,gonorrhoeae,SRR5827162,Susceptible,TET,NA,0.25,mg/L,Agar dilution,NA,CLSI,2013,32602459,NA,New Zealand,NA
Neisseria,gonorrhoeae,SRR5827163,Resistant,TET,Neisseria gonorrhoeae,16.00,mg/L,Agar dilution,NA,CLSI,2013,32602459,NA,New Zealand,NA
Neisseria,gonorrhoeae,SRR5827164,Susceptible,TET,NA,0.12,mg/L,Agar dilution,NA,CLSI,2013,32602459,NA,New Zealand,NA
Neisseria,gonorrhoeae,SRR5827165,Susceptible,TET,NA,0.12,mg/L,Agar dilution,NA,CLSI,2013,32602459,NA,New Zealand,NA
Neisseria,gonorrhoeae,SRR5827166,Susceptible,TET,NA,0.12,mg/L,Agar dilution,NA,CLSI,2013,32602459,NA,New Zealand,NA
Neisseria,gonorrhoeae,SRR5827169,Resistant,TET,Neisseria gonorrhoeae,2.00,mg/L,Agar dilution,NA,CLSI,2013,32602459,NA,New Zealand,NA
Neisseria,gonorrhoeae,SRR5827172,Intermediate,TET,Neisseria gonorrhoeae,0.50,mg/L,Agar dilution,NA,CLSI,2013,32602459,NA,New Zealand,NA
Neisseria,gonorrhoeae,SRR5827173,Susceptible,TET,NA,0.25,mg/L,Agar dilution,NA,CLSI,2013,32602459,NA,New Zealand,NA
Neisseria,gonorrhoeae,SRR5827178,Susceptible,TET,NA,0.12,mg/L,Agar dilution,NA,CLSI,2013,32602459,NA,New Zealand,NA
Neisseria,gonorrhoeae,SRR5827180,Susceptible,TET,NA,0.12,mg/L,Agar dilution,NA,CLSI,2013,32602459,NA,New Zealand,NA
Neisseria,gonorrhoeae,SRR5827183,Susceptible,TET,NA,0.12,mg/L,Agar dilution,NA,CLSI,2013,32602459,NA,New Zealand,NA
Neisseria,gonorrhoeae,SRR5827184,Susceptible,TET,NA,0.12,mg/L,Agar dilution,NA,CLSI,2013,32602459,NA,New Zealand,NA
Neisseria,gonorrhoeae,SRR5827188,Intermediate,TET,Neisseria gonorrhoeae,0.50,mg/L,Agar dilution,NA,CLSI,2013,32602459,NA,New Zealand,NA
Neisseria,gonorrhoeae,SRR5827189,Intermediate,TET,Neisseria gonorrhoeae,1.00,mg/L,Agar dilution,NA,CLSI,2013,32602459,NA,New Zealand,NA
Neisseria,gonorrhoeae,SRR5827190,Susceptible,TET,NA,0.12,mg/L,Agar dilution,NA,CLSI,2013,32602459,NA,New Zealand,NA
Neisseria,gonorrhoeae,SRR5827193,Intermediate,TET,Neisseria gonorrhoeae,0.50,mg/L,Agar dilution,NA,CLSI,2013,32602459,NA,New Zealand,NA
Neisseria,gonorrhoeae,SRR5827194,Susceptible,TET,NA,0.12,mg/L,Agar dilution,NA,CLSI,2013,32602459,NA,New Zealand,NA
Neisseria,gonorrhoeae,SRR5827197,Susceptible,TET,NA,0.12,mg/L,Agar dilution,NA,CLSI,2013,32602459,NA,New Zealand,NA
Neisseria,gonorrhoeae,SRR5827201,Resistant,TET,Neisseria gonorrhoeae,32.00,mg/L,Agar dilution,NA,CLSI,2013,32602459,NA,New Zealand,NA
Neisseria,gonorrhoeae,SRR5827202,Intermediate,TET,Neisseria gonorrhoeae,1.00,mg/L,Agar dilution,NA,CLSI,2013,32602459,NA,New Zealand,NA
Neisseria,gonorrhoeae,SRR5827207,Susceptible,TET,NA,0.25,mg/L,Agar dilution,NA,CLSI,2013,32602459,NA,New Zealand,NA
Neisseria,gonorrhoeae,SRR5827208,Susceptible,TET,NA,0.25,mg/L,Agar dilution,NA,CLSI,2013,32602459,NA,New Zealand,NA
Neisseria,gonorrhoeae,SRR5827210,Susceptible,TET,NA,0.25,mg/L,Agar dilution,NA,CLSI,2013,32602459,NA,New Zealand,NA
Neisseria,gonorrhoeae,SRR5827211,Intermediate,TET,Neisseria gonorrhoeae,1.00,mg/L,Agar dilution,NA,CLSI,2013,32602459,NA,New Zealand,NA
Neisseria,gonorrhoeae,SRR5827212,Susceptible,TET,NA,0.25,mg/L,Agar dilution,NA,CLSI,2013,32602459,NA,New Zealand,NA
Neisseria,gonorrhoeae,SRR5827213,Susceptible,TET,NA,0.25,mg/L,Agar dilution,NA,CLSI,2013,32602459,NA,New Zealand,NA
Neisseria,gonorrhoeae,SRR5827214,Resistant,TET,Neisseria gonorrhoeae,2.00,mg/L,Agar dilution,NA,CLSI,2013,32602459,NA,New Zealand,NA
Neisseria,gonorrhoeae,SRR5827215,Susceptible,TET,NA,0.25,mg/L,Agar dilution,NA,CLSI,2013,32602459,NA,New Zealand,NA
Neisseria,gonorrhoeae,SRR5827217,Susceptible,TET,NA,0.25,mg/L,Agar dilution,NA,CLSI,2013,32602459,NA,New Zealand,NA
Neisseria,gonorrhoeae,SRR5827221,Resistant,TET,Neisseria gonorrhoeae,32.00,mg/L,Agar dilution,NA,CLSI,2013,32602459,NA,New Zealand,NA
Neisseria,gonorrhoeae,SRR5827222,Susceptible,TET,NA,0.12,mg/L,Agar dilution,NA,CLSI,2013,32602459,NA,New Zealand,NA
Neisseria,gonorrhoeae,SRR5827224,Susceptible,TET,NA,0.12,mg/L,Agar dilution,NA,CLSI,2013,32602459,NA,New Zealand,NA
Neisseria,gonorrhoeae,SRR5827229,Resistant,TET,Neisseria gonorrhoeae,16.00,mg/L,Agar dilution,NA,CLSI,2013,32602459,NA,New Zealand,NA
Neisseria,gonorrhoeae,SRR5827231,Susceptible,TET,NA,0.12,mg/L,Agar dilution,NA,CLSI,2013,32602459,NA,New Zealand,NA
Neisseria,gonorrhoeae,SRR5827232,Susceptible,TET,NA,0.25,mg/L,Agar dilution,NA,CLSI,2013,32602459,NA,New Zealand,NA
Neisseria,gonorrhoeae,SRR5827235,Susceptible,TET,NA,0.25,mg/L,Agar dilution,NA,CLSI,2013,32602459,NA,New Zealand,NA
Neisseria,gonorrhoeae,SRR5827236,Resistant,TET,Neisseria gonorrhoeae,16.00,mg/L,Agar dilution,NA,CLSI,2013,32602459,NA,New Zealand,NA
Neisseria,gonorrhoeae,SRR5827237,Susceptible,TET,NA,0.25,mg/L,Agar dilution,NA,CLSI,2013,32602459,NA,New Zealand,NA
Neisseria,gonorrhoeae,SRR5827238,Susceptible,TET,NA,0.06,mg/L,Agar dilution,NA,CLSI,2013,32602459,NA,New Zealand,NA
Neisseria,gonorrhoeae,SRR5827240,Susceptible,TET,NA,0.25,mg/L,Agar dilution,NA,CLSI,2013,32602459,NA,New Zealand,NA
Neisseria,gonorrhoeae,SRR5827252,Susceptible,TET,NA,0.25,mg/L,Agar dilution,NA,CLSI,2013,32602459,NA,New Zealand,NA
Neisseria,gonorrhoeae,SRR5827255,Susceptible,TET,NA,0.25,mg/L,Agar dilution,NA,CLSI,2013,32602459,NA,New Zealand,NA
Neisseria,gonorrhoeae,SRR5827257,Susceptible,TET,NA,0.12,mg/L,Agar dilution,NA,CLSI,2013,32602459,NA,New Zealand,NA
Neisseria,gonorrhoeae,SRR5827260,Intermediate,TET,Neisseria gonorrhoeae,1.00,mg/L,Agar dilution,NA,CLSI,2013,32602459,NA,New Zealand,NA
Neisseria,gonorrhoeae,SRR5827264,Susceptible,TET,NA,0.12,mg/L,Agar dilution,NA,CLSI,2013,32602459,NA,New Zealand,NA
Neisseria,gonorrhoeae,SRR5827271,Susceptible,TET,NA,0.25,mg/L,Agar dilution,NA,CLSI,2013,32602459,NA,New Zealand,NA
Neisseria,gonorrhoeae,SRR5827272,Resistant,TET,Neisseria gonorrhoeae,16.00,mg/L,Agar dilution,NA,CLSI,2013,32602459,NA,New Zealand,NA
Neisseria,gonorrhoeae,SRR5827275,Susceptible,TET,NA,0.25,mg/L,Agar dilution,NA,CLSI,2013,32602459,NA,New Zealand,NA
Neisseria,gonorrhoeae,SRR5827279,Susceptible,TET,NA,0.25,mg/L,Agar dilution,NA,CLSI,2013,32602459,NA,New Zealand,NA
Neisseria,gonorrhoeae,SRR5827280,Intermediate,TET,Neisseria gonorrhoeae,0.50,mg/L,Agar dilution,NA,CLSI,2013,32602459,NA,New Zealand,NA
Neisseria,gonorrhoeae,SRR5827284,Resistant,TET,Neisseria gonorrhoeae,2.00,mg/L,Agar dilution,NA,CLSI,2013,32602459,NA,New Zealand,NA
Neisseria,gonorrhoeae,SRR5827285,Susceptible,TET,NA,0.25,mg/L,Agar dilution,NA,CLSI,2013,32602459,NA,New Zealand,NA
Neisseria,gonorrhoeae,SRR5827286,Susceptible,TET,NA,0.25,mg/L,Agar dilution,NA,CLSI,2013,32602459,NA,New Zealand,NA
Neisseria,gonorrhoeae,SRR5827287,Susceptible,TET,NA,0.12,mg/L,Agar dilution,NA,CLSI,2013,32602459,NA,New Zealand,NA
Neisseria,gonorrhoeae,SRR5827288,Susceptible,TET,NA,0.12,mg/L,Agar dilution,NA,CLSI,2013,32602459,NA,New Zealand,NA
Neisseria,gonorrhoeae,SRR5827291,Resistant,TET,Neisseria gonorrhoeae,32.00,mg/L,Agar dilution,NA,CLSI,2013,32602459,NA,New Zealand,NA
Neisseria,gonorrhoeae,SRR5827293,Susceptible,TET,NA,0.12,mg/L,Agar dilution,NA,CLSI,2013,32602459,NA,New Zealand,NA
Neisseria,gonorrhoeae,SRR5827294,Susceptible,TET,NA,0.12,mg/L,Agar dilution,NA,CLSI,2013,32602459,NA,New Zealand,NA
Neisseria,gonorrhoeae,SRR5827296,Intermediate,TET,Neisseria gonorrhoeae,0.50,mg/L,Agar dilution,NA,CLSI,2013,32602459,NA,New Zealand,NA
Neisseria,gonorrhoeae,SRR5827299,Susceptible,TET,NA,0.12,mg/L,Agar dilution,NA,CLSI,2013,32602459,NA,New Zealand,NA
Neisseria,gonorrhoeae,SRR5827300,Susceptible,TET,NA,0.12,mg/L,Agar dilution,NA,CLSI,2013,32602459,NA,New Zealand,NA
Neisseria,gonorrhoeae,SRR5827301,Resistant,TET,Neisseria gonorrhoeae,2.00,mg/L,Agar dilution,NA,CLSI,2013,32602459,NA,New Zealand,NA
Neisseria,gonorrhoeae,SRR5827303,Susceptible,TET,NA,0.25,mg/L,Agar dilution,NA,CLSI,2013,32602459,NA,New Zealand,NA
Neisseria,gonorrhoeae,SRR5827305,Intermediate,TET,Neisseria gonorrhoeae,0.50,mg/L,Agar dilution,NA,CLSI,2013,32602459,NA,New Zealand,NA
Neisseria,gonorrhoeae,SRR5827306,Susceptible,TET,NA,0.12,mg/L,Agar dilution,NA,CLSI,2013,32602459,NA,New Zealand,NA
Neisseria,gonorrhoeae,SRR5827313,Susceptible,TET,NA,0.25,mg/L,Agar dilution,NA,CLSI,2013,32602459,NA,New Zealand,NA
Neisseria,gonorrhoeae,SRR5827317,Intermediate,TET,Neisseria gonorrhoeae,0.50,mg/L,Agar dilution,NA,CLSI,2013,32602459,NA,New Zealand,NA
Neisseria,gonorrhoeae,SRR5827318,Intermediate,TET,Neisseria gonorrhoeae,1.00,mg/L,Agar dilution,NA,CLSI,2013,32602459,NA,New Zealand,NA
Neisseria,gonorrhoeae,SRR5827322,Intermediate,TET,Neisseria gonorrhoeae,0.50,mg/L,Agar dilution,NA,CLSI,2013,32602459,NA,New Zealand,NA
Neisseria,gonorrhoeae,SRR5827325,Susceptible,TET,NA,0.12,mg/L,Agar dilution,NA,CLSI,2013,32602459,NA,New Zealand,NA
Neisseria,gonorrhoeae,SRR5827327,Resistant,TET,Neisseria gonorrhoeae,16.00,mg/L,Agar dilution,NA,CLSI,2013,32602459,NA,New Zealand,NA
Neisseria,gonorrhoeae,SRR5827329,Resistant,TET,Neisseria gonorrhoeae,16.00,mg/L,Agar dilution,NA,CLSI,2013,32602459,NA,New Zealand,NA
Neisseria,gonorrhoeae,SRR5827331,Susceptible,TET,NA,0.12,mg/L,Agar dilution,NA,CLSI,2013,32602459,NA,New Zealand,NA
Neisseria,gonorrhoeae,SRR5827334,Intermediate,TET,Neisseria gonorrhoeae,1.00,mg/L,Agar dilution,NA,CLSI,2013,32602459,NA,New Zealand,NA
Neisseria,gonorrhoeae,SRR5827335,Intermediate,TET,Neisseria gonorrhoeae,0.50,mg/L,Agar dilution,NA,CLSI,2013,32602459,NA,New Zealand,NA
Neisseria,gonorrhoeae,SRR5827337,Resistant,TET,Neisseria gonorrhoeae,2.00,mg/L,Agar dilution,NA,CLSI,2013,32602459,NA,New Zealand,NA
Neisseria,gonorrhoeae,SRR5827339,Susceptible,TET,NA,0.12,mg/L,Agar dilution,NA,CLSI,2013,32602459,NA,New Zealand,NA
Neisseria,gonorrhoeae,SRR5827340,Susceptible,TET,NA,0.12,mg/L,Agar dilution,NA,CLSI,2013,32602459,NA,New Zealand,NA
Neisseria,gonorrhoeae,SRR5827341,Susceptible,TET,NA,0.06,mg/L,Agar dilution,NA,CLSI,2013,32602459,NA,New Zealand,NA
Neisseria,gonorrhoeae,SRR5827342,Resistant,TET,Neisseria gonorrhoeae,16.00,mg/L,Agar dilution,NA,CLSI,2013,32602459,NA,New Zealand,NA
Neisseria,gonorrhoeae,SRR5827344,Susceptible,TET,NA,0.12,mg/L,Agar dilution,NA,CLSI,2013,32602459,NA,New Zealand,NA
Neisseria,gonorrhoeae,SRR5827347,Intermediate,TET,Neisseria gonorrhoeae,1.00,mg/L,Agar dilution,NA,CLSI,2013,32602459,NA,New Zealand,NA
Neisseria,gonorrhoeae,SRR5827348,Susceptible,TET,NA,0.25,mg/L,Agar dilution,NA,CLSI,2013,32602459,NA,New Zealand,NA
Neisseria,gonorrhoeae,SRR5827350,Resistant,TET,Neisseria gonorrhoeae,16.00,mg/L,Agar dilution,NA,CLSI,2013,32602459,NA,New Zealand,NA
Neisseria,gonorrhoeae,SRR5827352,Susceptible,TET,NA,0.12,mg/L,Agar dilution,NA,CLSI,2013,32602459,NA,New Zealand,NA
Neisseria,gonorrhoeae,SRR5827353,Susceptible,TET,NA,0.06,mg/L,Agar dilution,NA,CLSI,2013,32602459,NA,New Zealand,NA
Neisseria,gonorrhoeae,SRR5827354,Susceptible,TET,NA,0.03,mg/L,Agar dilution,NA,CLSI,2013,32602459,NA,New Zealand,NA
Neisseria,gonorrhoeae,SRR5827359,Intermediate,TET,Neisseria gonorrhoeae,0.50,mg/L,Agar dilution,NA,CLSI,2013,32602459,NA,New Zealand,NA
Neisseria,gonorrhoeae,SRR5827360,Susceptible,TET,NA,0.12,mg/L,Agar dilution,NA,CLSI,2013,32602459,NA,New Zealand,NA
Neisseria,gonorrhoeae,SRR5827364,Intermediate,TET,Neisseria gonorrhoeae,1.00,mg/L,Agar dilution,NA,CLSI,2013,32602459,NA,New Zealand,NA
Neisseria,gonorrhoeae,SRR5827366,Susceptible,TET,NA,0.25,mg/L,Agar dilution,NA,CLSI,2013,32602459,NA,New Zealand,NA
Neisseria,gonorrhoeae,SRR5827368,Susceptible,TET,NA,0.12,mg/L,Agar dilution,NA,CLSI,2013,32602459,NA,New Zealand,NA
Neisseria,gonorrhoeae,SRR5827370,Susceptible,TET,NA,0.12,mg/L,Agar dilution,NA,CLSI,2013,32602459,NA,New Zealand,NA
Neisseria,gonorrhoeae,SRR5827371,Susceptible,TET,NA,0.25,mg/L,Agar dilution,NA,CLSI,2013,32602459,NA,New Zealand,NA
Neisseria,gonorrhoeae,SRR5827372,Intermediate,TET,Neisseria gonorrhoeae,1.00,mg/L,Agar dilution,NA,CLSI,2013,32602459,NA,New Zealand,NA
Neisseria,gonorrhoeae,SRR5827374,Resistant,TET,Neisseria gonorrhoeae,32.00,mg/L,Agar dilution,NA,CLSI,2013,32602459,NA,New Zealand,NA
Neisseria,gonorrhoeae,SRR5827376,Intermediate,TET,Neisseria gonorrhoeae,0.50,mg/L,Agar dilution,NA,CLSI,2013,32602459,NA,New Zealand,NA
Neisseria,gonorrhoeae,SRR5827379,Susceptible,TET,NA,0.12,mg/L,Agar dilution,NA,CLSI,2013,32602459,NA,New Zealand,NA
Neisseria,gonorrhoeae,SRR5827380,Resistant,TET,Neisseria gonorrhoeae,16.00,mg/L,Agar dilution,NA,CLSI,2013,32602459,NA,New Zealand,NA
Neisseria,gonorrhoeae,SRR5827383,Resistant,TET,Neisseria gonorrhoeae,32.00,mg/L,Agar dilution,NA,CLSI,2013,32602459,NA,New Zealand,NA
Neisseria,gonorrhoeae,SRR5827384,Susceptible,TET,NA,0.12,mg/L,Agar dilution,NA,CLSI,2013,32602459,NA,New Zealand,NA
Neisseria,gonorrhoeae,SRR5827385,Intermediate,TET,Neisseria gonorrhoeae,1.00,mg/L,Agar dilution,NA,CLSI,2013,32602459,NA,New Zealand,NA
Neisseria,gonorrhoeae,SRR5827387,Susceptible,TET,NA,0.12,mg/L,Agar dilution,NA,CLSI,2013,32602459,NA,New Zealand,NA
Neisseria,gonorrhoeae,SRR5827391,Intermediate,TET,Neisseria gonorrhoeae,1.00,mg/L,Agar dilution,NA,CLSI,2013,32602459,NA,New Zealand,NA
Neisseria,gonorrhoeae,SRR5827393,Susceptible,TET,NA,0.06,mg/L,Agar dilution,NA,CLSI,2013,32602459,NA,New Zealand,NA
Neisseria,gonorrhoeae,SRR5827395,Susceptible,TET,NA,0.12,mg/L,Agar dilution,NA,CLSI,2013,32602459,NA,New Zealand,NA
Neisseria,gonorrhoeae,SRR5827396,Resistant,TET,Neisseria gonorrhoeae,4.00,mg/L,Agar dilution,NA,CLSI,2013,32602459,NA,New Zealand,NA
Neisseria,gonorrhoeae,SRR5827398,Intermediate,TET,Neisseria gonorrhoeae,1.00,mg/L,Agar dilution,NA,CLSI,2013,32602459,NA,New Zealand,NA
Neisseria,gonorrhoeae,SRR5827399,Susceptible,TET,NA,0.25,mg/L,Agar dilution,NA,CLSI,2013,32602459,NA,New Zealand,NA
Neisseria,gonorrhoeae,SRR5827401,Susceptible,TET,NA,0.25,mg/L,Agar dilution,NA,CLSI,2013,32602459,NA,New Zealand,NA
Neisseria,gonorrhoeae,SRR5827402,Resistant,TET,Neisseria gonorrhoeae,2.00,mg/L,Agar dilution,NA,CLSI,2013,32602459,NA,New Zealand,NA
Neisseria,gonorrhoeae,SRR5827403,Intermediate,TET,Neisseria gonorrhoeae,1.00,mg/L,Agar dilution,NA,CLSI,2013,32602459,NA,New Zealand,NA
Neisseria,gonorrhoeae,SRR5827404,Intermediate,TET,Neisseria gonorrhoeae,1.00,mg/L,Agar dilution,NA,CLSI,2013,32602459,NA,New Zealand,NA
Neisseria,gonorrhoeae,SRR5827411,Susceptible,TET,NA,0.25,mg/L,Agar dilution,NA,CLSI,2013,32602459,NA,New Zealand,NA
Neisseria,gonorrhoeae,SRR5827412,Resistant,TET,Neisseria gonorrhoeae,2.00,mg/L,Agar dilution,NA,CLSI,2013,32602459,NA,New Zealand,NA
Acinetobacter,baumannii,SRR5862467,Resistant,CAZ,NA,64,mg/L,Broth dilution,VITEK 2,CLSI,2013,NA,blood,USA,NA
Escherichia,coli,SRR5862468,Susceptible,GEN,<=,1,mg/L,Broth dilution,VITEK 2,CLSI,2013,NA,urine,USA,NA
Escherichia,coli,SRR5862472,Susceptible,GEN,<=,1,mg/L,Broth dilution,VITEK 2,CLSI,2013,NA,urine,USA,NA
Acinetobacter,baumannii,SRR5862475,Resistant,CAZ,NA,64,mg/L,Broth dilution,VITEK 2,CLSI,2013,NA,wound,USA,NA
Klebsiella,pneumoniae,SRR5862477,Susceptible,GEN,<=,1,mg/L,Broth dilution,VITEK 2,CLSI,2013,NA,sputum,USA,NA
Klebsiella,pneumoniae,SRR5862478,Susceptible,GEN,<=,1,mg/L,Broth dilution,VITEK 2,CLSI,2013,NA,rectal,USA,NA
Acinetobacter,baumannii,SRR5891472,Resistant,CAZ,NA,64,mg/L,Broth dilution,VITEK 2,CLSI,2013,NA,wound,Australia,NA
Acinetobacter,baumannii,SRR5891473,Resistant,CAZ,NA,64,mg/L,Broth dilution,VITEK 2,CLSI,2013,NA,wound,Australia,NA
Acinetobacter,baumannii,SRR5891475,Resistant,CAZ,NA,64,mg/L,Broth dilution,VITEK 2,CLSI,2013,NA,wound,Australia,NA
Acinetobacter,baumannii,SRR5891477,Resistant,CAZ,NA,64,mg/L,Broth dilution,VITEK 2,CLSI,2013,NA,wound,Australia,NA
Acinetobacter,baumannii,SRR5891479,Resistant,CAZ,NA,64,mg/L,Broth dilution,VITEK 2,CLSI,2013,NA,wound,Australia,NA
Acinetobacter,baumannii,SRR5891481,Resistant,CAZ,NA,64,mg/L,Broth dilution,VITEK 2,CLSI,2013,NA,wound,Australia,NA
Acinetobacter,baumannii,SRR5891485,Resistant,CAZ,NA,64,mg/L,Broth dilution,VITEK 2,CLSI,2013,NA,wound,Australia,NA
Acinetobacter,baumannii,SRR5891486,Resistant,CAZ,NA,64,mg/L,Broth dilution,VITEK 2,CLSI,2013,NA,wound,Australia,NA
Acinetobacter,baumannii,SRR5891487,Resistant,CAZ,NA,64,mg/L,Broth dilution,VITEK 2,CLSI,2013,NA,wound,Australia,NA
Acinetobacter,baumannii,SRR5891491,Resistant,CAZ,NA,64,mg/L,Broth dilution,VITEK 2,CLSI,2013,NA,wound,Australia,NA
Acinetobacter,baumannii,SRR5891492,Resistant,CAZ,NA,64,mg/L,Broth dilution,VITEK 2,CLSI,2013,NA,wound,Australia,NA
Acinetobacter,baumannii,SRR5891493,Resistant,CAZ,NA,64,mg/L,Broth dilution,VITEK 2,CLSI,2013,NA,wound,Australia,NA
Acinetobacter,baumannii,SRR5891495,Resistant,CAZ,NA,64,mg/L,Broth dilution,VITEK 2,CLSI,2013,NA,NA,2013-10-11,NA
Acinetobacter,baumannii,SRR5891499,Resistant,CAZ,NA,64,mg/L,Broth dilution,VITEK 2,CLSI,2013,NA,wound,Australia,NA
Escherichia,coli,SRR5901125,Susceptible,GEN,<=,1,mg/L,Broth dilution,VITEK 2,CLSI,2013,NA,urine,USA,NA
Escherichia,coli,SRR5901126,Susceptible,GEN,<=,1,mg/L,Broth dilution,VITEK 2,CLSI,2013,NA,urine,USA,NA
Escherichia,coli,SRR5901129,Susceptible,GEN,<=,1,mg/L,Broth dilution,VITEK 2,CLSI,2013,NA,umbilicus,USA,NA
Acinetobacter,baumannii,SRR5901132,Resistant,CAZ,NA,64,mg/L,Broth dilution,VITEK 2,CLSI,2013,NA,wound,USA,NA
Escherichia,coli,SRR5901134,Intermediate,GEN,NA,4,mg/L,Broth dilution,VITEK 2,CLSI,2013,NA,urine,USA,NA
Escherichia,coli,SRR5901135,Susceptible,GEN,=,2,mg/L,Broth dilution,VITEK 2,CLSI,2013,NA,abdominal,USA,NA
Pseudomonas,aeruginosa,SRR5901137,Intermediate,CAZ,NA,18,mm,Disk diffusion,KB panel,CLSI,2013,NA,bronchial alveolar lavage,USA,NA
Escherichia,coli,SRR5901138,Susceptible,GEN,<=,1,mg/L,Broth dilution,VITEK 2,CLSI,2013,NA,urine,USA,NA
Escherichia,coli,SRR5901139,Resistant,GEN,NA,16,mg/L,Broth dilution,VITEK 2,CLSI,2013,NA,urine,USA,NA
Klebsiella,pneumoniae,SRR5973236,Resistant,GEN,NA,8,mg/L,Broth dilution,BD Phoenix,CLSI,2013,28776045,NA,NA,NA
Klebsiella,pneumoniae,SRR5973237,Susceptible,GEN,NA,2,mg/L,Broth dilution,BD Phoenix,CLSI,2013,28776045,NA,NA,NA
Klebsiella,pneumoniae,SRR5973238,Resistant,GEN,NA,8,mg/L,Broth dilution,BD Phoenix,CLSI,2013,28776045,NA,NA,NA
Klebsiella,pneumoniae,SRR5973239,Resistant,GEN,NA,8,mg/L,Broth dilution,BD Phoenix,CLSI,2013,28776045,NA,NA,NA
Klebsiella,pneumoniae,SRR5973241,Intermediate,GEN,NA,4,mg/L,Broth dilution,BD Phoenix,CLSI,2013,28776045,NA,NA,NA
Klebsiella,pneumoniae,SRR5973244,Susceptible,GEN,NA,2,mg/L,Broth dilution,BD Phoenix,CLSI,2013,28776045,NA,NA,NA
Klebsiella,pneumoniae,SRR5973252,Susceptible,GEN,NA,1,mg/L,Broth dilution,BD Phoenix,CLSI,2013,28776045,NA,NA,NA
Klebsiella,pneumoniae,SRR5973254,Resistant,GEN,NA,8,mg/L,Broth dilution,BD Phoenix,CLSI,2013,28776045,NA,NA,NA
Klebsiella,pneumoniae,SRR5973255,Susceptible,GEN,NA,1,mg/L,Broth dilution,BD Phoenix,CLSI,2013,28776045,NA,NA,NA
Klebsiella,pneumoniae,SRR5973258,Susceptible,GEN,NA,1,mg/L,Broth dilution,BD Phoenix,CLSI,2013,28776045,NA,NA,NA
Klebsiella,pneumoniae,SRR5973264,Susceptible,GEN,NA,1,mg/L,Broth dilution,BD Phoenix,CLSI,2013,28776045,NA,NA,NA
Klebsiella,pneumoniae,SRR5973266,Susceptible,GEN,NA,1,mg/L,Broth dilution,BD Phoenix,CLSI,2013,28776045,NA,NA,NA
Klebsiella,pneumoniae,SRR5973267,Resistant,GEN,NA,8,mg/L,Broth dilution,BD Phoenix,CLSI,2013,28776045,NA,NA,NA
Klebsiella,pneumoniae,SRR5973268,Resistant,GEN,NA,8,mg/L,Broth dilution,BD Phoenix,CLSI,2013,28776045,NA,NA,NA
Klebsiella,pneumoniae,SRR5973276,Susceptible,GEN,<=,0.5,mg/L,Broth dilution,BD Phoenix,CLSI,2013,28776045,NA,NA,NA
Klebsiella,pneumoniae,SRR5973279,Susceptible,GEN,NA,2,mg/L,Broth dilution,BD Phoenix,CLSI,2013,28776045,NA,NA,NA
Klebsiella,pneumoniae,SRR5973290,Resistant,GEN,NA,8,mg/L,Broth dilution,BD Phoenix,CLSI,2013,28776045,NA,NA,NA
Klebsiella,pneumoniae,SRR5973296,Susceptible,GEN,NA,1,mg/L,Broth dilution,BD Phoenix,CLSI,2013,28776045,NA,NA,NA
Klebsiella,pneumoniae,SRR5973300,Susceptible,GEN,NA,1,mg/L,Broth dilution,BD Phoenix,CLSI,2013,28776045,NA,NA,NA
Klebsiella,pneumoniae,SRR5973304,Susceptible,GEN,NA,1,mg/L,Broth dilution,BD Phoenix,CLSI,2013,28776045,NA,NA,NA
Klebsiella,pneumoniae,SRR5973307,Susceptible,GEN,NA,1,mg/L,Broth dilution,BD Phoenix,CLSI,2013,28776045,NA,NA,NA
Klebsiella,pneumoniae,SRR5973314,Susceptible,GEN,NA,1,mg/L,Broth dilution,BD Phoenix,CLSI,2013,28776045,NA,NA,NA
Klebsiella,pneumoniae,SRR5973315,Resistant,GEN,NA,8,mg/L,Broth dilution,BD Phoenix,CLSI,2013,28776045,NA,NA,NA
Klebsiella,pneumoniae,SRR5973318,Resistant,GEN,NA,8,mg/L,Broth dilution,BD Phoenix,CLSI,2013,28776045,NA,NA,NA
Klebsiella,pneumoniae,SRR5973320,Resistant,GEN,NA,8,mg/L,Broth dilution,BD Phoenix,CLSI,2013,28776045,NA,NA,NA
Klebsiella,pneumoniae,SRR5973325,Susceptible,GEN,NA,1,mg/L,Broth dilution,BD Phoenix,CLSI,2013,28776045,NA,NA,NA
Klebsiella,pneumoniae,SRR5973331,Susceptible,GEN,<=,0.5,mg/L,Broth dilution,BD Phoenix,CLSI,2013,28776045,NA,NA,NA
Klebsiella,pneumoniae,SRR5973332,Susceptible,GEN,NA,1,mg/L,Broth dilution,BD Phoenix,CLSI,2013,28776045,NA,NA,NA
Klebsiella,pneumoniae,SRR5973334,Susceptible,GEN,NA,1,mg/L,Broth dilution,BD Phoenix,CLSI,2013,28776045,NA,NA,NA
Klebsiella,pneumoniae,SRR5973339,Resistant,GEN,NA,8,mg/L,Broth dilution,BD Phoenix,CLSI,2013,28776045,NA,NA,NA
Klebsiella,pneumoniae,SRR5973340,Resistant,GEN,NA,8,mg/L,Broth dilution,BD Phoenix,CLSI,2013,28776045,NA,NA,NA
Klebsiella,pneumoniae,SRR5973341,Resistant,GEN,NA,8,mg/L,Broth dilution,BD Phoenix,CLSI,2013,28776045,NA,NA,NA
Klebsiella,pneumoniae,SRR5973344,Susceptible,GEN,NA,1,mg/L,Broth dilution,BD Phoenix,CLSI,2013,28776045,NA,NA,NA
Klebsiella,pneumoniae,SRR5973347,Susceptible,GEN,NA,1,mg/L,Broth dilution,BD Phoenix,CLSI,2013,28776045,NA,NA,NA
Klebsiella,pneumoniae,SRR5973349,Susceptible,GEN,<=,0.5,mg/L,Broth dilution,BD Phoenix,CLSI,2013,28776045,NA,NA,NA
Klebsiella,pneumoniae,SRR5973353,Susceptible,GEN,NA,1,mg/L,Broth dilution,BD Phoenix,CLSI,2013,28776045,NA,NA,NA
Klebsiella,pneumoniae,SRR5973354,Susceptible,GEN,NA,1,mg/L,Broth dilution,BD Phoenix,CLSI,2013,28776045,NA,NA,NA
Klebsiella,pneumoniae,SRR5973355,Resistant,GEN,NA,8,mg/L,Broth dilution,BD Phoenix,CLSI,2013,28776045,NA,NA,NA
Klebsiella,pneumoniae,SRR5973359,Susceptible,GEN,NA,1,mg/L,Broth dilution,BD Phoenix,CLSI,2013,28776045,NA,NA,NA
Klebsiella,pneumoniae,SRR5973360,Susceptible,GEN,NA,1,mg/L,Broth dilution,BD Phoenix,CLSI,2013,28776045,NA,NA,NA
Klebsiella,pneumoniae,SRR5973361,Resistant,GEN,NA,8,mg/L,Broth dilution,BD Phoenix,CLSI,2013,28776045,NA,NA,NA
Klebsiella,pneumoniae,SRR5973363,Susceptible,GEN,NA,1,mg/L,Broth dilution,BD Phoenix,CLSI,2013,28776045,NA,NA,NA
Klebsiella,pneumoniae,SRR5973364,Susceptible,GEN,NA,1,mg/L,Broth dilution,BD Phoenix,CLSI,2013,28776045,NA,NA,NA
Klebsiella,pneumoniae,SRR5973367,Susceptible,GEN,NA,1,mg/L,Broth dilution,BD Phoenix,CLSI,2013,28776045,NA,NA,NA
Klebsiella,pneumoniae,SRR5973368,Susceptible,GEN,NA,1,mg/L,Broth dilution,BD Phoenix,CLSI,2013,28776045,NA,NA,NA
Klebsiella,pneumoniae,SRR5973370,Susceptible,GEN,NA,1,mg/L,Broth dilution,BD Phoenix,CLSI,2013,28776045,NA,NA,NA
Klebsiella,pneumoniae,SRR5973373,Susceptible,GEN,NA,1,mg/L,Broth dilution,BD Phoenix,CLSI,2013,28776045,NA,NA,NA
Klebsiella,pneumoniae,SRR5973380,Resistant,GEN,NA,8,mg/L,Broth dilution,BD Phoenix,CLSI,2013,28776045,NA,NA,NA
Klebsiella,pneumoniae,SRR5973382,Susceptible,GEN,NA,2,mg/L,Broth dilution,BD Phoenix,CLSI,2013,28776045,NA,NA,NA
Klebsiella,pneumoniae,SRR5973385,Susceptible,GEN,NA,1,mg/L,Broth dilution,BD Phoenix,CLSI,2013,28776045,NA,NA,NA
Klebsiella,pneumoniae,SRR5973386,Susceptible,GEN,NA,1,mg/L,Broth dilution,BD Phoenix,CLSI,2013,28776045,NA,NA,NA
Klebsiella,pneumoniae,SRR5973387,Susceptible,GEN,NA,1,mg/L,Broth dilution,BD Phoenix,CLSI,2013,28776045,NA,NA,NA
Klebsiella,pneumoniae,SRR5973390,Resistant,GEN,NA,8,mg/L,Broth dilution,BD Phoenix,CLSI,2013,28776045,NA,NA,NA
Klebsiella,pneumoniae,SRR5973393,Resistant,GEN,NA,8,mg/L,Broth dilution,BD Phoenix,CLSI,2013,28776045,NA,NA,NA
Klebsiella,pneumoniae,SRR5973394,Resistant,GEN,NA,8,mg/L,Broth dilution,BD Phoenix,CLSI,2013,28776045,NA,NA,NA
Klebsiella,pneumoniae,SRR5973406,Susceptible,GEN,NA,1,mg/L,Broth dilution,BD Phoenix,CLSI,2013,28776045,NA,NA,NA
Klebsiella,pneumoniae,SRR5973407,Susceptible,GEN,NA,1,mg/L,Broth dilution,BD Phoenix,CLSI,2013,28776045,NA,NA,NA
Klebsiella,pneumoniae,SRR5973408,Susceptible,GEN,<=,0.5,mg/L,Broth dilution,BD Phoenix,CLSI,2013,28776045,NA,NA,NA
Escherichia,coli,SRR6037661,Susceptible,GEN,=,1,mg/L,Broth dilution,E-test,CLSI,2013,NA,CP023261,CP023264,CP023260
Acinetobacter,baumannii,SRR6037662,Resistant,CAZ,NA,256,mg/L,Broth dilution,E-test,CLSI,2013,NA,wound,Sweden,NA
Pseudomonas,aeruginosa,SRR6037663,Resistant,CAZ,NA,256,mg/L,Broth dilution,E-test,CLSI,2013,NA,sputum,Sweden,NA
Neisseria,gonorrhoeae,SRR6238585,Intermediate,TET,NA,0.5,mg/L,Broth dilution,NA,CLSI,2013,NA,NA,Japan,NA
Klebsiella,pneumoniae,SRR6310475,Resistant,GEN,NA,16,mg/L,Broth dilution,VITEK 2,CLSI,2013,NA,urine,USA,NA
Acinetobacter,baumannii,SRR654213,Resistant,CAZ,Acinetobacter baumannii ANC 4097,256,mg/L,Disk diffusion,E-test,CLSI,2013,24277043,tracheal aspirate,Czech Republic,NA
Acinetobacter,baumannii,SRR654250,Susceptible,CAZ,NA,2,mg/L,Disk diffusion,E-test,CLSI,2013,24277043,urine,Netherlands,NA
Acinetobacter,baumannii,SRR654292,Susceptible,CAZ,NA,4,mg/L,Disk diffusion,E-test,CLSI,2013,24277043,urine,Netherlands,NA
Acinetobacter,baumannii,SRR654338,Resistant,CAZ,Acinetobacter baumannii NIPH 1669,32,mg/L,Disk diffusion,E-test,CLSI,2013,24277043,Blood,Netherlands,NA
Acinetobacter,baumannii,SRR654382,Susceptible,CAZ,NA,1,mg/L,Disk diffusion,E-test,CLSI,2013,24277043,urine,Czech Republic,NA
Acinetobacter,baumannii,SRR654415,Susceptible,CAZ,NA,4,mg/L,Disk diffusion,E-test,CLSI,2013,24277043,I.V. Cannula,Czech Republic,NA
Acinetobacter,baumannii,SRR6703158,Resistant,CAZ,NA,128,mg/L,Broth dilution,NA,CLSI,2013,NA,NA,NA,NA
Escherichia,coli,SRR6703161,Susceptible,GEN,=,1,mg/L,Broth dilution,NA,CLSI,2013,NA,NA,NA,NA
Pseudomonas,aeruginosa,SRR6799223,Resistant,CAZ,NA,32,mg/L,Broth dilution,NA,CLSI,2013,NA,NA,NA,NA
Pseudomonas,aeruginosa,SRR6799372,Resistant,CAZ,NA,128,mg/L,Broth dilution,NA,CLSI,2013,NA,NA,NA,NA
Pseudomonas,aeruginosa,SRR6799376,Resistant,CAZ,NA,32,mg/L,Broth dilution,NA,CLSI,2013,NA,NA,NA,NA
Pseudomonas,aeruginosa,SRR6799378,Resistant,CAZ,NA,64,mg/L,Broth dilution,NA,CLSI,2013,NA,NA,NA,NA
Pseudomonas,aeruginosa,SRR6799380,Resistant,CAZ,NA,64,mg/L,Broth dilution,NA,CLSI,2013,NA,CP027167,NA,CP027170
Pseudomonas,aeruginosa,SRR6799383,Resistant,CAZ,NA,128,mg/L,Broth dilution,NA,CLSI,2013,NA,NA,NA,NA
Pseudomonas,aeruginosa,SRR6799386,Resistant,CAZ,NA,128,mg/L,Broth dilution,NA,CLSI,2013,NA,NA,NA,NA
Pseudomonas,aeruginosa,SRR6799388,Resistant,CAZ,NA,64,mg/L,Broth dilution,NA,CLSI,2013,NA,NA,NA,NA
Pseudomonas,aeruginosa,SRR6799390,Resistant,CAZ,NA,64,mg/L,Broth dilution,NA,CLSI,2013,NA,NA,NA,NA
Escherichia,coli,SRR6799401,Resistant,GEN,NA,16,mg/L,Broth dilution,NA,CLSI,2013,NA,CP027135,NA,CP027138
Escherichia,coli,SRR6799403,Susceptible,GEN,=,0.5,mg/L,Broth dilution,NA,CLSI,2013,NA,NA,NA,NA
Escherichia,coli,SRR6799406,Susceptible,GEN,=,1,mg/L,Broth dilution,NA,CLSI,2013,NA,NA,NA,NA
Escherichia,coli,SRR6799409,Intermediate,GEN,NA,4,mg/L,Broth dilution,NA,CLSI,2013,NA,CP027125,NA,CP027127
Acinetobacter,baumannii,SRR6799416,Resistant,CAZ,NA,128,mg/L,Broth dilution,NA,CLSI,2013,NA,CP026708,NA,CP026706
Escherichia,coli,SRR6807650,Susceptible,GEN,=,0.5,mg/L,Broth dilution,NA,CLSI,2013,NA,NA,NA,NA
Escherichia,coli,SRR6807652,Resistant,GEN,NA,16,mg/L,Broth dilution,NA,CLSI,2013,NA,CP027131,NA,CP027132
Pseudomonas,aeruginosa,SRR6807658,Resistant,CAZ,NA,32,mg/L,Broth dilution,NA,CLSI,2013,NA,NA,NA,CP027176
Escherichia,coli,SRR6817615,Susceptible,GEN,=,0.5,mg/L,Broth dilution,NA,CLSI,2013,NA,CP027536,NA,CP027537
Acinetobacter,baumannii,SRR6818604,Resistant,CAZ,NA,128,mg/L,Broth dilution,NA,CLSI,2013,NA,NA,NA,NA
Acinetobacter,baumannii,SRR6818605,Resistant,CAZ,NA,128,mg/L,Broth dilution,NA,CLSI,2013,NA,NA,NA,CP027532
Acinetobacter,baumannii,SRR6818794,Resistant,CAZ,NA,128,mg/L,Broth dilution,NA,CLSI,2013,NA,NA,NA,NA
Acinetobacter,baumannii,SRR6818824,Resistant,CAZ,NA,64,mg/L,Broth dilution,NA,CLSI,2013,NA,NA,NA,CP027609
Pseudomonas,aeruginosa,SRR6818875,Susceptible,CAZ,=,8,mg/L,Broth dilution,NA,CLSI,2013,NA,NA,NA,NA
Staphylococcus,aureus,SRR6985636,Resistant,ERY,NA,8,mg/L,Broth dilution,NA,CLSI,2013,NA,NA,NA,CP029677
Staphylococcus,aureus,SRR6985639,Resistant,ERY,NA,8,mg/L,Broth dilution,NA,CLSI,2013,NA,NA,NA,NA
Staphylococcus,aureus,SRR6985643,Resistant,ERY,NA,8,mg/L,Broth dilution,NA,CLSI,2013,NA,NA,NA,NA
Staphylococcus,aureus,SRR6985644,Susceptible,ERY,<=,0.25,mg/L,Broth dilution,NA,CLSI,2013,NA,NA,NA,NA
Staphylococcus,aureus,SRR6985647,Resistant,ERY,NA,8,mg/L,Broth dilution,NA,CLSI,2013,NA,NA,NA,NA
Staphylococcus,aureus,SRR6985650,Susceptible,ERY,<=,0.25,mg/L,Broth dilution,NA,CLSI,2013,NA,NA,NA,NA
Staphylococcus,aureus,SRR6985655,Resistant,ERY,NA,8,mg/L,Broth dilution,NA,CLSI,2013,NA,NA,NA,NA
Pseudomonas,aeruginosa,SRR6985658,Resistant,CAZ,NA,64,mg/L,Broth dilution,NA,CLSI,2013,NA,NA,NA,NA
Pseudomonas,aeruginosa,SRR6985662,Resistant,CAZ,NA,128,mg/L,Broth dilution,NA,CLSI,2013,NA,NA,NA,NA
Escherichia,coli,SRR6985671,Susceptible,GEN,=,1,mg/L,Broth dilution,NA,CLSI,2013,NA,NA,NA,NA
Escherichia,coli,SRR6985676,Susceptible,GEN,<=,0.25,mg/L,Broth dilution,NA,CLSI,2013,NA,CP029105,NA,CP029104
Pseudomonas,aeruginosa,SRR6985679,Resistant,CAZ,NA,64,mg/L,Broth dilution,NA,CLSI,2013,NA,CP029094,NA,CP029092
Pseudomonas,aeruginosa,SRR6985682,Resistant,CAZ,NA,128,mg/L,Broth dilution,NA,CLSI,2013,NA,NA,NA,NA
Pseudomonas,aeruginosa,SRR6985684,Resistant,CAZ,NA,64,mg/L,Broth dilution,NA,CLSI,2013,NA,NA,NA,NA
Pseudomonas,aeruginosa,SRR6985685,Resistant,CAZ,NA,32,mg/L,Broth dilution,NA,CLSI,2013,NA,NA,NA,NA
Pseudomonas,aeruginosa,SRR6985689,Resistant,CAZ,NA,128,mg/L,Broth dilution,NA,CLSI,2013,NA,NA,NA,NA
Escherichia,coli,SRR6985693,Susceptible,GEN,=,0.5,mg/L,Broth dilution,NA,CLSI,2013,NA,CP030330,NA,CP030332
Pseudomonas,aeruginosa,SRR6985696,Resistant,CAZ,NA,128,mg/L,Broth dilution,NA,CLSI,2013,NA,NA,NA,NA
Pseudomonas,aeruginosa,SRR6985697,Resistant,CAZ,NA,64,mg/L,Broth dilution,NA,CLSI,2013,NA,NA,NA,NA
Staphylococcus,aureus,SRR6985700,Resistant,ERY,NA,8,mg/L,Broth dilution,NA,CLSI,2013,NA,NA,NA,NA
Staphylococcus,aureus,SRR6985702,Resistant,ERY,NA,8,mg/L,Broth dilution,NA,CLSI,2013,NA,NA,NA,NA
Staphylococcus,aureus,SRR6985705,Susceptible,ERY,=,0.5,mg/L,Broth dilution,NA,CLSI,2013,NA,NA,NA,NA
Staphylococcus,aureus,SRR6985706,Resistant,ERY,NA,8,mg/L,Broth dilution,NA,CLSI,2013,NA,NA,NA,NA
Staphylococcus,aureus,SRR6985709,Resistant,ERY,NA,8,mg/L,Broth dilution,NA,CLSI,2013,NA,NA,NA,NA
Staphylococcus,aureus,SRR6985711,Resistant,ERY,NA,8,mg/L,Broth dilution,NA,CLSI,2013,NA,NA,NA,NA
Staphylococcus,aureus,SRR6985712,Resistant,ERY,NA,8,mg/L,Broth dilution,NA,CLSI,2013,NA,NA,NA,NA
Staphylococcus,aureus,SRR6985715,Intermediate,ERY,NA,1,mg/L,Broth dilution,NA,CLSI,2013,NA,NA,NA,NA
Staphylococcus,aureus,SRR6985716,Resistant,ERY,NA,8,mg/L,Broth dilution,NA,CLSI,2013,NA,NA,NA,NA
Staphylococcus,aureus,SRR6985719,Resistant,ERY,NA,8,mg/L,Broth dilution,NA,CLSI,2013,NA,NA,NA,NA
Staphylococcus,aureus,SRR6985722,Resistant,ERY,NA,8,mg/L,Broth dilution,NA,CLSI,2013,NA,NA,NA,NA
Staphylococcus,aureus,SRR6985724,Resistant,ERY,NA,8,mg/L,Broth dilution,NA,CLSI,2013,NA,NA,NA,NA
Staphylococcus,aureus,SRR6985727,Resistant,ERY,NA,8,mg/L,Broth dilution,NA,CLSI,2013,NA,NA,NA,CP029662
Pseudomonas,aeruginosa,SRR6985732,Susceptible,CAZ,=,2,mg/L,Broth dilution,NA,CLSI,2013,NA,NA,NA,NA
Staphylococcus,aureus,SRR6985734,Resistant,ERY,NA,8,mg/L,Broth dilution,NA,CLSI,2013,NA,NA,NA,NA
Escherichia,coli,SRR6985738,Resistant,GEN,NA,8,mg/L,Broth dilution,NA,CLSI,2013,NA,CP030339,CP030333,CP030340
Staphylococcus,aureus,SRR6985740,Resistant,ERY,NA,8,mg/L,Broth dilution,NA,CLSI,2013,NA,NA,NA,NA
Staphylococcus,aureus,SRR6994965,Resistant,ERY,NA,8,mg/L,Broth dilution,NA,CLSI,2013,NA,NA,NA,NA
Escherichia,coli,SRR6994975,Susceptible,GEN,=,0.5,mg/L,Broth dilution,NA,CLSI,2013,NA,NA,NA,NA
Escherichia,coli,SRR6994976,Resistant,GEN,NA,16,mg/L,Broth dilution,NA,CLSI,2013,NA,NA,NA,NA
Escherichia,coli,SRR6994978,Resistant,GEN,NA,16,mg/L,Broth dilution,NA,CLSI,2013,NA,CP029116,CP029119,CP029114
Escherichia,coli,SRR6994980,Intermediate,GEN,NA,4,mg/L,Broth dilution,NA,CLSI,2013,NA,CP029112,NA,CP029110
Staphylococcus,aureus,SRR6994983,Intermediate,ERY,NA,1,mg/L,Broth dilution,NA,CLSI,2013,NA,NA,NA,NA
Pseudomonas,aeruginosa,SRR6994986,Resistant,CAZ,NA,128,mg/L,Broth dilution,NA,CLSI,2013,NA,NA,NA,CP029096
Pseudomonas,aeruginosa,SRR6994988,Resistant,CAZ,NA,64,mg/L,Broth dilution,NA,CLSI,2013,NA,NA,NA,NA
Pseudomonas,aeruginosa,SRR6994989,Resistant,CAZ,NA,64,mg/L,Broth dilution,NA,CLSI,2013,NA,NA,NA,NA
Pseudomonas,aeruginosa,SRR6994991,Resistant,CAZ,NA,64,mg/L,Broth dilution,NA,CLSI,2013,NA,NA,NA,NA
Escherichia,coli,SRR6994993,Susceptible,GEN,=,1,mg/L,Broth dilution,NA,CLSI,2013,NA,NA,NA,NA
Pseudomonas,aeruginosa,SRR6994997,Resistant,CAZ,NA,64,mg/L,Broth dilution,NA,CLSI,2013,NA,NA,NA,NA
Pseudomonas,aeruginosa,SRR6995000,Resistant,CAZ,NA,128,mg/L,Broth dilution,NA,CLSI,2013,NA,NA,NA,NA
Pseudomonas,aeruginosa,SRR6995002,Resistant,CAZ,NA,64,mg/L,Broth dilution,NA,CLSI,2013,NA,NA,NA,NA
Pseudomonas,aeruginosa,SRR6995003,Resistant,CAZ,NA,128,mg/L,Broth dilution,NA,CLSI,2013,NA,NA,NA,NA
Staphylococcus,aureus,SRR6995006,Susceptible,ERY,=,0.5,mg/L,Broth dilution,NA,CLSI,2013,NA,NA,NA,NA
Staphylococcus,aureus,SRR6995007,Susceptible,ERY,=,0.5,mg/L,Broth dilution,NA,CLSI,2013,NA,NA,NA,NA
Staphylococcus,aureus,SRR6995017,Susceptible,ERY,=,0.5,mg/L,Broth dilution,NA,CLSI,2013,NA,NA,NA,CP029651
Staphylococcus,aureus,SRR6995020,Resistant,ERY,NA,8,mg/L,Broth dilution,NA,CLSI,2013,NA,NA,NA,NA
Acinetobacter,baumannii,SRR721178,Susceptible,CAZ,NA,2,mg/L,Disk diffusion,E-test,CLSI,2013,24277043,Sputum,Czech Republic,NA
Acinetobacter,baumannii,SRR721187,Susceptible,CAZ,NA,0.5,mg/L,Disk diffusion,E-test,CLSI,2013,24277043,tracheal secretion,Czech Republic,NA
Acinetobacter,baumannii,SRR721188,Susceptible,CAZ,NA,0.5,mg/L,Disk diffusion,E-test,CLSI,2013,24277043,tracheal secretion,Czech Republic,NA
Acinetobacter,baumannii,SRR721195,Susceptible,CAZ,NA,1,mg/L,Disk diffusion,E-test,CLSI,2013,24277043,wound,Czech Republic,NA
Acinetobacter,baumannii,SRR721209,Susceptible,CAZ,NA,4,mg/L,Disk diffusion,E-test,CLSI,2013,24277043,Sputum,Czech Republic,NA
Acinetobacter,baumannii,SRR721211,Resistant,CAZ,Acinetobacter baumannii NIPH 2061,256,mg/L,Disk diffusion,E-test,CLSI,2013,24277043,I.V. Cannula,Czech Republic,NA
Acinetobacter,baumannii,SRR721218,Susceptible,CAZ,NA,4,mg/L,Disk diffusion,E-test,CLSI,2013,24277043,urine,Czech Republic,NA
Escherichia,coli,SRR7252659,Susceptible,GEN,=,0.5,mg/L,Broth dilution,NA,CLSI,2013,NA,CP029744,NA,CP029743
Pseudomonas,aeruginosa,SRR7252691,Resistant,CAZ,NA,64,mg/L,Broth dilution,NA,CLSI,2013,NA,NA,NA,NA
Acinetobacter,baumannii,SRR728961,Susceptible,CAZ,NA,2,mg/L,Disk diffusion,E-test,CLSI,2013,24277043,Nasal Swab,Czech Republic,NA
Acinetobacter,baumannii,SRR728972,Susceptible,CAZ,NA,8,mg/L,Disk diffusion,E-test,CLSI,2013,24277043,Urine,NA,NA
Acinetobacter,baumannii,SRR741913,Susceptible,CAZ,NA,2,mg/L,Disk diffusion,E-test,CLSI,2013,24277043,tracheal secretion,Czech Republic,NA
Acinetobacter,baumannii,SRR741916,Susceptible,CAZ,NA,2,mg/L,Disk diffusion,E-test,CLSI,2013,24277043,tracheal secretion,Czech Republic,NA
Acinetobacter,baumannii,SRR741918,Susceptible,CAZ,NA,4,mg/L,Disk diffusion,E-test,CLSI,2013,24277043,tracheal secretion,Czech Republic,NA
Staphylococcus,aureus,SRR7795229,Susceptible,ERY,=,0.25,mg/L,Broth dilution,BD Phoenix,CLSI,2013,NA,Skin lesions,Russia,NA
Staphylococcus,aureus,SRR7795230,Susceptible,ERY,<=,0.25,mg/L,Broth dilution,BD Phoenix,CLSI,2013,NA,Skin lesions,Russia,NA
Staphylococcus,aureus,SRR7795231,Susceptible,ERY,<=,0.25,mg/L,Broth dilution,BD Phoenix,CLSI,2013,NA,Skin lesions,Russia,NA
Staphylococcus,aureus,SRR7795232,Susceptible,ERY,<=,0.25,mg/L,Broth dilution,BD Phoenix,CLSI,2013,NA,Skin lesions,Russia,NA
Staphylococcus,aureus,SRR7795233,Susceptible,ERY,<=,0.25,mg/L,Broth dilution,BD Phoenix,CLSI,2013,NA,Skin lesions,Russia,NA
Escherichia,coli,SRR7817826,Resistant,GEN,NA,16,mg/L,Broth dilution,NA,CLSI,2013,NA,NA,NA,NA
Escherichia,coli,SRR7817909,Susceptible,GEN,=,0.5,mg/L,Broth dilution,NA,CLSI,2013,NA,CP032260,NA,CP032259
Klebsiella,pneumoniae,SRR7818144,Resistant,GEN,NA,16,mg/L,Broth dilution,NA,CLSI,2013,NA,CP032188,CP032191,CP032187
Escherichia,coli,SRR7818146,Resistant,GEN,NA,16,mg/L,Broth dilution,NA,CLSI,2013,NA,NA,NA,CP032203
Escherichia,coli,SRR7818258,Susceptible,GEN,=,0.5,mg/L,Broth dilution,NA,CLSI,2013,NA,NA,NA,CP032264
Klebsiella,pneumoniae,SRR7818324,Resistant,GEN,NA,16,mg/L,Broth dilution,NA,CLSI,2013,NA,CP032209,CP032212,CP032208
Pseudomonas,aeruginosa,SRR7818938,Intermediate,CAZ,NA,16,mg/L,Broth dilution,NA,CLSI,2013,NA,NA,NA,NA
Escherichia,coli,SRR8443717,Intermediate,GEN,NA,6,mm,Disk diffusion,NA,CLSI,2013,NA,urine,Brazil,NA
Escherichia,coli,SRR8444321,Resistant,GEN,NA,14,mm,Disk diffusion,NA,CLSI,2013,NA,NA,NA,CP035324
Escherichia,coli,SRR8445030,Intermediate,GEN,NA,6,mm,Disk diffusion,NA,CLSI,2013,NA,CP035363,NA,CP035362
Escherichia,coli,SRR8448315,Resistant,GEN,NA,18,mm,Disk diffusion,NA,CLSI,2013,NA,CP035334,urine,CP035333
Escherichia,coli,SRR8448905,Resistant,GEN,NA,10,mm,Disk diffusion,NA,CLSI,2013,NA,CP035346,CP035336,CP035345
Escherichia,coli,SRR8449564,Intermediate,GEN,NA,6,mm,Disk diffusion,NA,CLSI,2013,NA,NA,NA,CP035379
Escherichia,coli,SRR8449826,Resistant,GEN,NA,14,mm,Disk diffusion,NA,CLSI,2013,NA,CP035355,CP035358,CP035353
Escherichia,coli,SRR850788,Resistant,GEN,Escherichia coli BIDMC 15,8,mg/L,Broth dilution,NA,CLSI,2013,NA,SWAB,2010-03-01,NA
Escherichia,coli,SRR850791,Resistant,GEN,Escherichia coli BIDMC 17B,8,mg/L,Broth dilution,NA,CLSI,2013,NA,PERITONEAL FLUID,USA,NA
Escherichia,coli,SRR850815,Susceptible,GEN,<=,1,mg/L,Broth dilution,NA,CLSI,2013,NA,Missing; Blood,USA,NA
Escherichia,coli,SRR850820,Susceptible,GEN,<=,1,mg/L,Broth dilution,NA,CLSI,2013,NA,Missing; Blood,USA,NA
Escherichia,coli,SRR850823,Resistant,GEN,Escherichia coli BIDMC 39,8,mg/L,Broth dilution,NA,CLSI,2013,NA,Missing; Blood,USA,NA
Klebsiella,pneumoniae,SRR850883,Resistant,GEN,Klebsiella pneumoniae BIDMC 14,8,mg/L,Broth dilution,NA,CLSI,2013,NA,URINE,USA,NA
Klebsiella,pneumoniae,SRR850944,Susceptible,GEN,<=,1,mg/L,Broth dilution,NA,CLSI,2013,NA,Urine,USA,NA
Klebsiella,pneumoniae,SRR850995,Susceptible,GEN,<=,1,mg/L,Broth dilution,VITEK 2,CLSI,2013,NA,Respiratory,USA,NA
Klebsiella,pneumoniae,SRR850998,Susceptible,GEN,<=,1,mg/L,Broth dilution,VITEK 2,CLSI,2013,NA,Urine,USA,NA
Klebsiella,pneumoniae,SRR851006,Susceptible,GEN,<=,1,mg/L,Broth dilution,VITEK 2,CLSI,2013,NA,Urine,USA,NA
Klebsiella,pneumoniae,SRR8607458,Susceptible,GEN,<=,1,mg/L,Broth dilution,NA,CLSI,2013,29431605,Stool,Greece,NA
Klebsiella,pneumoniae,SRR8607468,Susceptible,GEN,<=,1,mg/L,Broth dilution,NA,CLSI,2013,29431605,Sputum,Greece,NA
Pseudomonas,aeruginosa,SRR8737281,Intermediate,CAZ,NA,16,mg/L,Broth dilution,NA,CLSI,2013,32048461,NA,Germany,NA
Pseudomonas,aeruginosa,SRR8737282,Resistant,CAZ,NA,32,mg/L,Broth dilution,NA,CLSI,2013,32048461,NA,Germany,NA
Pseudomonas,aeruginosa,SRR8737283,Susceptible,CAZ,NA,2,mg/L,Broth dilution,NA,CLSI,2013,32048461,NA,Germany,NA
Pseudomonas,aeruginosa,SRR8737284,Susceptible,CAZ,NA,1,mg/L,Broth dilution,NA,CLSI,2013,32048461,NA,Germany,NA
Pseudomonas,aeruginosa,SRR8737285,Susceptible,CAZ,NA,1,mg/L,Broth dilution,NA,CLSI,2013,32048461,NA,Germany,NA
Pseudomonas,aeruginosa,SRR8737286,Susceptible,CAZ,NA,1,mg/L,Broth dilution,NA,CLSI,2013,32048461,NA,Germany,NA
Pseudomonas,aeruginosa,SRR8737287,Resistant,CAZ,NA,32,mg/L,Broth dilution,NA,CLSI,2013,32048461,NA,Germany,NA
Pseudomonas,aeruginosa,SRR8737288,Susceptible,CAZ,NA,8,mg/L,Broth dilution,NA,CLSI,2013,32048461,NA,Germany,NA
Pseudomonas,aeruginosa,SRR8737289,Susceptible,CAZ,NA,2,mg/L,Broth dilution,NA,CLSI,2013,32048461,NA,Spain,NA
Pseudomonas,aeruginosa,SRR8737290,Susceptible,CAZ,NA,4,mg/L,Broth dilution,NA,CLSI,2013,32048461,NA,Germany,NA
Pseudomonas,aeruginosa,SRR8737291,Resistant,CAZ,NA,64,mg/L,Broth dilution,NA,CLSI,2013,32048461,NA,Germany,NA
Pseudomonas,aeruginosa,SRR8737292,Resistant,CAZ,NA,128,mg/L,Broth dilution,NA,CLSI,2013,32048461,NA,Germany,NA
Pseudomonas,aeruginosa,SRR8737293,Resistant,CAZ,NA,128,mg/L,Broth dilution,NA,CLSI,2013,32048461,NA,Germany,NA
Pseudomonas,aeruginosa,SRR8737294,Resistant,CAZ,NA,128,mg/L,Broth dilution,NA,CLSI,2013,32048461,NA,Germany,NA
Pseudomonas,aeruginosa,SRR8737295,Resistant,CAZ,NA,64,mg/L,Broth dilution,NA,CLSI,2013,32048461,NA,Spain,NA
Pseudomonas,aeruginosa,SRR8737296,Susceptible,CAZ,NA,4,mg/L,Broth dilution,NA,CLSI,2013,32048461,NA,Germany,NA
Pseudomonas,aeruginosa,SRR8737297,Susceptible,CAZ,NA,1,mg/L,Broth dilution,NA,CLSI,2013,32048461,NA,Germany,NA
Pseudomonas,aeruginosa,SRR8737298,Intermediate,CAZ,NA,16,mg/L,Broth dilution,NA,CLSI,2013,32048461,NA,Germany,NA
Pseudomonas,aeruginosa,SRR8737299,Resistant,CAZ,NA,32,mg/L,Broth dilution,NA,CLSI,2013,32048461,NA,Germany,NA
Pseudomonas,aeruginosa,SRR8737300,Susceptible,CAZ,NA,2,mg/L,Broth dilution,NA,CLSI,2013,32048461,NA,Germany,NA
Pseudomonas,aeruginosa,SRR8737301,Intermediate,CAZ,NA,16,mg/L,Broth dilution,NA,CLSI,2013,32048461,NA,Germany,NA
Pseudomonas,aeruginosa,SRR8737302,Resistant,CAZ,NA,32,mg/L,Broth dilution,NA,CLSI,2013,32048461,NA,Germany,NA
Pseudomonas,aeruginosa,SRR8737303,Resistant,CAZ,NA,128,mg/L,Broth dilution,NA,CLSI,2013,32048461,NA,Germany,NA
Pseudomonas,aeruginosa,SRR8737304,Resistant,CAZ,NA,32,mg/L,Broth dilution,NA,CLSI,2013,32048461,NA,Germany,NA
Pseudomonas,aeruginosa,SRR8737305,Susceptible,CAZ,NA,8,mg/L,Broth dilution,NA,CLSI,2013,32048461,NA,Germany,NA
Pseudomonas,aeruginosa,SRR8737307,Susceptible,CAZ,NA,4,mg/L,Broth dilution,NA,CLSI,2013,32048461,NA,Germany,NA
Pseudomonas,aeruginosa,SRR8737311,Resistant,CAZ,NA,32,mg/L,Broth dilution,NA,CLSI,2013,32048461,NA,Germany,NA
Pseudomonas,aeruginosa,SRR8737312,Susceptible,CAZ,NA,2,mg/L,Broth dilution,NA,CLSI,2013,32048461,NA,Germany,NA
Pseudomonas,aeruginosa,SRR8737313,Susceptible,CAZ,NA,4,mg/L,Broth dilution,NA,CLSI,2013,32048461,NA,Germany,NA
Pseudomonas,aeruginosa,SRR8737314,Susceptible,CAZ,NA,4,mg/L,Broth dilution,NA,CLSI,2013,32048461,NA,Germany,NA
Pseudomonas,aeruginosa,SRR8737315,Resistant,CAZ,NA,32,mg/L,Broth dilution,NA,CLSI,2013,32048461,NA,Germany,NA
Pseudomonas,aeruginosa,SRR8737316,Resistant,CAZ,NA,1024,mg/L,Broth dilution,NA,CLSI,2013,32048461,NA,Germany,NA
Pseudomonas,aeruginosa,SRR8737317,Susceptible,CAZ,NA,4,mg/L,Broth dilution,NA,CLSI,2013,32048461,NA,Germany,NA
Pseudomonas,aeruginosa,SRR8737318,Susceptible,CAZ,NA,4,mg/L,Broth dilution,NA,CLSI,2013,32048461,NA,Germany,NA
Pseudomonas,aeruginosa,SRR8737319,Susceptible,CAZ,NA,1,mg/L,Broth dilution,NA,CLSI,2013,32048461,NA,Germany,NA
Pseudomonas,aeruginosa,SRR8737320,Susceptible,CAZ,NA,2,mg/L,Broth dilution,NA,CLSI,2013,32048461,NA,Spain,NA
Pseudomonas,aeruginosa,SRR8737321,Susceptible,CAZ,NA,2,mg/L,Broth dilution,NA,CLSI,2013,32048461,NA,Spain,NA
Pseudomonas,aeruginosa,SRR8737322,Susceptible,CAZ,NA,4,mg/L,Broth dilution,NA,CLSI,2013,32048461,NA,Spain,NA
Pseudomonas,aeruginosa,SRR8737323,Resistant,CAZ,NA,64,mg/L,Broth dilution,NA,CLSI,2013,32048461,NA,Germany,NA
Pseudomonas,aeruginosa,SRR8737324,Resistant,CAZ,NA,64,mg/L,Broth dilution,NA,CLSI,2013,32048461,NA,Germany,NA
Pseudomonas,aeruginosa,SRR8737325,Resistant,CAZ,NA,32,mg/L,Broth dilution,NA,CLSI,2013,32048461,NA,Germany,NA
Pseudomonas,aeruginosa,SRR8737326,Resistant,CAZ,NA,1024,mg/L,Broth dilution,NA,CLSI,2013,32048461,NA,Germany,NA
Pseudomonas,aeruginosa,SRR8737327,Resistant,CAZ,NA,64,mg/L,Broth dilution,NA,CLSI,2013,32048461,NA,Germany,NA
Pseudomonas,aeruginosa,SRR8737328,Resistant,CAZ,NA,128,mg/L,Broth dilution,NA,CLSI,2013,32048461,NA,Germany,NA
Pseudomonas,aeruginosa,SRR8737329,Intermediate,CAZ,NA,16,mg/L,Broth dilution,NA,CLSI,2013,32048461,NA,Germany,NA
Pseudomonas,aeruginosa,SRR8737330,Susceptible,CAZ,NA,8,mg/L,Broth dilution,NA,CLSI,2013,32048461,NA,Germany,NA
Pseudomonas,aeruginosa,SRR8737331,Resistant,CAZ,NA,128,mg/L,Broth dilution,NA,CLSI,2013,32048461,NA,Germany,NA
Pseudomonas,aeruginosa,SRR8737332,Intermediate,CAZ,NA,16,mg/L,Broth dilution,NA,CLSI,2013,32048461,NA,Germany,NA
Pseudomonas,aeruginosa,SRR8737333,Intermediate,CAZ,NA,16,mg/L,Broth dilution,NA,CLSI,2013,32048461,NA,Germany,NA
Pseudomonas,aeruginosa,SRR8737334,Resistant,CAZ,NA,64,mg/L,Broth dilution,NA,CLSI,2013,32048461,NA,Germany,NA
Pseudomonas,aeruginosa,SRR8737335,Resistant,CAZ,NA,128,mg/L,Broth dilution,NA,CLSI,2013,32048461,NA,Germany,NA
Pseudomonas,aeruginosa,SRR8737336,Resistant,CAZ,NA,32,mg/L,Broth dilution,NA,CLSI,2013,32048461,NA,Germany,NA
Pseudomonas,aeruginosa,SRR8737337,Susceptible,CAZ,NA,1,mg/L,Broth dilution,NA,CLSI,2013,32048461,NA,Germany,NA
Pseudomonas,aeruginosa,SRR8737339,Intermediate,CAZ,NA,16,mg/L,Broth dilution,NA,CLSI,2013,32048461,NA,Germany,NA
Pseudomonas,aeruginosa,SRR8737340,Intermediate,CAZ,NA,16,mg/L,Broth dilution,NA,CLSI,2013,32048461,NA,Germany,NA
Pseudomonas,aeruginosa,SRR8737341,Resistant,CAZ,NA,64,mg/L,Broth dilution,NA,CLSI,2013,32048461,NA,Germany,NA
Pseudomonas,aeruginosa,SRR8737342,Susceptible,CAZ,NA,8,mg/L,Broth dilution,NA,CLSI,2013,32048461,NA,Germany,NA
Pseudomonas,aeruginosa,SRR8737343,Resistant,CAZ,NA,512,mg/L,Broth dilution,NA,CLSI,2013,32048461,NA,Germany,NA
Pseudomonas,aeruginosa,SRR8737344,Intermediate,CAZ,NA,16,mg/L,Broth dilution,NA,CLSI,2013,32048461,NA,Spain,NA
Pseudomonas,aeruginosa,SRR8737345,Intermediate,CAZ,NA,16,mg/L,Broth dilution,NA,CLSI,2013,32048461,NA,Spain,NA
Pseudomonas,aeruginosa,SRR8737346,Susceptible,CAZ,NA,8,mg/L,Broth dilution,NA,CLSI,2013,32048461,NA,Spain,NA
Pseudomonas,aeruginosa,SRR8737347,Susceptible,CAZ,NA,8,mg/L,Broth dilution,NA,CLSI,2013,32048461,NA,Spain,NA
Pseudomonas,aeruginosa,SRR8737348,Intermediate,CAZ,NA,16,mg/L,Broth dilution,NA,CLSI,2013,32048461,NA,Spain,NA
Pseudomonas,aeruginosa,SRR8737349,Susceptible,CAZ,NA,4,mg/L,Broth dilution,NA,CLSI,2013,32048461,NA,Spain,NA
Pseudomonas,aeruginosa,SRR8737350,Intermediate,CAZ,NA,16,mg/L,Broth dilution,NA,CLSI,2013,32048461,NA,Spain,NA
Pseudomonas,aeruginosa,SRR8737351,Intermediate,CAZ,NA,16,mg/L,Broth dilution,NA,CLSI,2013,32048461,NA,Spain,NA
Pseudomonas,aeruginosa,SRR8737352,Susceptible,CAZ,NA,8,mg/L,Broth dilution,NA,CLSI,2013,32048461,NA,Spain,NA
Pseudomonas,aeruginosa,SRR8737353,Intermediate,CAZ,NA,16,mg/L,Broth dilution,NA,CLSI,2013,32048461,NA,Spain,NA
Pseudomonas,aeruginosa,SRR8737354,Resistant,CAZ,NA,64,mg/L,Broth dilution,NA,CLSI,2013,32048461,NA,Germany,NA
Pseudomonas,aeruginosa,SRR8737355,Intermediate,CAZ,NA,16,mg/L,Broth dilution,NA,CLSI,2013,32048461,NA,Germany,NA
Pseudomonas,aeruginosa,SRR8737356,Resistant,CAZ,NA,128,mg/L,Broth dilution,NA,CLSI,2013,32048461,NA,Germany,NA
Pseudomonas,aeruginosa,SRR8737357,Resistant,CAZ,NA,64,mg/L,Broth dilution,NA,CLSI,2013,32048461,NA,Germany,NA
Pseudomonas,aeruginosa,SRR8737358,Resistant,CAZ,NA,128,mg/L,Broth dilution,NA,CLSI,2013,32048461,NA,Germany,NA
Pseudomonas,aeruginosa,SRR8737359,Susceptible,CAZ,NA,4,mg/L,Broth dilution,NA,CLSI,2013,32048461,NA,Germany,NA
Pseudomonas,aeruginosa,SRR8737360,Resistant,CAZ,NA,64,mg/L,Broth dilution,NA,CLSI,2013,32048461,NA,Germany,NA
Pseudomonas,aeruginosa,SRR8737361,Resistant,CAZ,NA,32,mg/L,Broth dilution,NA,CLSI,2013,32048461,NA,Germany,NA
Pseudomonas,aeruginosa,SRR8737362,Intermediate,CAZ,NA,16,mg/L,Broth dilution,NA,CLSI,2013,32048461,NA,Germany,NA
Pseudomonas,aeruginosa,SRR8737363,Intermediate,CAZ,NA,16,mg/L,Broth dilution,NA,CLSI,2013,32048461,NA,Hungary,NA
Pseudomonas,aeruginosa,SRR8737364,Resistant,CAZ,NA,256,mg/L,Broth dilution,NA,CLSI,2013,32048461,NA,Romania,NA
Pseudomonas,aeruginosa,SRR8737365,Intermediate,CAZ,NA,16,mg/L,Broth dilution,NA,CLSI,2013,32048461,NA,Germany,NA
Pseudomonas,aeruginosa,SRR8737366,Susceptible,CAZ,NA,4,mg/L,Broth dilution,NA,CLSI,2013,32048461,NA,Germany,NA
Pseudomonas,aeruginosa,SRR8737367,Resistant,CAZ,NA,32,mg/L,Broth dilution,NA,CLSI,2013,32048461,NA,Germany,NA
Pseudomonas,aeruginosa,SRR8737368,Resistant,CAZ,NA,32,mg/L,Broth dilution,NA,CLSI,2013,32048461,NA,Germany,NA
Pseudomonas,aeruginosa,SRR8737369,Susceptible,CAZ,NA,4,mg/L,Broth dilution,NA,CLSI,2013,32048461,NA,Germany,NA
Pseudomonas,aeruginosa,SRR8737370,Susceptible,CAZ,NA,4,mg/L,Broth dilution,NA,CLSI,2013,32048461,NA,Germany,NA
Pseudomonas,aeruginosa,SRR8737371,Resistant,CAZ,NA,256,mg/L,Broth dilution,NA,CLSI,2013,32048461,NA,Germany,NA
Pseudomonas,aeruginosa,SRR8737372,Intermediate,CAZ,NA,16,mg/L,Broth dilution,NA,CLSI,2013,32048461,NA,Germany,NA
Pseudomonas,aeruginosa,SRR8737373,Resistant,CAZ,NA,64,mg/L,Broth dilution,NA,CLSI,2013,32048461,NA,Germany,NA
Pseudomonas,aeruginosa,SRR8737374,Resistant,CAZ,NA,64,mg/L,Broth dilution,NA,CLSI,2013,32048461,NA,Germany,NA
Pseudomonas,aeruginosa,SRR8737375,Resistant,CAZ,NA,64,mg/L,Broth dilution,NA,CLSI,2013,32048461,NA,Germany,NA
Pseudomonas,aeruginosa,SRR8737376,Susceptible,CAZ,NA,4,mg/L,Broth dilution,NA,CLSI,2013,32048461,NA,Germany,NA
Pseudomonas,aeruginosa,SRR8737377,Resistant,CAZ,NA,1024,mg/L,Broth dilution,NA,CLSI,2013,32048461,NA,Germany,NA
Pseudomonas,aeruginosa,SRR8737378,Resistant,CAZ,NA,32,mg/L,Broth dilution,NA,CLSI,2013,32048461,NA,Germany,NA
Pseudomonas,aeruginosa,SRR8737379,Resistant,CAZ,NA,1024,mg/L,Broth dilution,NA,CLSI,2013,32048461,NA,Germany,NA
Pseudomonas,aeruginosa,SRR8737380,Resistant,CAZ,NA,128,mg/L,Broth dilution,NA,CLSI,2013,32048461,NA,Germany,NA
Pseudomonas,aeruginosa,SRR8737381,Resistant,CAZ,NA,64,mg/L,Broth dilution,NA,CLSI,2013,32048461,NA,Germany,NA
Pseudomonas,aeruginosa,SRR8737382,Intermediate,CAZ,NA,16,mg/L,Broth dilution,NA,CLSI,2013,32048461,NA,Germany,NA
Pseudomonas,aeruginosa,SRR8737383,Resistant,CAZ,NA,32,mg/L,Broth dilution,NA,CLSI,2013,32048461,NA,Germany,NA
Pseudomonas,aeruginosa,SRR8737384,Resistant,CAZ,NA,1024,mg/L,Broth dilution,NA,CLSI,2013,32048461,NA,Germany,NA
Pseudomonas,aeruginosa,SRR8737385,Resistant,CAZ,NA,1024,mg/L,Broth dilution,NA,CLSI,2013,32048461,NA,Germany,NA
Pseudomonas,aeruginosa,SRR8737386,Susceptible,CAZ,NA,2,mg/L,Broth dilution,NA,CLSI,2013,32048461,NA,Germany,NA
Pseudomonas,aeruginosa,SRR8737387,Susceptible,CAZ,NA,4,mg/L,Broth dilution,NA,CLSI,2013,32048461,NA,Germany,NA
Pseudomonas,aeruginosa,SRR8737388,Resistant,CAZ,NA,256,mg/L,Broth dilution,NA,CLSI,2013,32048461,NA,Germany,NA
Pseudomonas,aeruginosa,SRR8737389,Susceptible,CAZ,NA,2,mg/L,Broth dilution,NA,CLSI,2013,32048461,NA,Spain,NA
Pseudomonas,aeruginosa,SRR8737390,Susceptible,CAZ,NA,4,mg/L,Broth dilution,NA,CLSI,2013,32048461,NA,Spain,NA
Pseudomonas,aeruginosa,SRR8737391,Susceptible,CAZ,NA,2,mg/L,Broth dilution,NA,CLSI,2013,32048461,NA,Spain,NA
Pseudomonas,aeruginosa,SRR8737392,Intermediate,CAZ,NA,16,mg/L,Broth dilution,NA,CLSI,2013,32048461,NA,Spain,NA
Pseudomonas,aeruginosa,SRR8737393,Susceptible,CAZ,NA,2,mg/L,Broth dilution,NA,CLSI,2013,32048461,NA,Spain,NA
Pseudomonas,aeruginosa,SRR8737394,Susceptible,CAZ,NA,2,mg/L,Broth dilution,NA,CLSI,2013,32048461,NA,Spain,NA
Pseudomonas,aeruginosa,SRR8737395,Susceptible,CAZ,NA,1,mg/L,Broth dilution,NA,CLSI,2013,32048461,NA,Spain,NA
Pseudomonas,aeruginosa,SRR8737396,Intermediate,CAZ,NA,16,mg/L,Broth dilution,NA,CLSI,2013,32048461,NA,Spain,NA
Pseudomonas,aeruginosa,SRR8737397,Susceptible,CAZ,NA,0.5,mg/L,Broth dilution,NA,CLSI,2013,32048461,NA,Spain,NA
Pseudomonas,aeruginosa,SRR8737398,Susceptible,CAZ,NA,8,mg/L,Broth dilution,NA,CLSI,2013,32048461,NA,Spain,NA
Pseudomonas,aeruginosa,SRR8737399,Susceptible,CAZ,NA,4,mg/L,Broth dilution,NA,CLSI,2013,32048461,NA,Germany,NA
Pseudomonas,aeruginosa,SRR8737400,Susceptible,CAZ,NA,8,mg/L,Broth dilution,NA,CLSI,2013,32048461,NA,Germany,NA
Pseudomonas,aeruginosa,SRR8737401,Susceptible,CAZ,NA,8,mg/L,Broth dilution,NA,CLSI,2013,32048461,NA,Germany,NA
Pseudomonas,aeruginosa,SRR8737402,Resistant,CAZ,NA,1024,mg/L,Broth dilution,NA,CLSI,2013,32048461,NA,Germany,NA
Pseudomonas,aeruginosa,SRR8737403,Resistant,CAZ,NA,64,mg/L,Broth dilution,NA,CLSI,2013,32048461,NA,Germany,NA
Pseudomonas,aeruginosa,SRR8737404,Resistant,CAZ,NA,32,mg/L,Broth dilution,NA,CLSI,2013,32048461,NA,Germany,NA
Pseudomonas,aeruginosa,SRR8737405,Resistant,CAZ,NA,1024,mg/L,Broth dilution,NA,CLSI,2013,32048461,NA,Germany,NA
Pseudomonas,aeruginosa,SRR8737406,Susceptible,CAZ,NA,8,mg/L,Broth dilution,NA,CLSI,2013,32048461,NA,Germany,NA
Pseudomonas,aeruginosa,SRR8737407,Susceptible,CAZ,NA,0.5,mg/L,Broth dilution,NA,CLSI,2013,32048461,NA,Germany,NA
Pseudomonas,aeruginosa,SRR8737408,Susceptible,CAZ,NA,1,mg/L,Broth dilution,NA,CLSI,2013,32048461,NA,Germany,NA
Pseudomonas,aeruginosa,SRR8737409,Susceptible,CAZ,NA,1,mg/L,Broth dilution,NA,CLSI,2013,32048461,NA,Germany,NA
Pseudomonas,aeruginosa,SRR8737410,Susceptible,CAZ,NA,2,mg/L,Broth dilution,NA,CLSI,2013,32048461,NA,Germany,NA
Pseudomonas,aeruginosa,SRR8737411,Susceptible,CAZ,NA,1,mg/L,Broth dilution,NA,CLSI,2013,32048461,NA,Germany,NA
Pseudomonas,aeruginosa,SRR8737412,Susceptible,CAZ,NA,4,mg/L,Broth dilution,NA,CLSI,2013,32048461,NA,Germany,NA
Pseudomonas,aeruginosa,SRR8737413,Resistant,CAZ,NA,256,mg/L,Broth dilution,NA,CLSI,2013,32048461,NA,Germany,NA
Pseudomonas,aeruginosa,SRR8737414,Intermediate,CAZ,NA,16,mg/L,Broth dilution,NA,CLSI,2013,32048461,NA,Spain,NA
Pseudomonas,aeruginosa,SRR8737415,Intermediate,CAZ,NA,16,mg/L,Broth dilution,NA,CLSI,2013,32048461,NA,Spain,NA
Pseudomonas,aeruginosa,SRR8737416,Intermediate,CAZ,NA,16,mg/L,Broth dilution,NA,CLSI,2013,32048461,NA,Spain,NA
Pseudomonas,aeruginosa,SRR8737417,Resistant,CAZ,NA,32,mg/L,Broth dilution,NA,CLSI,2013,32048461,NA,Spain,NA
Pseudomonas,aeruginosa,SRR8737418,Resistant,CAZ,NA,64,mg/L,Broth dilution,NA,CLSI,2013,32048461,NA,Germany,NA
Pseudomonas,aeruginosa,SRR8737419,Intermediate,CAZ,NA,16,mg/L,Broth dilution,NA,CLSI,2013,32048461,NA,Germany,NA
Pseudomonas,aeruginosa,SRR8737420,Resistant,CAZ,NA,128,mg/L,Broth dilution,NA,CLSI,2013,32048461,NA,Germany,NA
Pseudomonas,aeruginosa,SRR8737421,Resistant,CAZ,NA,32,mg/L,Broth dilution,NA,CLSI,2013,32048461,NA,Germany,NA
Pseudomonas,aeruginosa,SRR8737422,Resistant,CAZ,NA,512,mg/L,Broth dilution,NA,CLSI,2013,32048461,NA,Germany,NA
Pseudomonas,aeruginosa,SRR8737423,Intermediate,CAZ,NA,16,mg/L,Broth dilution,NA,CLSI,2013,32048461,NA,Germany,NA
Pseudomonas,aeruginosa,SRR8737424,Resistant,CAZ,NA,32,mg/L,Broth dilution,NA,CLSI,2013,32048461,NA,Germany,NA
Pseudomonas,aeruginosa,SRR8737425,Susceptible,CAZ,NA,4,mg/L,Broth dilution,NA,CLSI,2013,32048461,NA,Germany,NA
Pseudomonas,aeruginosa,SRR8737426,Resistant,CAZ,NA,1024,mg/L,Broth dilution,NA,CLSI,2013,32048461,NA,Germany,NA
Pseudomonas,aeruginosa,SRR8737427,Resistant,CAZ,NA,32,mg/L,Broth dilution,NA,CLSI,2013,32048461,NA,Germany,NA
Pseudomonas,aeruginosa,SRR8737428,Susceptible,CAZ,NA,0.5,mg/L,Broth dilution,NA,CLSI,2013,32048461,NA,Germany,NA
Pseudomonas,aeruginosa,SRR8737429,Susceptible,CAZ,NA,4,mg/L,Broth dilution,NA,CLSI,2013,32048461,NA,Germany,NA
Pseudomonas,aeruginosa,SRR8737430,Resistant,CAZ,NA,64,mg/L,Broth dilution,NA,CLSI,2013,32048461,NA,Germany,NA
Pseudomonas,aeruginosa,SRR8737431,Susceptible,CAZ,NA,2,mg/L,Broth dilution,NA,CLSI,2013,32048461,NA,Germany,NA
Pseudomonas,aeruginosa,SRR8737432,Susceptible,CAZ,NA,2,mg/L,Broth dilution,NA,CLSI,2013,32048461,NA,Germany,NA
Pseudomonas,aeruginosa,SRR8737433,Susceptible,CAZ,NA,1,mg/L,Broth dilution,NA,CLSI,2013,32048461,NA,Germany,NA
Pseudomonas,aeruginosa,SRR8737434,Susceptible,CAZ,NA,1,mg/L,Broth dilution,NA,CLSI,2013,32048461,NA,Germany,NA
Pseudomonas,aeruginosa,SRR8737435,Susceptible,CAZ,NA,2,mg/L,Broth dilution,NA,CLSI,2013,32048461,NA,Germany,NA
Pseudomonas,aeruginosa,SRR8737436,Susceptible,CAZ,NA,8,mg/L,Broth dilution,NA,CLSI,2013,32048461,NA,Germany,NA
Pseudomonas,aeruginosa,SRR8737437,Susceptible,CAZ,NA,2,mg/L,Broth dilution,NA,CLSI,2013,32048461,NA,Germany,NA
Pseudomonas,aeruginosa,SRR8737438,Susceptible,CAZ,NA,1,mg/L,Broth dilution,NA,CLSI,2013,32048461,NA,Germany,NA
Pseudomonas,aeruginosa,SRR8737439,Resistant,CAZ,NA,128,mg/L,Broth dilution,NA,CLSI,2013,32048461,NA,Germany,NA
Pseudomonas,aeruginosa,SRR8737440,Resistant,CAZ,NA,32,mg/L,Broth dilution,NA,CLSI,2013,32048461,NA,Germany,NA
Pseudomonas,aeruginosa,SRR8737441,Resistant,CAZ,NA,32,mg/L,Broth dilution,NA,CLSI,2013,32048461,NA,Germany,NA
Pseudomonas,aeruginosa,SRR8737442,Intermediate,CAZ,NA,16,mg/L,Broth dilution,NA,CLSI,2013,32048461,NA,Germany,NA
Pseudomonas,aeruginosa,SRR8737443,Susceptible,CAZ,NA,2,mg/L,Broth dilution,NA,CLSI,2013,32048461,NA,Germany,NA
Pseudomonas,aeruginosa,SRR8737444,Resistant,CAZ,NA,128,mg/L,Broth dilution,NA,CLSI,2013,32048461,NA,Germany,NA
Pseudomonas,aeruginosa,SRR8737445,Susceptible,CAZ,NA,8,mg/L,Broth dilution,NA,CLSI,2013,32048461,NA,Germany,NA
Pseudomonas,aeruginosa,SRR8737446,Resistant,CAZ,NA,64,mg/L,Broth dilution,NA,CLSI,2013,32048461,NA,Germany,NA
Pseudomonas,aeruginosa,SRR8737447,Intermediate,CAZ,NA,16,mg/L,Broth dilution,NA,CLSI,2013,32048461,NA,Germany,NA
Pseudomonas,aeruginosa,SRR8737448,Resistant,CAZ,NA,128,mg/L,Broth dilution,NA,CLSI,2013,32048461,NA,Germany,NA
Pseudomonas,aeruginosa,SRR8737449,Resistant,CAZ,NA,32,mg/L,Broth dilution,NA,CLSI,2013,32048461,NA,Germany,NA
Pseudomonas,aeruginosa,SRR8737450,Susceptible,CAZ,NA,8,mg/L,Broth dilution,NA,CLSI,2013,32048461,NA,Germany,NA
Pseudomonas,aeruginosa,SRR8737451,Intermediate,CAZ,NA,16,mg/L,Broth dilution,NA,CLSI,2013,32048461,NA,Germany,NA
Pseudomonas,aeruginosa,SRR8737452,Resistant,CAZ,NA,128,mg/L,Broth dilution,NA,CLSI,2013,32048461,NA,Germany,NA
Pseudomonas,aeruginosa,SRR8737453,Intermediate,CAZ,NA,16,mg/L,Broth dilution,NA,CLSI,2013,32048461,NA,Germany,NA
Pseudomonas,aeruginosa,SRR8737454,Susceptible,CAZ,NA,2,mg/L,Broth dilution,NA,CLSI,2013,32048461,NA,Spain,NA
Pseudomonas,aeruginosa,SRR8737455,Susceptible,CAZ,NA,2,mg/L,Broth dilution,NA,CLSI,2013,32048461,NA,Spain,NA
Pseudomonas,aeruginosa,SRR8737456,Susceptible,CAZ,NA,4,mg/L,Broth dilution,NA,CLSI,2013,32048461,NA,Spain,NA
Pseudomonas,aeruginosa,SRR8737457,Susceptible,CAZ,NA,8,mg/L,Broth dilution,NA,CLSI,2013,32048461,NA,Spain,NA
Pseudomonas,aeruginosa,SRR8737458,Resistant,CAZ,NA,256,mg/L,Broth dilution,NA,CLSI,2013,32048461,NA,Spain,NA
Pseudomonas,aeruginosa,SRR8737459,Susceptible,CAZ,NA,1,mg/L,Broth dilution,NA,CLSI,2013,32048461,NA,Spain,NA
Pseudomonas,aeruginosa,SRR8737460,Susceptible,CAZ,NA,8,mg/L,Broth dilution,NA,CLSI,2013,32048461,NA,Spain,NA
Pseudomonas,aeruginosa,SRR8737461,Resistant,CAZ,NA,128,mg/L,Broth dilution,NA,CLSI,2013,32048461,NA,Germany,NA
Pseudomonas,aeruginosa,SRR8737462,Resistant,CAZ,NA,32,mg/L,Broth dilution,NA,CLSI,2013,32048461,NA,Germany,NA
Pseudomonas,aeruginosa,SRR8737463,Intermediate,CAZ,NA,16,mg/L,Broth dilution,NA,CLSI,2013,32048461,NA,Germany,NA
Pseudomonas,aeruginosa,SRR8737464,Resistant,CAZ,NA,128,mg/L,Broth dilution,NA,CLSI,2013,32048461,NA,Germany,NA
Pseudomonas,aeruginosa,SRR8737465,Susceptible,CAZ,NA,4,mg/L,Broth dilution,NA,CLSI,2013,32048461,NA,Germany,NA
Pseudomonas,aeruginosa,SRR8737466,Intermediate,CAZ,NA,16,mg/L,Broth dilution,NA,CLSI,2013,32048461,NA,Germany,NA
Pseudomonas,aeruginosa,SRR8737467,Resistant,CAZ,NA,512,mg/L,Broth dilution,NA,CLSI,2013,32048461,NA,Germany,NA
Pseudomonas,aeruginosa,SRR8737468,Resistant,CAZ,NA,1024,mg/L,Broth dilution,NA,CLSI,2013,32048461,NA,Germany,NA
Pseudomonas,aeruginosa,SRR8737469,Resistant,CAZ,NA,64,mg/L,Broth dilution,NA,CLSI,2013,32048461,NA,Germany,NA
Pseudomonas,aeruginosa,SRR8737470,Susceptible,CAZ,NA,4,mg/L,Broth dilution,NA,CLSI,2013,32048461,NA,Spain,NA
Pseudomonas,aeruginosa,SRR8737471,Resistant,CAZ,NA,128,mg/L,Broth dilution,NA,CLSI,2013,32048461,NA,Spain,NA
Pseudomonas,aeruginosa,SRR8737472,Susceptible,CAZ,NA,8,mg/L,Broth dilution,NA,CLSI,2013,32048461,NA,Germany,NA
Pseudomonas,aeruginosa,SRR8737473,Susceptible,CAZ,NA,4,mg/L,Broth dilution,NA,CLSI,2013,32048461,NA,Germany,NA
Pseudomonas,aeruginosa,SRR8737474,Resistant,CAZ,NA,64,mg/L,Broth dilution,NA,CLSI,2013,32048461,NA,Spain,NA
Pseudomonas,aeruginosa,SRR8737475,Susceptible,CAZ,NA,8,mg/L,Broth dilution,NA,CLSI,2013,32048461,NA,Spain,NA
Pseudomonas,aeruginosa,SRR8737476,Intermediate,CAZ,NA,16,mg/L,Broth dilution,NA,CLSI,2013,32048461,NA,Germany,NA
Pseudomonas,aeruginosa,SRR8737477,Resistant,CAZ,NA,32,mg/L,Broth dilution,NA,CLSI,2013,32048461,NA,Germany,NA
Pseudomonas,aeruginosa,SRR8737478,Resistant,CAZ,NA,32,mg/L,Broth dilution,NA,CLSI,2013,32048461,NA,Spain,NA
Pseudomonas,aeruginosa,SRR8737479,Susceptible,CAZ,NA,8,mg/L,Broth dilution,NA,CLSI,2013,32048461,NA,Spain,NA
Pseudomonas,aeruginosa,SRR8737480,Resistant,CAZ,NA,64,mg/L,Broth dilution,NA,CLSI,2013,32048461,NA,Spain,NA
Pseudomonas,aeruginosa,SRR8737481,Resistant,CAZ,NA,64,mg/L,Broth dilution,NA,CLSI,2013,32048461,NA,Spain,NA
Pseudomonas,aeruginosa,SRR8737482,Resistant,CAZ,NA,64,mg/L,Broth dilution,NA,CLSI,2013,32048461,NA,Germany,NA
Pseudomonas,aeruginosa,SRR8737483,Resistant,CAZ,NA,32,mg/L,Broth dilution,NA,CLSI,2013,32048461,NA,Germany,NA
Pseudomonas,aeruginosa,SRR8737484,Resistant,CAZ,NA,64,mg/L,Broth dilution,NA,CLSI,2013,32048461,NA,Germany,NA
Pseudomonas,aeruginosa,SRR8737485,Susceptible,CAZ,NA,8,mg/L,Broth dilution,NA,CLSI,2013,32048461,NA,Germany,NA
Pseudomonas,aeruginosa,SRR8737486,Intermediate,CAZ,NA,16,mg/L,Broth dilution,NA,CLSI,2013,32048461,NA,Germany,NA
Pseudomonas,aeruginosa,SRR8737487,Intermediate,CAZ,NA,16,mg/L,Broth dilution,NA,CLSI,2013,32048461,NA,Germany,NA
Pseudomonas,aeruginosa,SRR8737488,Resistant,CAZ,NA,512,mg/L,Broth dilution,NA,CLSI,2013,32048461,NA,Germany,NA
Pseudomonas,aeruginosa,SRR8737489,Resistant,CAZ,NA,128,mg/L,Broth dilution,NA,CLSI,2013,32048461,NA,Germany,NA
Pseudomonas,aeruginosa,SRR8737490,Resistant,CAZ,NA,64,mg/L,Broth dilution,NA,CLSI,2013,32048461,NA,Germany,NA
Pseudomonas,aeruginosa,SRR8737491,Resistant,CAZ,NA,64,mg/L,Broth dilution,NA,CLSI,2013,32048461,NA,Spain,NA
Pseudomonas,aeruginosa,SRR8737492,Susceptible,CAZ,NA,4,mg/L,Broth dilution,NA,CLSI,2013,32048461,NA,Germany,NA
Pseudomonas,aeruginosa,SRR8737493,Susceptible,CAZ,NA,8,mg/L,Broth dilution,NA,CLSI,2013,32048461,NA,Germany,NA
Pseudomonas,aeruginosa,SRR8737494,Intermediate,CAZ,NA,16,mg/L,Broth dilution,NA,CLSI,2013,32048461,NA,Germany,NA
Pseudomonas,aeruginosa,SRR8737495,Intermediate,CAZ,NA,16,mg/L,Broth dilution,NA,CLSI,2013,32048461,NA,Germany,NA
Pseudomonas,aeruginosa,SRR8737496,Susceptible,CAZ,NA,8,mg/L,Broth dilution,NA,CLSI,2013,32048461,NA,Germany,NA
Pseudomonas,aeruginosa,SRR8737497,Susceptible,CAZ,NA,8,mg/L,Broth dilution,NA,CLSI,2013,32048461,NA,Germany,NA
Pseudomonas,aeruginosa,SRR8737498,Intermediate,CAZ,NA,16,mg/L,Broth dilution,NA,CLSI,2013,32048461,NA,Germany,NA
Pseudomonas,aeruginosa,SRR8737499,Intermediate,CAZ,NA,16,mg/L,Broth dilution,NA,CLSI,2013,32048461,NA,Germany,NA
Pseudomonas,aeruginosa,SRR8737500,Susceptible,CAZ,NA,4,mg/L,Broth dilution,NA,CLSI,2013,32048461,NA,Germany,NA
Pseudomonas,aeruginosa,SRR8737501,Susceptible,CAZ,NA,8,mg/L,Broth dilution,NA,CLSI,2013,32048461,NA,Germany,NA
Pseudomonas,aeruginosa,SRR8737502,Resistant,CAZ,NA,512,mg/L,Broth dilution,NA,CLSI,2013,32048461,NA,Germany,NA
Pseudomonas,aeruginosa,SRR8737503,Resistant,CAZ,NA,64,mg/L,Broth dilution,NA,CLSI,2013,32048461,NA,Germany,NA
Pseudomonas,aeruginosa,SRR8737504,Susceptible,CAZ,NA,1,mg/L,Broth dilution,NA,CLSI,2013,32048461,NA,Germany,NA
Pseudomonas,aeruginosa,SRR8737505,Susceptible,CAZ,NA,2,mg/L,Broth dilution,NA,CLSI,2013,32048461,NA,Germany,NA
Pseudomonas,aeruginosa,SRR8737506,Susceptible,CAZ,NA,2,mg/L,Broth dilution,NA,CLSI,2013,32048461,NA,Germany,NA
Pseudomonas,aeruginosa,SRR8737507,Susceptible,CAZ,NA,1,mg/L,Broth dilution,NA,CLSI,2013,32048461,NA,Germany,NA
Pseudomonas,aeruginosa,SRR8737508,Susceptible,CAZ,NA,1,mg/L,Broth dilution,NA,CLSI,2013,32048461,NA,Germany,NA
Pseudomonas,aeruginosa,SRR8737509,Resistant,CAZ,NA,32,mg/L,Broth dilution,NA,CLSI,2013,32048461,NA,Germany,NA
Pseudomonas,aeruginosa,SRR8737510,Susceptible,CAZ,NA,8,mg/L,Broth dilution,NA,CLSI,2013,32048461,NA,Germany,NA
Pseudomonas,aeruginosa,SRR8737511,Susceptible,CAZ,NA,8,mg/L,Broth dilution,NA,CLSI,2013,32048461,NA,Germany,NA
Pseudomonas,aeruginosa,SRR8737512,Resistant,CAZ,NA,32,mg/L,Broth dilution,NA,CLSI,2013,32048461,NA,Germany,NA
Pseudomonas,aeruginosa,SRR8737513,Susceptible,CAZ,NA,3,mg/L,Broth dilution,NA,CLSI,2013,32048461,NA,Germany,NA
Pseudomonas,aeruginosa,SRR8737514,Resistant,CAZ,NA,128,mg/L,Broth dilution,NA,CLSI,2013,32048461,NA,Germany,NA
Pseudomonas,aeruginosa,SRR8737515,Susceptible,CAZ,NA,2,mg/L,Broth dilution,NA,CLSI,2013,32048461,NA,Germany,NA
Pseudomonas,aeruginosa,SRR8737516,Intermediate,CAZ,NA,16,mg/L,Broth dilution,NA,CLSI,2013,32048461,NA,Germany,NA
Pseudomonas,aeruginosa,SRR8737517,Resistant,CAZ,NA,32,mg/L,Broth dilution,NA,CLSI,2013,32048461,NA,Germany,NA
Pseudomonas,aeruginosa,SRR8737518,Susceptible,CAZ,NA,8,mg/L,Broth dilution,NA,CLSI,2013,32048461,NA,Germany,NA
Pseudomonas,aeruginosa,SRR8737519,Intermediate,CAZ,NA,16,mg/L,Broth dilution,NA,CLSI,2013,32048461,NA,Germany,NA
Pseudomonas,aeruginosa,SRR8737520,Susceptible,CAZ,NA,8,mg/L,Broth dilution,NA,CLSI,2013,32048461,NA,Germany,NA
Pseudomonas,aeruginosa,SRR8737521,Susceptible,CAZ,NA,1,mg/L,Broth dilution,NA,CLSI,2013,32048461,NA,Spain,NA
Pseudomonas,aeruginosa,SRR8737522,Resistant,CAZ,NA,64,mg/L,Broth dilution,NA,CLSI,2013,32048461,NA,Spain,NA
Pseudomonas,aeruginosa,SRR8737523,Susceptible,CAZ,NA,2,mg/L,Broth dilution,NA,CLSI,2013,32048461,NA,Spain,NA
Pseudomonas,aeruginosa,SRR8737524,Resistant,CAZ,NA,32,mg/L,Broth dilution,NA,CLSI,2013,32048461,NA,Spain,NA
Pseudomonas,aeruginosa,SRR8737525,Resistant,CAZ,NA,128,mg/L,Broth dilution,NA,CLSI,2013,32048461,NA,Germany,NA
Pseudomonas,aeruginosa,SRR8737526,Susceptible,CAZ,NA,4,mg/L,Broth dilution,NA,CLSI,2013,32048461,NA,Germany,NA
Pseudomonas,aeruginosa,SRR8737528,Susceptible,CAZ,NA,4,mg/L,Broth dilution,NA,CLSI,2013,32048461,NA,Spain,NA
Pseudomonas,aeruginosa,SRR8737529,Susceptible,CAZ,NA,4,mg/L,Broth dilution,NA,CLSI,2013,32048461,NA,Spain,NA
Pseudomonas,aeruginosa,SRR8737530,Susceptible,CAZ,NA,2,mg/L,Broth dilution,NA,CLSI,2013,32048461,NA,Spain,NA
Pseudomonas,aeruginosa,SRR8737531,Intermediate,CAZ,NA,16,mg/L,Broth dilution,NA,CLSI,2013,32048461,NA,Germany,NA
Pseudomonas,aeruginosa,SRR8737532,Resistant,CAZ,NA,64,mg/L,Broth dilution,NA,CLSI,2013,32048461,NA,Germany,NA
Pseudomonas,aeruginosa,SRR8737533,Susceptible,CAZ,NA,2,mg/L,Broth dilution,NA,CLSI,2013,32048461,NA,Germany,NA
Pseudomonas,aeruginosa,SRR8737534,Resistant,CAZ,NA,32,mg/L,Broth dilution,NA,CLSI,2013,32048461,NA,Germany,NA
Pseudomonas,aeruginosa,SRR8737535,Intermediate,CAZ,NA,16,mg/L,Broth dilution,NA,CLSI,2013,32048461,NA,Germany,NA
Pseudomonas,aeruginosa,SRR8737536,Susceptible,CAZ,NA,8,mg/L,Broth dilution,NA,CLSI,2013,32048461,NA,Germany,NA
Pseudomonas,aeruginosa,SRR8737537,Resistant,CAZ,NA,1024,mg/L,Broth dilution,NA,CLSI,2013,32048461,NA,Germany,NA
Pseudomonas,aeruginosa,SRR8737538,Resistant,CAZ,NA,128,mg/L,Broth dilution,NA,CLSI,2013,32048461,NA,Germany,NA
Pseudomonas,aeruginosa,SRR8737539,Susceptible,CAZ,NA,1,mg/L,Broth dilution,NA,CLSI,2013,32048461,NA,Germany,NA
Pseudomonas,aeruginosa,SRR8737540,Intermediate,CAZ,NA,16,mg/L,Broth dilution,NA,CLSI,2013,32048461,NA,Germany,NA
Pseudomonas,aeruginosa,SRR8737541,Resistant,CAZ,NA,512,mg/L,Broth dilution,NA,CLSI,2013,32048461,NA,Germany,NA
Pseudomonas,aeruginosa,SRR8737542,Resistant,CAZ,NA,64,mg/L,Broth dilution,NA,CLSI,2013,32048461,NA,Germany,NA
Pseudomonas,aeruginosa,SRR8737543,Resistant,CAZ,NA,32,mg/L,Broth dilution,NA,CLSI,2013,32048461,NA,Germany,NA
Pseudomonas,aeruginosa,SRR8737544,Susceptible,CAZ,NA,4,mg/L,Broth dilution,NA,CLSI,2013,32048461,NA,Germany,NA
Pseudomonas,aeruginosa,SRR8737545,Susceptible,CAZ,NA,2,mg/L,Broth dilution,NA,CLSI,2013,32048461,NA,Germany,NA
Pseudomonas,aeruginosa,SRR8737546,Susceptible,CAZ,NA,4,mg/L,Broth dilution,NA,CLSI,2013,32048461,NA,Germany,NA
Pseudomonas,aeruginosa,SRR8737547,Susceptible,CAZ,NA,2,mg/L,Broth dilution,NA,CLSI,2013,32048461,NA,Germany,NA
Pseudomonas,aeruginosa,SRR8737548,Susceptible,CAZ,NA,4,mg/L,Broth dilution,NA,CLSI,2013,32048461,NA,Germany,NA
Pseudomonas,aeruginosa,SRR8737549,Resistant,CAZ,NA,64,mg/L,Broth dilution,NA,CLSI,2013,32048461,NA,Spain,NA
Pseudomonas,aeruginosa,SRR8737550,Resistant,CAZ,NA,64,mg/L,Broth dilution,NA,CLSI,2013,32048461,NA,Germany,NA
Pseudomonas,aeruginosa,SRR8737551,Resistant,CAZ,NA,32,mg/L,Broth dilution,NA,CLSI,2013,32048461,NA,Germany,NA
Pseudomonas,aeruginosa,SRR8737552,Susceptible,CAZ,NA,8,mg/L,Broth dilution,NA,CLSI,2013,32048461,NA,Germany,NA
Pseudomonas,aeruginosa,SRR8737553,Resistant,CAZ,NA,256,mg/L,Broth dilution,NA,CLSI,2013,32048461,NA,Germany,NA
Pseudomonas,aeruginosa,SRR8737554,Intermediate,CAZ,NA,16,mg/L,Broth dilution,NA,CLSI,2013,32048461,NA,Spain,NA
Pseudomonas,aeruginosa,SRR8737555,Intermediate,CAZ,NA,16,mg/L,Broth dilution,NA,CLSI,2013,32048461,NA,Germany,NA
Pseudomonas,aeruginosa,SRR8737556,Susceptible,CAZ,NA,8,mg/L,Broth dilution,NA,CLSI,2013,32048461,NA,Germany,NA
Pseudomonas,aeruginosa,SRR8737557,Susceptible,CAZ,NA,2,mg/L,Broth dilution,NA,CLSI,2013,32048461,NA,Germany,NA
Pseudomonas,aeruginosa,SRR8737558,Resistant,CAZ,NA,1024,mg/L,Broth dilution,NA,CLSI,2013,32048461,NA,Germany,NA
Pseudomonas,aeruginosa,SRR8737559,Intermediate,CAZ,NA,16,mg/L,Broth dilution,NA,CLSI,2013,32048461,NA,Germany,NA
Pseudomonas,aeruginosa,SRR8737560,Susceptible,CAZ,NA,1,mg/L,Broth dilution,NA,CLSI,2013,32048461,NA,Germany,NA
Pseudomonas,aeruginosa,SRR8737561,Susceptible,CAZ,NA,1,mg/L,Broth dilution,NA,CLSI,2013,32048461,NA,Germany,NA
Pseudomonas,aeruginosa,SRR8737562,Resistant,CAZ,NA,32,mg/L,Broth dilution,NA,CLSI,2013,32048461,NA,Germany,NA
Pseudomonas,aeruginosa,SRR8737563,Resistant,CAZ,NA,32,mg/L,Broth dilution,NA,CLSI,2013,32048461,NA,Germany,NA
Pseudomonas,aeruginosa,SRR8737564,Resistant,CAZ,NA,256,mg/L,Broth dilution,NA,CLSI,2013,32048461,NA,Germany,NA
Pseudomonas,aeruginosa,SRR8737565,Intermediate,CAZ,NA,16,mg/L,Broth dilution,NA,CLSI,2013,32048461,NA,Germany,NA
Pseudomonas,aeruginosa,SRR8737566,Resistant,CAZ,NA,32,mg/L,Broth dilution,NA,CLSI,2013,32048461,NA,Germany,NA
Pseudomonas,aeruginosa,SRR8737567,Resistant,CAZ,NA,1024,mg/L,Broth dilution,NA,CLSI,2013,32048461,NA,Germany,NA
Pseudomonas,aeruginosa,SRR8737568,Resistant,CAZ,NA,128,mg/L,Broth dilution,NA,CLSI,2013,32048461,NA,Germany,NA
Pseudomonas,aeruginosa,SRR8737569,Intermediate,CAZ,NA,16,mg/L,Broth dilution,NA,CLSI,2013,32048461,NA,Germany,NA
Pseudomonas,aeruginosa,SRR8737570,Resistant,CAZ,NA,32,mg/L,Broth dilution,NA,CLSI,2013,32048461,NA,Germany,NA
Pseudomonas,aeruginosa,SRR8737571,Susceptible,CAZ,NA,1,mg/L,Broth dilution,NA,CLSI,2013,32048461,NA,Germany,NA
Pseudomonas,aeruginosa,SRR8737572,Susceptible,CAZ,NA,8,mg/L,Broth dilution,NA,CLSI,2013,32048461,NA,Germany,NA
Pseudomonas,aeruginosa,SRR8737573,Resistant,CAZ,NA,32,mg/L,Broth dilution,NA,CLSI,2013,32048461,NA,Germany,NA
Pseudomonas,aeruginosa,SRR8737574,Susceptible,CAZ,NA,1,mg/L,Broth dilution,NA,CLSI,2013,32048461,NA,Germany,NA
Pseudomonas,aeruginosa,SRR8737575,Intermediate,CAZ,NA,16,mg/L,Broth dilution,NA,CLSI,2013,32048461,NA,Germany,NA
Pseudomonas,aeruginosa,SRR8737576,Susceptible,CAZ,NA,8,mg/L,Broth dilution,NA,CLSI,2013,32048461,NA,Germany,NA
Pseudomonas,aeruginosa,SRR8737577,Resistant,CAZ,NA,512,mg/L,Broth dilution,NA,CLSI,2013,32048461,NA,Germany,NA
Pseudomonas,aeruginosa,SRR8737578,Susceptible,CAZ,NA,2,mg/L,Broth dilution,NA,CLSI,2013,32048461,NA,Germany,NA
Pseudomonas,aeruginosa,SRR8737579,Resistant,CAZ,NA,128,mg/L,Broth dilution,NA,CLSI,2013,32048461,NA,Germany,NA
Pseudomonas,aeruginosa,SRR8737580,Susceptible,CAZ,NA,4,mg/L,Broth dilution,NA,CLSI,2013,32048461,NA,Germany,NA
Pseudomonas,aeruginosa,SRR8737581,Intermediate,CAZ,NA,16,mg/L,Broth dilution,NA,CLSI,2013,32048461,NA,Germany,NA
Pseudomonas,aeruginosa,SRR8737582,Resistant,CAZ,NA,64,mg/L,Broth dilution,NA,CLSI,2013,32048461,NA,Germany,NA
Pseudomonas,aeruginosa,SRR8737583,Intermediate,CAZ,NA,16,mg/L,Broth dilution,NA,CLSI,2013,32048461,NA,Germany,NA
Pseudomonas,aeruginosa,SRR8737584,Susceptible,CAZ,NA,2,mg/L,Broth dilution,NA,CLSI,2013,32048461,NA,Spain,NA
Pseudomonas,aeruginosa,SRR8737585,Susceptible,CAZ,NA,2,mg/L,Broth dilution,NA,CLSI,2013,32048461,NA,Spain,NA
Pseudomonas,aeruginosa,SRR8737586,Susceptible,CAZ,NA,1,mg/L,Broth dilution,NA,CLSI,2013,32048461,NA,Spain,NA
Pseudomonas,aeruginosa,SRR8737587,Resistant,CAZ,NA,128,mg/L,Broth dilution,NA,CLSI,2013,32048461,NA,Germany,NA
Pseudomonas,aeruginosa,SRR8737588,Resistant,CAZ,NA,32,mg/L,Broth dilution,NA,CLSI,2013,32048461,NA,Germany,NA
Pseudomonas,aeruginosa,SRR8737589,Resistant,CAZ,NA,1024,mg/L,Broth dilution,NA,CLSI,2013,32048461,NA,Germany,NA
Pseudomonas,aeruginosa,SRR8737590,Intermediate,CAZ,NA,16,mg/L,Broth dilution,NA,CLSI,2013,32048461,NA,Germany,NA
Pseudomonas,aeruginosa,SRR8737591,Intermediate,CAZ,NA,16,mg/L,Broth dilution,NA,CLSI,2013,32048461,NA,Germany,NA
Pseudomonas,aeruginosa,SRR8737592,Intermediate,CAZ,NA,16,mg/L,Broth dilution,NA,CLSI,2013,32048461,NA,Germany,NA
Pseudomonas,aeruginosa,SRR8737593,Resistant,CAZ,NA,128,mg/L,Broth dilution,NA,CLSI,2013,32048461,NA,Germany,NA
Pseudomonas,aeruginosa,SRR8737594,Resistant,CAZ,NA,128,mg/L,Broth dilution,NA,CLSI,2013,32048461,NA,Germany,NA
Pseudomonas,aeruginosa,SRR8737595,Intermediate,CAZ,NA,16,mg/L,Broth dilution,NA,CLSI,2013,32048461,NA,Germany,NA
Pseudomonas,aeruginosa,SRR8737596,Intermediate,CAZ,NA,16,mg/L,Broth dilution,NA,CLSI,2013,32048461,NA,Germany,NA
Pseudomonas,aeruginosa,SRR8737597,Intermediate,CAZ,NA,16,mg/L,Broth dilution,NA,CLSI,2013,32048461,NA,Germany,NA
Pseudomonas,aeruginosa,SRR8737598,Intermediate,CAZ,NA,16,mg/L,Broth dilution,NA,CLSI,2013,32048461,NA,Germany,NA
Pseudomonas,aeruginosa,SRR8737599,Resistant,CAZ,NA,128,mg/L,Broth dilution,NA,CLSI,2013,32048461,NA,Germany,NA
Pseudomonas,aeruginosa,SRR8737600,Resistant,CAZ,NA,64,mg/L,Broth dilution,NA,CLSI,2013,32048461,NA,Germany,NA
Pseudomonas,aeruginosa,SRR8737601,Resistant,CAZ,NA,32,mg/L,Broth dilution,NA,CLSI,2013,32048461,NA,Germany,NA
Pseudomonas,aeruginosa,SRR8737602,Intermediate,CAZ,NA,16,mg/L,Broth dilution,NA,CLSI,2013,32048461,NA,Germany,NA
Pseudomonas,aeruginosa,SRR8737603,Intermediate,CAZ,NA,16,mg/L,Broth dilution,NA,CLSI,2013,32048461,NA,Germany,NA
Pseudomonas,aeruginosa,SRR8737604,Resistant,CAZ,NA,64,mg/L,Broth dilution,NA,CLSI,2013,32048461,NA,Germany,NA
Pseudomonas,aeruginosa,SRR8737605,Intermediate,CAZ,NA,16,mg/L,Broth dilution,NA,CLSI,2013,32048461,NA,Germany,NA
Pseudomonas,aeruginosa,SRR8737606,Intermediate,CAZ,NA,16,mg/L,Broth dilution,NA,CLSI,2013,32048461,NA,Germany,NA
Pseudomonas,aeruginosa,SRR8737607,Intermediate,CAZ,NA,16,mg/L,Broth dilution,NA,CLSI,2013,32048461,NA,Germany,NA
Pseudomonas,aeruginosa,SRR8737608,Resistant,CAZ,NA,128,mg/L,Broth dilution,NA,CLSI,2013,32048461,NA,Germany,NA
Pseudomonas,aeruginosa,SRR8737609,Intermediate,CAZ,NA,16,mg/L,Broth dilution,NA,CLSI,2013,32048461,NA,Germany,NA
Pseudomonas,aeruginosa,SRR8737610,Intermediate,CAZ,NA,16,mg/L,Broth dilution,NA,CLSI,2013,32048461,NA,Germany,NA
Pseudomonas,aeruginosa,SRR8737611,Resistant,CAZ,NA,128,mg/L,Broth dilution,NA,CLSI,2013,32048461,NA,Germany,NA
Pseudomonas,aeruginosa,SRR8737612,Resistant,CAZ,NA,1024,mg/L,Broth dilution,NA,CLSI,2013,32048461,NA,Germany,NA
Pseudomonas,aeruginosa,SRR8737613,Intermediate,CAZ,NA,16,mg/L,Broth dilution,NA,CLSI,2013,32048461,NA,Germany,NA
Pseudomonas,aeruginosa,SRR8737614,Resistant,CAZ,NA,128,mg/L,Broth dilution,NA,CLSI,2013,32048461,NA,Germany,NA
Pseudomonas,aeruginosa,SRR8737615,Susceptible,CAZ,NA,1,mg/L,Broth dilution,NA,CLSI,2013,32048461,NA,Germany,NA
Pseudomonas,aeruginosa,SRR8737616,Susceptible,CAZ,NA,8,mg/L,Broth dilution,NA,CLSI,2013,32048461,NA,Germany,NA
Pseudomonas,aeruginosa,SRR8737617,Resistant,CAZ,NA,128,mg/L,Broth dilution,NA,CLSI,2013,32048461,NA,Germany,NA
Pseudomonas,aeruginosa,SRR8737618,Resistant,CAZ,NA,64,mg/L,Broth dilution,NA,CLSI,2013,32048461,NA,Germany,NA
Pseudomonas,aeruginosa,SRR8737619,Resistant,CAZ,NA,512,mg/L,Broth dilution,NA,CLSI,2013,32048461,NA,Germany,NA
Pseudomonas,aeruginosa,SRR8737620,Resistant,CAZ,NA,128,mg/L,Broth dilution,NA,CLSI,2013,32048461,NA,Germany,NA
Pseudomonas,aeruginosa,SRR8737621,Susceptible,CAZ,NA,1,mg/L,Broth dilution,NA,CLSI,2013,32048461,NA,Germany,NA
Pseudomonas,aeruginosa,SRR8737622,Resistant,CAZ,NA,64,mg/L,Broth dilution,NA,CLSI,2013,32048461,NA,Germany,NA
Pseudomonas,aeruginosa,SRR8737623,Intermediate,CAZ,NA,16,mg/L,Broth dilution,NA,CLSI,2013,32048461,NA,Germany,NA
Pseudomonas,aeruginosa,SRR8737624,Resistant,CAZ,NA,128,mg/L,Broth dilution,NA,CLSI,2013,32048461,NA,Germany,NA
Pseudomonas,aeruginosa,SRR8737625,Susceptible,CAZ,NA,4,mg/L,Broth dilution,NA,CLSI,2013,32048461,NA,Germany,NA
Pseudomonas,aeruginosa,SRR8737626,Susceptible,CAZ,NA,8,mg/L,Broth dilution,NA,CLSI,2013,32048461,NA,Germany,NA
Pseudomonas,aeruginosa,SRR8737627,Susceptible,CAZ,NA,4,mg/L,Broth dilution,NA,CLSI,2013,32048461,NA,Germany,NA
Pseudomonas,aeruginosa,SRR8737628,Resistant,CAZ,NA,128,mg/L,Broth dilution,NA,CLSI,2013,32048461,NA,Germany,NA
Pseudomonas,aeruginosa,SRR8737629,Intermediate,CAZ,NA,16,mg/L,Broth dilution,NA,CLSI,2013,32048461,NA,Germany,NA
Pseudomonas,aeruginosa,SRR8737630,Resistant,CAZ,NA,128,mg/L,Broth dilution,NA,CLSI,2013,32048461,NA,Germany,NA
Pseudomonas,aeruginosa,SRR8737631,Intermediate,CAZ,NA,16,mg/L,Broth dilution,NA,CLSI,2013,32048461,NA,Germany,NA
Pseudomonas,aeruginosa,SRR8737632,Susceptible,CAZ,NA,1,mg/L,Broth dilution,NA,CLSI,2013,32048461,NA,Germany,NA
Pseudomonas,aeruginosa,SRR8737633,Susceptible,CAZ,NA,2,mg/L,Broth dilution,NA,CLSI,2013,32048461,NA,Germany,NA
Pseudomonas,aeruginosa,SRR8737634,Susceptible,CAZ,NA,1,mg/L,Broth dilution,NA,CLSI,2013,32048461,NA,Germany,NA
Pseudomonas,aeruginosa,SRR8737635,Susceptible,CAZ,NA,2,mg/L,Broth dilution,NA,CLSI,2013,32048461,NA,Germany,NA
Pseudomonas,aeruginosa,SRR8737636,Susceptible,CAZ,NA,2,mg/L,Broth dilution,NA,CLSI,2013,32048461,NA,Germany,NA
Pseudomonas,aeruginosa,SRR8737637,Resistant,CAZ,NA,32,mg/L,Broth dilution,NA,CLSI,2013,32048461,NA,Spain,NA
Pseudomonas,aeruginosa,SRR8737638,Resistant,CAZ,NA,64,mg/L,Broth dilution,NA,CLSI,2013,32048461,NA,Spain,NA
Pseudomonas,aeruginosa,SRR8737639,Susceptible,CAZ,NA,8,mg/L,Broth dilution,NA,CLSI,2013,32048461,NA,Germany,NA
Pseudomonas,aeruginosa,SRR8737640,Susceptible,CAZ,NA,4,mg/L,Broth dilution,NA,CLSI,2013,32048461,NA,Germany,NA
Pseudomonas,aeruginosa,SRR8737641,Susceptible,CAZ,NA,8,mg/L,Broth dilution,NA,CLSI,2013,32048461,NA,Germany,NA
Pseudomonas,aeruginosa,SRR8737642,Susceptible,CAZ,NA,2,mg/L,Broth dilution,NA,CLSI,2013,32048461,NA,Germany,NA
Pseudomonas,aeruginosa,SRR8737643,Resistant,CAZ,NA,32,mg/L,Broth dilution,NA,CLSI,2013,32048461,NA,Germany,NA
Pseudomonas,aeruginosa,SRR8737644,Susceptible,CAZ,NA,0.5,mg/L,Broth dilution,NA,CLSI,2013,32048461,NA,Germany,NA
Pseudomonas,aeruginosa,SRR8737645,Resistant,CAZ,NA,256,mg/L,Broth dilution,NA,CLSI,2013,32048461,NA,Germany,NA
Pseudomonas,aeruginosa,SRR8737646,Susceptible,CAZ,NA,8,mg/L,Broth dilution,NA,CLSI,2013,32048461,NA,Germany,NA
Pseudomonas,aeruginosa,SRR8737647,Susceptible,CAZ,NA,1,mg/L,Broth dilution,NA,CLSI,2013,32048461,NA,Germany,NA
Pseudomonas,aeruginosa,SRR8737648,Susceptible,CAZ,NA,8,mg/L,Broth dilution,NA,CLSI,2013,32048461,NA,Germany,NA
Pseudomonas,aeruginosa,SRR8737649,Susceptible,CAZ,NA,8,mg/L,Broth dilution,NA,CLSI,2013,32048461,NA,Germany,NA
Pseudomonas,aeruginosa,SRR8737650,Resistant,CAZ,NA,128,mg/L,Broth dilution,NA,CLSI,2013,32048461,NA,Germany,NA
Pseudomonas,aeruginosa,SRR8737651,Susceptible,CAZ,NA,2,mg/L,Broth dilution,NA,CLSI,2013,32048461,NA,Germany,NA
Pseudomonas,aeruginosa,SRR8737652,Intermediate,CAZ,NA,16,mg/L,Broth dilution,NA,CLSI,2013,32048461,NA,Germany,NA
Pseudomonas,aeruginosa,SRR8737653,Susceptible,CAZ,NA,8,mg/L,Broth dilution,NA,CLSI,2013,32048461,NA,Germany,NA
Pseudomonas,aeruginosa,SRR8737654,Susceptible,CAZ,NA,4,mg/L,Broth dilution,NA,CLSI,2013,32048461,NA,Germany,NA
Pseudomonas,aeruginosa,SRR8737655,Resistant,CAZ,NA,32,mg/L,Broth dilution,NA,CLSI,2013,32048461,NA,Germany,NA
Pseudomonas,aeruginosa,SRR8737656,Resistant,CAZ,NA,64,mg/L,Broth dilution,NA,CLSI,2013,32048461,NA,Germany,NA
Pseudomonas,aeruginosa,SRR8737657,Resistant,CAZ,NA,32,mg/L,Broth dilution,NA,CLSI,2013,32048461,NA,Germany,NA
Pseudomonas,aeruginosa,SRR8737658,Resistant,CAZ,NA,32,mg/L,Broth dilution,NA,CLSI,2013,32048461,NA,Germany,NA
Pseudomonas,aeruginosa,SRR8737659,Resistant,CAZ,NA,1024,mg/L,Broth dilution,NA,CLSI,2013,32048461,NA,Germany,NA
Pseudomonas,aeruginosa,SRR8737660,Resistant,CAZ,NA,1024,mg/L,Broth dilution,NA,CLSI,2013,32048461,NA,Germany,NA
Pseudomonas,aeruginosa,SRR8737667,Susceptible,CAZ,NA,4,mg/L,Broth dilution,NA,CLSI,2013,32048461,NA,Germany,NA
Pseudomonas,aeruginosa,SRR8737668,Resistant,CAZ,NA,128,mg/L,Broth dilution,NA,CLSI,2013,32048461,NA,Germany,NA
Pseudomonas,aeruginosa,SRR8737669,Resistant,CAZ,NA,32,mg/L,Broth dilution,NA,CLSI,2013,32048461,NA,Germany,NA
Pseudomonas,aeruginosa,SRR8737670,Susceptible,CAZ,NA,4,mg/L,Broth dilution,NA,CLSI,2013,32048461,NA,Germany,NA
Pseudomonas,aeruginosa,SRR8737671,Intermediate,CAZ,NA,16,mg/L,Broth dilution,NA,CLSI,2013,32048461,NA,Spain,NA
Pseudomonas,aeruginosa,SRR8737672,Susceptible,CAZ,NA,8,mg/L,Broth dilution,NA,CLSI,2013,32048461,NA,Germany,NA
Pseudomonas,aeruginosa,SRR8737673,Susceptible,CAZ,NA,8,mg/L,Broth dilution,NA,CLSI,2013,32048461,NA,Germany,NA
Pseudomonas,aeruginosa,SRR8737674,Resistant,CAZ,NA,128,mg/L,Broth dilution,NA,CLSI,2013,32048461,NA,Germany,NA
Pseudomonas,aeruginosa,SRR8737675,Intermediate,CAZ,NA,16,mg/L,Broth dilution,NA,CLSI,2013,32048461,NA,Germany,NA
Pseudomonas,aeruginosa,SRR8737676,Susceptible,CAZ,NA,1,mg/L,Broth dilution,NA,CLSI,2013,32048461,NA,Germany,NA
Pseudomonas,aeruginosa,SRR8737677,Susceptible,CAZ,NA,8,mg/L,Broth dilution,NA,CLSI,2013,32048461,NA,Germany,NA
Pseudomonas,aeruginosa,SRR8737678,Resistant,CAZ,NA,64,mg/L,Broth dilution,NA,CLSI,2013,32048461,NA,Germany,NA
Pseudomonas,aeruginosa,SRR8737679,Susceptible,CAZ,NA,1,mg/L,Broth dilution,NA,CLSI,2013,32048461,NA,Germany,NA
Pseudomonas,aeruginosa,SRR8737680,Intermediate,CAZ,NA,16,mg/L,Broth dilution,NA,CLSI,2013,32048461,NA,Germany,NA
Pseudomonas,aeruginosa,SRR8737682,Susceptible,CAZ,NA,2,mg/L,Broth dilution,NA,CLSI,2013,32048461,NA,Germany,NA
Pseudomonas,aeruginosa,SRR8737683,Susceptible,CAZ,NA,2,mg/L,Broth dilution,NA,CLSI,2013,32048461,NA,Germany,NA
Pseudomonas,aeruginosa,SRR8737684,Resistant,CAZ,NA,64,mg/L,Broth dilution,NA,CLSI,2013,32048461,NA,Germany,NA
Pseudomonas,aeruginosa,SRR8737685,Susceptible,CAZ,NA,2,mg/L,Broth dilution,NA,CLSI,2013,32048461,NA,Germany,NA
Pseudomonas,aeruginosa,SRR8737686,Susceptible,CAZ,NA,1,mg/L,Broth dilution,NA,CLSI,2013,32048461,NA,Germany,NA
Pseudomonas,aeruginosa,SRR8737687,Susceptible,CAZ,NA,4,mg/L,Broth dilution,NA,CLSI,2013,32048461,NA,Germany,NA
Pseudomonas,aeruginosa,SRR8737688,Resistant,CAZ,NA,256,mg/L,Broth dilution,NA,CLSI,2013,32048461,NA,Spain,NA
Pseudomonas,aeruginosa,SRR8737689,Susceptible,CAZ,NA,2,mg/L,Broth dilution,NA,CLSI,2013,32048461,NA,Germany,NA
Pseudomonas,aeruginosa,SRR8737690,Susceptible,CAZ,NA,8,mg/L,Broth dilution,NA,CLSI,2013,32048461,NA,Germany,NA
Pseudomonas,aeruginosa,SRR8737691,Susceptible,CAZ,NA,2,mg/L,Broth dilution,NA,CLSI,2013,32048461,NA,Germany,NA
Pseudomonas,aeruginosa,SRR8737692,Susceptible,CAZ,NA,2,mg/L,Broth dilution,NA,CLSI,2013,32048461,NA,Germany,NA
Pseudomonas,aeruginosa,SRR8737693,Susceptible,CAZ,NA,2,mg/L,Broth dilution,NA,CLSI,2013,32048461,NA,Germany,NA
Pseudomonas,aeruginosa,SRR8737694,Susceptible,CAZ,NA,0.5,mg/L,Broth dilution,NA,CLSI,2013,32048461,NA,Germany,NA
Staphylococcus,aureus,SRR8756094,Intermediate,ERY,NA,4,mg/L,Broth dilution,BD Phoenix,CLSI,2013,NA,bone,Russia,NA
Klebsiella,pneumoniae,SRR900126,Susceptible,GEN,<=,1,NA,NA,NA,CLSI,2013,NA,Excreted bodily substance; urine,USA,NA
Klebsiella,pneumoniae,SRR900133,Intermediate,GEN,Klebsiella pneumoniae 500_1420,4,NA,NA,NA,CLSI,2013,NA,Excreted bodily substance; urine,USA,NA
Klebsiella,pneumoniae,SRR900152,Susceptible,GEN,NA,2,NA,NA,NA,CLSI,2013,NA,Bodily fluid; blood,USA,NA
Klebsiella,pneumoniae,SRR900155,Susceptible,GEN,<=,1,NA,NA,NA,CLSI,2013,NA,Excreted bodily substance; urine,USA,NA
Klebsiella,pneumoniae,SRR900168,Resistant,GEN,Klebsiella pneumoniae UHKPC32,8,NA,NA,NA,CLSI,2013,NA,Excreted bodily substance; urine,USA,NA
Klebsiella,pneumoniae,SRR900183,Resistant,GEN,Klebsiella pneumoniae UHKPC59,8,NA,NA,NA,CLSI,2013,NA,Excreted bodily substance; urine,USA,NA
Klebsiella,pneumoniae,SRR900184,Susceptible,GEN,<=,1,NA,NA,NA,CLSI,2013,NA,Excreted bodily substance; urine,USA,NA
Klebsiella,pneumoniae,SRR900207,Susceptible,GEN,<=,1,NA,NA,NA,CLSI,2013,NA,Excreted bodily substance; urine,USA,NA
Campylobacter,jejuni,SRR9207841,Resistant,TET,NA,256,mg/L,Disk diffusion,E-test,CLSI,2013,31665255,stool,USA,NA
Campylobacter,jejuni,SRR9207844,Susceptible,TET,NA,0.25,mg/L,Disk diffusion,E-test,CLSI,2013,31665255,stool,USA,NA
Campylobacter,jejuni,SRR9207847,Susceptible,TET,NA,0.5,mg/L,Disk diffusion,E-test,CLSI,2013,31665255,stool,USA,NA
Klebsiella,pneumoniae,SRR921382,Susceptible,GEN,<=,1,NA,NA,NA,CLSI,2013,NA,Excreted bodily substance; urine,USA,NA
Neisseria,gonorrhoeae,SRR959017,Resistant,TET,NA,4,mg/L,Broth dilution,NA,CLSI,2013,25780762,urinogenital fluid,Canada,NA
Klebsiella,pneumoniae,SRR960878,Susceptible,GEN,<=,1,mg/L,Broth dilution,NA,CLSI,2013,NA,Urine,USA,NA
Klebsiella,pneumoniae,SRR960879,Susceptible,GEN,<=,1,mg/L,Broth dilution,NA,CLSI,2013,NA,Sputum,USA,NA
Klebsiella,pneumoniae,SRR960880,Intermediate,GEN,Klebsiella pneumoniae UCICRE 1,4,mg/L,Broth dilution,NA,CLSI,2013,NA,Sputum,USA,NA
Klebsiella,pneumoniae,SRR960883,Susceptible,GEN,<=,1,mg/L,Broth dilution,NA,CLSI,2013,NA,Sputum,USA,NA
Neisseria,gonorrhoeae,SRR969045,Resistant,TET,NA,4,mg/L,Broth dilution,NA,CLSI,2013,25780762,urinogenital fluid,Canada,NA
Neisseria,gonorrhoeae,SRR969336,Resistant,TET,NA,8,mg/L,Broth dilution,NA,CLSI,2013,25780762,urinogenital fluid,Canada,NA
Neisseria,gonorrhoeae,SRR969341,Resistant,TET,NA,2,mg/L,Broth dilution,NA,CLSI,2013,25780762,urinogenital fluid,Canada,NA
Neisseria,gonorrhoeae,SRR969345,Resistant,TET,NA,4,mg/L,Broth dilution,NA,CLSI,2013,25780762,urinogenital fluid,Canada,NA
Neisseria,gonorrhoeae,SRR969348,Resistant,TET,NA,4,mg/L,Broth dilution,NA,CLSI,2013,25780762,urinogenital fluid,Canada,NA
Neisseria,gonorrhoeae,SRR969351,Resistant,TET,NA,8,mg/L,Broth dilution,NA,CLSI,2013,25780762,urinogenital fluid,Canada,NA
Neisseria,gonorrhoeae,SRR969352,Resistant,TET,NA,4,mg/L,Broth dilution,NA,CLSI,2013,25780762,urinogenital fluid,Canada,NA
Neisseria,gonorrhoeae,SRR969377,Susceptible,TET,NA,0.25,mg/L,Broth dilution,NA,CLSI,2013,25780762,urinogenital fluid,NA,NA
Neisseria,gonorrhoeae,SRR969378,Resistant,TET,NA,2,mg/L,Broth dilution,NA,CLSI,2013,25780762,urinogenital fluid,NA,NA
Neisseria,gonorrhoeae,SRR969379,Resistant,TET,NA,4,mg/L,Broth dilution,NA,CLSI,2013,25780762,urinogenital fluid,NA,NA
Neisseria,gonorrhoeae,SRR969380,Intermediate,TET,NA,1,mg/L,Broth dilution,NA,CLSI,2013,25780762,urinogenital fluid,NA,NA
Neisseria,gonorrhoeae,SRR969382,Intermediate,TET,NA,0.5,mg/L,Broth dilution,NA,CLSI,2013,25780762,urinogenital fluid,NA,NA
Neisseria,gonorrhoeae,SRR969386,Resistant,TET,NA,2,mg/L,Broth dilution,NA,CLSI,2013,25780762,urinogenital fluid,NA,NA
Neisseria,gonorrhoeae,SRR969389,Resistant,TET,NA,2,mg/L,Broth dilution,NA,CLSI,2013,25780762,urinogenital fluid,NA,NA
Neisseria,gonorrhoeae,SRR969391,Resistant,TET,NA,2,mg/L,Broth dilution,NA,CLSI,2013,25780762,urinogenital fluid,NA,NA
Neisseria,gonorrhoeae,SRR969392,Susceptible,TET,NA,0.125,mg/L,Broth dilution,NA,CLSI,2013,25780762,urinogenital fluid,NA,NA
