dataset,accession,assembly_path,status
training,DRR124693,data/camda_amr_2025/processed/assemblies/train/DRR124693.fasta,present
training,DRR170693,data/camda_amr_2025/processed/assemblies/train/DRR170693.fasta,missing
training,DRR170697,data/camda_amr_2025/processed/assemblies/train/DRR170697.fasta,missing
training,DRR170701,data/camda_amr_2025/processed/assemblies/train/DRR170701.fasta,missing
training,ERR016635,data/camda_amr_2025/processed/assemblies/train/ERR016635.fasta,missing
training,ERR016637,data/camda_amr_2025/processed/assemblies/train/ERR016637.fasta,missing
training,ERR016639,data/camda_amr_2025/processed/assemblies/train/ERR016639.fasta,missing
training,ERR016640,data/camda_amr_2025/processed/assemblies/train/ERR016640.fasta,missing
training,ERR016645,data/camda_amr_2025/processed/assemblies/train/ERR016645.fasta,missing
training,ERR016646,data/camda_amr_2025/processed/assemblies/train/ERR016646.fasta,missing
training,ERR016648,data/camda_amr_2025/processed/assemblies/train/ERR016648.fasta,missing
training,ERR016650,data/camda_amr_2025/processed/assemblies/train/ERR016650.fasta,missing
training,ERR016652,data/camda_amr_2025/processed/assemblies/train/ERR016652.fasta,missing
training,ERR016653,data/camda_amr_2025/processed/assemblies/train/ERR016653.fasta,missing
training,ERR016654,data/camda_amr_2025/processed/assemblies/train/ERR016654.fasta,missing
training,ERR016655,data/camda_amr_2025/processed/assemblies/train/ERR016655.fasta,missing
training,ERR016656,data/camda_amr_2025/processed/assemblies/train/ERR016656.fasta,missing
training,ERR016658,data/camda_amr_2025/processed/assemblies/train/ERR016658.fasta,missing
training,ERR016663,data/camda_amr_2025/processed/assemblies/train/ERR016663.fasta,missing
training,ERR016664,data/camda_amr_2025/processed/assemblies/train/ERR016664.fasta,missing
training,ERR016666,data/camda_amr_2025/processed/assemblies/train/ERR016666.fasta,missing
training,ERR016668,data/camda_amr_2025/processed/assemblies/train/ERR016668.fasta,missing
training,ERR016669,data/camda_amr_2025/processed/assemblies/train/ERR016669.fasta,missing
training,ERR016670,data/camda_amr_2025/processed/assemblies/train/ERR016670.fasta,missing
training,ERR016672,data/camda_amr_2025/processed/assemblies/train/ERR016672.fasta,missing
training,ERR016679,data/camda_amr_2025/processed/assemblies/train/ERR016679.fasta,missing
training,ERR016681,data/camda_amr_2025/processed/assemblies/train/ERR016681.fasta,missing
training,ERR016694,data/camda_amr_2025/processed/assemblies/train/ERR016694.fasta,missing
training,ERR016695,data/camda_amr_2025/processed/assemblies/train/ERR016695.fasta,missing
training,ERR016699,data/camda_amr_2025/processed/assemblies/train/ERR016699.fasta,missing
training,ERR016700,data/camda_amr_2025/processed/assemblies/train/ERR016700.fasta,missing
training,ERR016713,data/camda_amr_2025/processed/assemblies/train/ERR016713.fasta,missing
training,ERR016721,data/camda_amr_2025/processed/assemblies/train/ERR016721.fasta,missing
training,ERR016725,data/camda_amr_2025/processed/assemblies/train/ERR016725.fasta,missing
training,ERR016728,data/camda_amr_2025/processed/assemblies/train/ERR016728.fasta,missing
training,ERR016729,data/camda_amr_2025/processed/assemblies/train/ERR016729.fasta,missing
training,ERR016736,data/camda_amr_2025/processed/assemblies/train/ERR016736.fasta,missing
training,ERR016745,data/camda_amr_2025/processed/assemblies/train/ERR016745.fasta,missing
training,ERR016746,data/camda_amr_2025/processed/assemblies/train/ERR016746.fasta,missing
training,ERR016747,data/camda_amr_2025/processed/assemblies/train/ERR016747.fasta,missing
training,ERR016750,data/camda_amr_2025/processed/assemblies/train/ERR016750.fasta,missing
training,ERR016751,data/camda_amr_2025/processed/assemblies/train/ERR016751.fasta,missing
training,ERR016753,data/camda_amr_2025/processed/assemblies/train/ERR016753.fasta,missing
training,ERR016756,data/camda_amr_2025/processed/assemblies/train/ERR016756.fasta,missing
training,ERR016758,data/camda_amr_2025/processed/assemblies/train/ERR016758.fasta,missing
training,ERR016759,data/camda_amr_2025/processed/assemblies/train/ERR016759.fasta,missing
training,ERR016766,data/camda_amr_2025/processed/assemblies/train/ERR016766.fasta,missing
training,ERR016769,data/camda_amr_2025/processed/assemblies/train/ERR016769.fasta,missing
training,ERR016772,data/camda_amr_2025/processed/assemblies/train/ERR016772.fasta,missing
training,ERR016777,data/camda_amr_2025/processed/assemblies/train/ERR016777.fasta,missing
training,ERR016782,data/camda_amr_2025/processed/assemblies/train/ERR016782.fasta,missing
training,ERR016794,data/camda_amr_2025/processed/assemblies/train/ERR016794.fasta,missing
training,ERR016798,data/camda_amr_2025/processed/assemblies/train/ERR016798.fasta,missing
training,ERR016800,data/camda_amr_2025/processed/assemblies/train/ERR016800.fasta,missing
training,ERR016802,data/camda_amr_2025/processed/assemblies/train/ERR016802.fasta,missing
training,ERR016839,data/camda_amr_2025/processed/assemblies/train/ERR016839.fasta,missing
training,ERR016840,data/camda_amr_2025/processed/assemblies/train/ERR016840.fasta,missing
training,ERR016843,data/camda_amr_2025/processed/assemblies/train/ERR016843.fasta,missing
training,ERR016847,data/camda_amr_2025/processed/assemblies/train/ERR016847.fasta,missing
training,ERR016857,data/camda_amr_2025/processed/assemblies/train/ERR016857.fasta,missing
training,ERR016860,data/camda_amr_2025/processed/assemblies/train/ERR016860.fasta,missing
training,ERR018818,data/camda_amr_2025/processed/assemblies/train/ERR018818.fasta,missing
training,ERR018823,data/camda_amr_2025/processed/assemblies/train/ERR018823.fasta,missing
training,ERR018826,data/camda_amr_2025/processed/assemblies/train/ERR018826.fasta,missing
training,ERR019702,data/camda_amr_2025/processed/assemblies/train/ERR019702.fasta,missing
training,ERR019703,data/camda_amr_2025/processed/assemblies/train/ERR019703.fasta,missing
training,ERR019710,data/camda_amr_2025/processed/assemblies/train/ERR019710.fasta,missing
training,ERR019714,data/camda_amr_2025/processed/assemblies/train/ERR019714.fasta,missing
training,ERR019719,data/camda_amr_2025/processed/assemblies/train/ERR019719.fasta,missing
training,ERR019720,data/camda_amr_2025/processed/assemblies/train/ERR019720.fasta,missing
training,ERR019723,data/camda_amr_2025/processed/assemblies/train/ERR019723.fasta,missing
training,ERR019725,data/camda_amr_2025/processed/assemblies/train/ERR019725.fasta,missing
training,ERR019731,data/camda_amr_2025/processed/assemblies/train/ERR019731.fasta,missing
training,ERR019734,data/camda_amr_2025/processed/assemblies/train/ERR019734.fasta,missing
training,ERR023417,data/camda_amr_2025/processed/assemblies/train/ERR023417.fasta,missing
training,ERR023426,data/camda_amr_2025/processed/assemblies/train/ERR023426.fasta,missing
training,ERR023429,data/camda_amr_2025/processed/assemblies/train/ERR023429.fasta,missing
training,ERR023434,data/camda_amr_2025/processed/assemblies/train/ERR023434.fasta,missing
training,ERR023438,data/camda_amr_2025/processed/assemblies/train/ERR023438.fasta,missing
training,ERR023439,data/camda_amr_2025/processed/assemblies/train/ERR023439.fasta,missing
training,ERR023449,data/camda_amr_2025/processed/assemblies/train/ERR023449.fasta,missing
training,ERR023451,data/camda_amr_2025/processed/assemblies/train/ERR023451.fasta,missing
training,ERR023453,data/camda_amr_2025/processed/assemblies/train/ERR023453.fasta,missing
training,ERR023457,data/camda_amr_2025/processed/assemblies/train/ERR023457.fasta,missing
training,ERR024211,data/camda_amr_2025/processed/assemblies/train/ERR024211.fasta,missing
training,ERR024218,data/camda_amr_2025/processed/assemblies/train/ERR024218.fasta,missing
training,ERR024225,data/camda_amr_2025/processed/assemblies/train/ERR024225.fasta,missing
training,ERR024232,data/camda_amr_2025/processed/assemblies/train/ERR024232.fasta,missing
training,ERR024276,data/camda_amr_2025/processed/assemblies/train/ERR024276.fasta,missing
training,ERR024277,data/camda_amr_2025/processed/assemblies/train/ERR024277.fasta,missing
training,ERR024278,data/camda_amr_2025/processed/assemblies/train/ERR024278.fasta,missing
training,ERR029343,data/camda_amr_2025/processed/assemblies/train/ERR029343.fasta,missing
training,ERR029344,data/camda_amr_2025/processed/assemblies/train/ERR029344.fasta,missing
training,ERR029345,data/camda_amr_2025/processed/assemblies/train/ERR029345.fasta,missing
training,ERR029347,data/camda_amr_2025/processed/assemblies/train/ERR029347.fasta,missing
training,ERR029348,data/camda_amr_2025/processed/assemblies/train/ERR029348.fasta,missing
training,ERR029350,data/camda_amr_2025/processed/assemblies/train/ERR029350.fasta,missing
training,ERR029351,data/camda_amr_2025/processed/assemblies/train/ERR029351.fasta,missing
training,ERR029353,data/camda_amr_2025/processed/assemblies/train/ERR029353.fasta,missing
training,ERR029357,data/camda_amr_2025/processed/assemblies/train/ERR029357.fasta,missing
training,ERR029358,data/camda_amr_2025/processed/assemblies/train/ERR029358.fasta,missing
training,ERR029359,data/camda_amr_2025/processed/assemblies/train/ERR029359.fasta,missing
training,ERR029360,data/camda_amr_2025/processed/assemblies/train/ERR029360.fasta,missing
training,ERR029363,data/camda_amr_2025/processed/assemblies/train/ERR029363.fasta,missing
training,ERR029367,data/camda_amr_2025/processed/assemblies/train/ERR029367.fasta,missing
training,ERR029369,data/camda_amr_2025/processed/assemblies/train/ERR029369.fasta,missing
training,ERR029373,data/camda_amr_2025/processed/assemblies/train/ERR029373.fasta,missing
training,ERR029374,data/camda_amr_2025/processed/assemblies/train/ERR029374.fasta,missing
training,ERR029376,data/camda_amr_2025/processed/assemblies/train/ERR029376.fasta,missing
training,ERR029378,data/camda_amr_2025/processed/assemblies/train/ERR029378.fasta,missing
training,ERR029379,data/camda_amr_2025/processed/assemblies/train/ERR029379.fasta,missing
training,ERR029380,data/camda_amr_2025/processed/assemblies/train/ERR029380.fasta,missing
training,ERR029388,data/camda_amr_2025/processed/assemblies/train/ERR029388.fasta,missing
training,ERR029389,data/camda_amr_2025/processed/assemblies/train/ERR029389.fasta,missing
training,ERR029456,data/camda_amr_2025/processed/assemblies/train/ERR029456.fasta,missing
training,ERR029462,data/camda_amr_2025/processed/assemblies/train/ERR029462.fasta,missing
training,ERR029463,data/camda_amr_2025/processed/assemblies/train/ERR029463.fasta,missing
training,ERR029464,data/camda_amr_2025/processed/assemblies/train/ERR029464.fasta,missing
training,ERR029465,data/camda_amr_2025/processed/assemblies/train/ERR029465.fasta,missing
training,ERR029472,data/camda_amr_2025/processed/assemblies/train/ERR029472.fasta,missing
training,ERR029473,data/camda_amr_2025/processed/assemblies/train/ERR029473.fasta,missing
training,ERR029476,data/camda_amr_2025/processed/assemblies/train/ERR029476.fasta,missing
training,ERR029478,data/camda_amr_2025/processed/assemblies/train/ERR029478.fasta,missing
training,ERR030145,data/camda_amr_2025/processed/assemblies/train/ERR030145.fasta,missing
training,ERR030148,data/camda_amr_2025/processed/assemblies/train/ERR030148.fasta,missing
training,ERR030150,data/camda_amr_2025/processed/assemblies/train/ERR030150.fasta,missing
training,ERR030153,data/camda_amr_2025/processed/assemblies/train/ERR030153.fasta,missing
training,ERR030158,data/camda_amr_2025/processed/assemblies/train/ERR030158.fasta,missing
training,ERR030159,data/camda_amr_2025/processed/assemblies/train/ERR030159.fasta,missing
training,ERR030161,data/camda_amr_2025/processed/assemblies/train/ERR030161.fasta,missing
training,ERR030162,data/camda_amr_2025/processed/assemblies/train/ERR030162.fasta,missing
training,ERR030167,data/camda_amr_2025/processed/assemblies/train/ERR030167.fasta,missing
training,ERR030168,data/camda_amr_2025/processed/assemblies/train/ERR030168.fasta,missing
training,ERR030170,data/camda_amr_2025/processed/assemblies/train/ERR030170.fasta,missing
training,ERR030171,data/camda_amr_2025/processed/assemblies/train/ERR030171.fasta,missing
training,ERR030172,data/camda_amr_2025/processed/assemblies/train/ERR030172.fasta,missing
training,ERR030175,data/camda_amr_2025/processed/assemblies/train/ERR030175.fasta,missing
training,ERR030181,data/camda_amr_2025/processed/assemblies/train/ERR030181.fasta,missing
training,ERR030183,data/camda_amr_2025/processed/assemblies/train/ERR030183.fasta,missing
training,ERR030184,data/camda_amr_2025/processed/assemblies/train/ERR030184.fasta,missing
training,ERR030186,data/camda_amr_2025/processed/assemblies/train/ERR030186.fasta,missing
training,ERR030189,data/camda_amr_2025/processed/assemblies/train/ERR030189.fasta,missing
training,ERR030191,data/camda_amr_2025/processed/assemblies/train/ERR030191.fasta,missing
training,ERR030193,data/camda_amr_2025/processed/assemblies/train/ERR030193.fasta,missing
training,ERR030194,data/camda_amr_2025/processed/assemblies/train/ERR030194.fasta,missing
training,ERR030197,data/camda_amr_2025/processed/assemblies/train/ERR030197.fasta,missing
training,ERR030201,data/camda_amr_2025/processed/assemblies/train/ERR030201.fasta,missing
training,ERR030202,data/camda_amr_2025/processed/assemblies/train/ERR030202.fasta,missing
training,ERR030204,data/camda_amr_2025/processed/assemblies/train/ERR030204.fasta,missing
training,ERR030210,data/camda_amr_2025/processed/assemblies/train/ERR030210.fasta,missing
training,ERR030213,data/camda_amr_2025/processed/assemblies/train/ERR030213.fasta,missing
training,ERR030214,data/camda_amr_2025/processed/assemblies/train/ERR030214.fasta,missing
training,ERR030215,data/camda_amr_2025/processed/assemblies/train/ERR030215.fasta,missing
training,ERR030222,data/camda_amr_2025/processed/assemblies/train/ERR030222.fasta,missing
training,ERR030226,data/camda_amr_2025/processed/assemblies/train/ERR030226.fasta,missing
training,ERR030231,data/camda_amr_2025/processed/assemblies/train/ERR030231.fasta,missing
training,ERR030234,data/camda_amr_2025/processed/assemblies/train/ERR030234.fasta,missing
training,ERR030238,data/camda_amr_2025/processed/assemblies/train/ERR030238.fasta,missing
training,ERR030239,data/camda_amr_2025/processed/assemblies/train/ERR030239.fasta,missing
training,ERR030241,data/camda_amr_2025/processed/assemblies/train/ERR030241.fasta,missing
training,ERR030242,data/camda_amr_2025/processed/assemblies/train/ERR030242.fasta,missing
training,ERR030244,data/camda_amr_2025/processed/assemblies/train/ERR030244.fasta,missing
training,ERR030245,data/camda_amr_2025/processed/assemblies/train/ERR030245.fasta,missing
training,ERR030246,data/camda_amr_2025/processed/assemblies/train/ERR030246.fasta,missing
training,ERR030247,data/camda_amr_2025/processed/assemblies/train/ERR030247.fasta,missing
training,ERR030250,data/camda_amr_2025/processed/assemblies/train/ERR030250.fasta,missing
training,ERR030251,data/camda_amr_2025/processed/assemblies/train/ERR030251.fasta,missing
training,ERR030252,data/camda_amr_2025/processed/assemblies/train/ERR030252.fasta,missing
training,ERR030253,data/camda_amr_2025/processed/assemblies/train/ERR030253.fasta,missing
training,ERR030254,data/camda_amr_2025/processed/assemblies/train/ERR030254.fasta,missing
training,ERR030258,data/camda_amr_2025/processed/assemblies/train/ERR030258.fasta,missing
training,ERR030265,data/camda_amr_2025/processed/assemblies/train/ERR030265.fasta,missing
training,ERR030268,data/camda_amr_2025/processed/assemblies/train/ERR030268.fasta,missing
training,ERR030270,data/camda_amr_2025/processed/assemblies/train/ERR030270.fasta,missing
training,ERR030276,data/camda_amr_2025/processed/assemblies/train/ERR030276.fasta,missing
training,ERR030277,data/camda_amr_2025/processed/assemblies/train/ERR030277.fasta,missing
training,ERR030278,data/camda_amr_2025/processed/assemblies/train/ERR030278.fasta,missing
training,ERR030280,data/camda_amr_2025/processed/assemblies/train/ERR030280.fasta,missing
training,ERR030281,data/camda_amr_2025/processed/assemblies/train/ERR030281.fasta,missing
training,ERR031661,data/camda_amr_2025/processed/assemblies/train/ERR031661.fasta,missing
training,ERR031665,data/camda_amr_2025/processed/assemblies/train/ERR031665.fasta,missing
training,ERR031670,data/camda_amr_2025/processed/assemblies/train/ERR031670.fasta,missing
training,ERR051794,data/camda_amr_2025/processed/assemblies/train/ERR051794.fasta,missing
training,ERR051801,data/camda_amr_2025/processed/assemblies/train/ERR051801.fasta,missing
training,ERR051829,data/camda_amr_2025/processed/assemblies/train/ERR051829.fasta,missing
training,ERR051833,data/camda_amr_2025/processed/assemblies/train/ERR051833.fasta,missing
training,ERR051858,data/camda_amr_2025/processed/assemblies/train/ERR051858.fasta,missing
training,ERR051871,data/camda_amr_2025/processed/assemblies/train/ERR051871.fasta,missing
training,ERR051878,data/camda_amr_2025/processed/assemblies/train/ERR051878.fasta,missing
training,ERR051896,data/camda_amr_2025/processed/assemblies/train/ERR051896.fasta,missing
training,ERR051902,data/camda_amr_2025/processed/assemblies/train/ERR051902.fasta,missing
training,ERR051924,data/camda_amr_2025/processed/assemblies/train/ERR051924.fasta,missing
training,ERR051930,data/camda_amr_2025/processed/assemblies/train/ERR051930.fasta,missing
training,ERR051948,data/camda_amr_2025/processed/assemblies/train/ERR051948.fasta,missing
training,ERR051978,data/camda_amr_2025/processed/assemblies/train/ERR051978.fasta,missing
training,ERR051982,data/camda_amr_2025/processed/assemblies/train/ERR051982.fasta,missing
training,ERR051990,data/camda_amr_2025/processed/assemblies/train/ERR051990.fasta,missing
training,ERR051993,data/camda_amr_2025/processed/assemblies/train/ERR051993.fasta,missing
training,ERR051994,data/camda_amr_2025/processed/assemblies/train/ERR051994.fasta,missing
training,ERR051995,data/camda_amr_2025/processed/assemblies/train/ERR051995.fasta,missing
training,ERR051996,data/camda_amr_2025/processed/assemblies/train/ERR051996.fasta,missing
training,ERR051999,data/camda_amr_2025/processed/assemblies/train/ERR051999.fasta,missing
training,ERR052017,data/camda_amr_2025/processed/assemblies/train/ERR052017.fasta,missing
training,ERR052023,data/camda_amr_2025/processed/assemblies/train/ERR052023.fasta,missing
training,ERR052024,data/camda_amr_2025/processed/assemblies/train/ERR052024.fasta,missing
training,ERR052039,data/camda_amr_2025/processed/assemblies/train/ERR052039.fasta,missing
training,ERR052325,data/camda_amr_2025/processed/assemblies/train/ERR052325.fasta,missing
training,ERR052331,data/camda_amr_2025/processed/assemblies/train/ERR052331.fasta,missing
training,ERR052438,data/camda_amr_2025/processed/assemblies/train/ERR052438.fasta,missing
training,ERR052464,data/camda_amr_2025/processed/assemblies/train/ERR052464.fasta,missing
training,ERR052465,data/camda_amr_2025/processed/assemblies/train/ERR052465.fasta,missing
training,ERR052466,data/camda_amr_2025/processed/assemblies/train/ERR052466.fasta,missing
training,ERR052467,data/camda_amr_2025/processed/assemblies/train/ERR052467.fasta,missing
training,ERR052526,data/camda_amr_2025/processed/assemblies/train/ERR052526.fasta,missing
training,ERR053008,data/camda_amr_2025/processed/assemblies/train/ERR053008.fasta,missing
training,ERR053016,data/camda_amr_2025/processed/assemblies/train/ERR053016.fasta,missing
training,ERR053018,data/camda_amr_2025/processed/assemblies/train/ERR053018.fasta,missing
training,ERR053022,data/camda_amr_2025/processed/assemblies/train/ERR053022.fasta,missing
training,ERR053025,data/camda_amr_2025/processed/assemblies/train/ERR053025.fasta,missing
training,ERR053031,data/camda_amr_2025/processed/assemblies/train/ERR053031.fasta,missing
training,ERR053032,data/camda_amr_2025/processed/assemblies/train/ERR053032.fasta,missing
training,ERR053034,data/camda_amr_2025/processed/assemblies/train/ERR053034.fasta,missing
training,ERR053035,data/camda_amr_2025/processed/assemblies/train/ERR053035.fasta,missing
training,ERR053039,data/camda_amr_2025/processed/assemblies/train/ERR053039.fasta,missing
training,ERR053046,data/camda_amr_2025/processed/assemblies/train/ERR053046.fasta,missing
training,ERR065293,data/camda_amr_2025/processed/assemblies/train/ERR065293.fasta,missing
training,ERR065294,data/camda_amr_2025/processed/assemblies/train/ERR065294.fasta,missing
training,ERR065295,data/camda_amr_2025/processed/assemblies/train/ERR065295.fasta,missing
training,ERR065296,data/camda_amr_2025/processed/assemblies/train/ERR065296.fasta,missing
training,ERR065297,data/camda_amr_2025/processed/assemblies/train/ERR065297.fasta,missing
training,ERR065300,data/camda_amr_2025/processed/assemblies/train/ERR065300.fasta,missing
training,ERR065301,data/camda_amr_2025/processed/assemblies/train/ERR065301.fasta,missing
training,ERR065304,data/camda_amr_2025/processed/assemblies/train/ERR065304.fasta,missing
training,ERR065307,data/camda_amr_2025/processed/assemblies/train/ERR065307.fasta,missing
training,ERR065309,data/camda_amr_2025/processed/assemblies/train/ERR065309.fasta,missing
training,ERR065310,data/camda_amr_2025/processed/assemblies/train/ERR065310.fasta,missing
training,ERR065311,data/camda_amr_2025/processed/assemblies/train/ERR065311.fasta,missing
training,ERR065312,data/camda_amr_2025/processed/assemblies/train/ERR065312.fasta,missing
training,ERR065314,data/camda_amr_2025/processed/assemblies/train/ERR065314.fasta,missing
training,ERR065316,data/camda_amr_2025/processed/assemblies/train/ERR065316.fasta,missing
training,ERR065317,data/camda_amr_2025/processed/assemblies/train/ERR065317.fasta,missing
training,ERR065318,data/camda_amr_2025/processed/assemblies/train/ERR065318.fasta,missing
training,ERR065320,data/camda_amr_2025/processed/assemblies/train/ERR065320.fasta,missing
training,ERR065325,data/camda_amr_2025/processed/assemblies/train/ERR065325.fasta,missing
training,ERR065326,data/camda_amr_2025/processed/assemblies/train/ERR065326.fasta,missing
training,ERR065327,data/camda_amr_2025/processed/assemblies/train/ERR065327.fasta,missing
training,ERR065328,data/camda_amr_2025/processed/assemblies/train/ERR065328.fasta,missing
training,ERR065332,data/camda_amr_2025/processed/assemblies/train/ERR065332.fasta,missing
training,ERR065337,data/camda_amr_2025/processed/assemblies/train/ERR065337.fasta,missing
training,ERR065339,data/camda_amr_2025/processed/assemblies/train/ERR065339.fasta,missing
training,ERR065340,data/camda_amr_2025/processed/assemblies/train/ERR065340.fasta,missing
training,ERR065342,data/camda_amr_2025/processed/assemblies/train/ERR065342.fasta,missing
training,ERR065344,data/camda_amr_2025/processed/assemblies/train/ERR065344.fasta,missing
training,ERR065348,data/camda_amr_2025/processed/assemblies/train/ERR065348.fasta,missing
training,ERR065352,data/camda_amr_2025/processed/assemblies/train/ERR065352.fasta,missing
training,ERR065353,data/camda_amr_2025/processed/assemblies/train/ERR065353.fasta,missing
training,ERR065355,data/camda_amr_2025/processed/assemblies/train/ERR065355.fasta,missing
training,ERR065953,data/camda_amr_2025/processed/assemblies/train/ERR065953.fasta,missing
training,ERR065958,data/camda_amr_2025/processed/assemblies/train/ERR065958.fasta,missing
training,ERR065959,data/camda_amr_2025/processed/assemblies/train/ERR065959.fasta,missing
training,ERR065964,data/camda_amr_2025/processed/assemblies/train/ERR065964.fasta,missing
training,ERR065969,data/camda_amr_2025/processed/assemblies/train/ERR065969.fasta,missing
training,ERR065971,data/camda_amr_2025/processed/assemblies/train/ERR065971.fasta,missing
training,ERR067960,data/camda_amr_2025/processed/assemblies/train/ERR067960.fasta,missing
training,ERR067961,data/camda_amr_2025/processed/assemblies/train/ERR067961.fasta,missing
training,ERR067962,data/camda_amr_2025/processed/assemblies/train/ERR067962.fasta,missing
training,ERR067963,data/camda_amr_2025/processed/assemblies/train/ERR067963.fasta,missing
training,ERR067966,data/camda_amr_2025/processed/assemblies/train/ERR067966.fasta,missing
training,ERR067967,data/camda_amr_2025/processed/assemblies/train/ERR067967.fasta,missing
training,ERR067969,data/camda_amr_2025/processed/assemblies/train/ERR067969.fasta,missing
training,ERR067970,data/camda_amr_2025/processed/assemblies/train/ERR067970.fasta,missing
training,ERR067974,data/camda_amr_2025/processed/assemblies/train/ERR067974.fasta,missing
training,ERR067975,data/camda_amr_2025/processed/assemblies/train/ERR067975.fasta,missing
training,ERR067976,data/camda_amr_2025/processed/assemblies/train/ERR067976.fasta,missing
training,ERR067978,data/camda_amr_2025/processed/assemblies/train/ERR067978.fasta,missing
training,ERR067979,data/camda_amr_2025/processed/assemblies/train/ERR067979.fasta,missing
training,ERR067982,data/camda_amr_2025/processed/assemblies/train/ERR067982.fasta,missing
training,ERR067983,data/camda_amr_2025/processed/assemblies/train/ERR067983.fasta,missing
training,ERR067985,data/camda_amr_2025/processed/assemblies/train/ERR067985.fasta,missing
training,ERR067986,data/camda_amr_2025/processed/assemblies/train/ERR067986.fasta,missing
training,ERR067988,data/camda_amr_2025/processed/assemblies/train/ERR067988.fasta,missing
training,ERR067990,data/camda_amr_2025/processed/assemblies/train/ERR067990.fasta,missing
training,ERR067995,data/camda_amr_2025/processed/assemblies/train/ERR067995.fasta,missing
training,ERR067998,data/camda_amr_2025/processed/assemblies/train/ERR067998.fasta,missing
training,ERR067999,data/camda_amr_2025/processed/assemblies/train/ERR067999.fasta,missing
training,ERR068000,data/camda_amr_2025/processed/assemblies/train/ERR068000.fasta,missing
training,ERR068001,data/camda_amr_2025/processed/assemblies/train/ERR068001.fasta,missing
training,ERR068003,data/camda_amr_2025/processed/assemblies/train/ERR068003.fasta,missing
training,ERR068004,data/camda_amr_2025/processed/assemblies/train/ERR068004.fasta,missing
training,ERR068005,data/camda_amr_2025/processed/assemblies/train/ERR068005.fasta,missing
training,ERR068007,data/camda_amr_2025/processed/assemblies/train/ERR068007.fasta,missing
training,ERR068012,data/camda_amr_2025/processed/assemblies/train/ERR068012.fasta,missing
training,ERR068019,data/camda_amr_2025/processed/assemblies/train/ERR068019.fasta,missing
training,ERR068021,data/camda_amr_2025/processed/assemblies/train/ERR068021.fasta,missing
training,ERR068023,data/camda_amr_2025/processed/assemblies/train/ERR068023.fasta,missing
training,ERR068026,data/camda_amr_2025/processed/assemblies/train/ERR068026.fasta,missing
training,ERR068028,data/camda_amr_2025/processed/assemblies/train/ERR068028.fasta,missing
training,ERR068029,data/camda_amr_2025/processed/assemblies/train/ERR068029.fasta,missing
training,ERR068030,data/camda_amr_2025/processed/assemblies/train/ERR068030.fasta,missing
training,ERR068031,data/camda_amr_2025/processed/assemblies/train/ERR068031.fasta,missing
training,ERR068032,data/camda_amr_2025/processed/assemblies/train/ERR068032.fasta,missing
training,ERR068033,data/camda_amr_2025/processed/assemblies/train/ERR068033.fasta,missing
training,ERR068035,data/camda_amr_2025/processed/assemblies/train/ERR068035.fasta,missing
training,ERR068036,data/camda_amr_2025/processed/assemblies/train/ERR068036.fasta,missing
training,ERR068038,data/camda_amr_2025/processed/assemblies/train/ERR068038.fasta,missing
training,ERR068039,data/camda_amr_2025/processed/assemblies/train/ERR068039.fasta,missing
training,ERR068043,data/camda_amr_2025/processed/assemblies/train/ERR068043.fasta,missing
training,ERR068044,data/camda_amr_2025/processed/assemblies/train/ERR068044.fasta,missing
training,ERR068046,data/camda_amr_2025/processed/assemblies/train/ERR068046.fasta,missing
training,ERR068049,data/camda_amr_2025/processed/assemblies/train/ERR068049.fasta,missing
training,ERR069683,data/camda_amr_2025/processed/assemblies/train/ERR069683.fasta,missing
training,ERR069691,data/camda_amr_2025/processed/assemblies/train/ERR069691.fasta,missing
training,ERR069693,data/camda_amr_2025/processed/assemblies/train/ERR069693.fasta,missing
training,ERR069694,data/camda_amr_2025/processed/assemblies/train/ERR069694.fasta,missing
training,ERR069698,data/camda_amr_2025/processed/assemblies/train/ERR069698.fasta,missing
training,ERR069699,data/camda_amr_2025/processed/assemblies/train/ERR069699.fasta,missing
training,ERR069700,data/camda_amr_2025/processed/assemblies/train/ERR069700.fasta,missing
training,ERR069704,data/camda_amr_2025/processed/assemblies/train/ERR069704.fasta,missing
training,ERR069705,data/camda_amr_2025/processed/assemblies/train/ERR069705.fasta,missing
training,ERR069706,data/camda_amr_2025/processed/assemblies/train/ERR069706.fasta,missing
training,ERR069707,data/camda_amr_2025/processed/assemblies/train/ERR069707.fasta,missing
training,ERR069708,data/camda_amr_2025/processed/assemblies/train/ERR069708.fasta,missing
training,ERR069709,data/camda_amr_2025/processed/assemblies/train/ERR069709.fasta,missing
training,ERR069710,data/camda_amr_2025/processed/assemblies/train/ERR069710.fasta,missing
training,ERR069712,data/camda_amr_2025/processed/assemblies/train/ERR069712.fasta,missing
training,ERR069713,data/camda_amr_2025/processed/assemblies/train/ERR069713.fasta,missing
training,ERR069714,data/camda_amr_2025/processed/assemblies/train/ERR069714.fasta,missing
training,ERR069716,data/camda_amr_2025/processed/assemblies/train/ERR069716.fasta,missing
training,ERR069720,data/camda_amr_2025/processed/assemblies/train/ERR069720.fasta,missing
training,ERR069724,data/camda_amr_2025/processed/assemblies/train/ERR069724.fasta,missing
training,ERR069725,data/camda_amr_2025/processed/assemblies/train/ERR069725.fasta,missing
training,ERR069732,data/camda_amr_2025/processed/assemblies/train/ERR069732.fasta,missing
training,ERR069733,data/camda_amr_2025/processed/assemblies/train/ERR069733.fasta,missing
training,ERR069734,data/camda_amr_2025/processed/assemblies/train/ERR069734.fasta,missing
training,ERR069735,data/camda_amr_2025/processed/assemblies/train/ERR069735.fasta,missing
training,ERR069740,data/camda_amr_2025/processed/assemblies/train/ERR069740.fasta,missing
training,ERR069741,data/camda_amr_2025/processed/assemblies/train/ERR069741.fasta,missing
training,ERR069744,data/camda_amr_2025/processed/assemblies/train/ERR069744.fasta,missing
training,ERR069747,data/camda_amr_2025/processed/assemblies/train/ERR069747.fasta,missing
training,ERR069748,data/camda_amr_2025/processed/assemblies/train/ERR069748.fasta,missing
training,ERR069749,data/camda_amr_2025/processed/assemblies/train/ERR069749.fasta,missing
training,ERR069755,data/camda_amr_2025/processed/assemblies/train/ERR069755.fasta,missing
training,ERR069757,data/camda_amr_2025/processed/assemblies/train/ERR069757.fasta,missing
training,ERR069759,data/camda_amr_2025/processed/assemblies/train/ERR069759.fasta,missing
training,ERR069760,data/camda_amr_2025/processed/assemblies/train/ERR069760.fasta,missing
training,ERR069761,data/camda_amr_2025/processed/assemblies/train/ERR069761.fasta,missing
training,ERR069762,data/camda_amr_2025/processed/assemblies/train/ERR069762.fasta,missing
training,ERR069765,data/camda_amr_2025/processed/assemblies/train/ERR069765.fasta,missing
training,ERR069766,data/camda_amr_2025/processed/assemblies/train/ERR069766.fasta,missing
training,ERR069767,data/camda_amr_2025/processed/assemblies/train/ERR069767.fasta,missing
training,ERR069773,data/camda_amr_2025/processed/assemblies/train/ERR069773.fasta,missing
training,ERR069777,data/camda_amr_2025/processed/assemblies/train/ERR069777.fasta,missing
training,ERR069780,data/camda_amr_2025/processed/assemblies/train/ERR069780.fasta,missing
training,ERR069781,data/camda_amr_2025/processed/assemblies/train/ERR069781.fasta,missing
training,ERR069782,data/camda_amr_2025/processed/assemblies/train/ERR069782.fasta,missing
training,ERR069786,data/camda_amr_2025/processed/assemblies/train/ERR069786.fasta,missing
training,ERR069789,data/camda_amr_2025/processed/assemblies/train/ERR069789.fasta,missing
training,ERR069791,data/camda_amr_2025/processed/assemblies/train/ERR069791.fasta,missing
training,ERR069792,data/camda_amr_2025/processed/assemblies/train/ERR069792.fasta,missing
training,ERR069793,data/camda_amr_2025/processed/assemblies/train/ERR069793.fasta,missing
training,ERR069796,data/camda_amr_2025/processed/assemblies/train/ERR069796.fasta,missing
training,ERR069799,data/camda_amr_2025/processed/assemblies/train/ERR069799.fasta,missing
training,ERR069801,data/camda_amr_2025/processed/assemblies/train/ERR069801.fasta,missing
training,ERR069806,data/camda_amr_2025/processed/assemblies/train/ERR069806.fasta,missing
training,ERR069809,data/camda_amr_2025/processed/assemblies/train/ERR069809.fasta,missing
training,ERR069812,data/camda_amr_2025/processed/assemblies/train/ERR069812.fasta,missing
training,ERR069813,data/camda_amr_2025/processed/assemblies/train/ERR069813.fasta,missing
training,ERR069815,data/camda_amr_2025/processed/assemblies/train/ERR069815.fasta,missing
training,ERR069817,data/camda_amr_2025/processed/assemblies/train/ERR069817.fasta,missing
training,ERR069819,data/camda_amr_2025/processed/assemblies/train/ERR069819.fasta,missing
training,ERR069820,data/camda_amr_2025/processed/assemblies/train/ERR069820.fasta,missing
training,ERR069822,data/camda_amr_2025/processed/assemblies/train/ERR069822.fasta,missing
training,ERR069824,data/camda_amr_2025/processed/assemblies/train/ERR069824.fasta,missing
training,ERR069830,data/camda_amr_2025/processed/assemblies/train/ERR069830.fasta,missing
training,ERR069835,data/camda_amr_2025/processed/assemblies/train/ERR069835.fasta,missing
training,ERR069837,data/camda_amr_2025/processed/assemblies/train/ERR069837.fasta,missing
training,ERR069838,data/camda_amr_2025/processed/assemblies/train/ERR069838.fasta,missing
training,ERR069842,data/camda_amr_2025/processed/assemblies/train/ERR069842.fasta,missing
training,ERR069843,data/camda_amr_2025/processed/assemblies/train/ERR069843.fasta,missing
training,ERR1069824,data/camda_amr_2025/processed/assemblies/train/ERR1069824.fasta,missing
training,ERR1069828,data/camda_amr_2025/processed/assemblies/train/ERR1069828.fasta,missing
training,ERR1069833,data/camda_amr_2025/processed/assemblies/train/ERR1069833.fasta,missing
training,ERR1069836,data/camda_amr_2025/processed/assemblies/train/ERR1069836.fasta,missing
training,ERR1069837,data/camda_amr_2025/processed/assemblies/train/ERR1069837.fasta,missing
training,ERR1069847,data/camda_amr_2025/processed/assemblies/train/ERR1069847.fasta,missing
training,ERR1069871,data/camda_amr_2025/processed/assemblies/train/ERR1069871.fasta,missing
training,ERR1069877,data/camda_amr_2025/processed/assemblies/train/ERR1069877.fasta,missing
training,ERR1069883,data/camda_amr_2025/processed/assemblies/train/ERR1069883.fasta,missing
training,ERR1069887,data/camda_amr_2025/processed/assemblies/train/ERR1069887.fasta,missing
training,ERR1069892,data/camda_amr_2025/processed/assemblies/train/ERR1069892.fasta,missing
training,ERR1069937,data/camda_amr_2025/processed/assemblies/train/ERR1069937.fasta,missing
training,ERR1069939,data/camda_amr_2025/processed/assemblies/train/ERR1069939.fasta,missing
training,ERR1069942,data/camda_amr_2025/processed/assemblies/train/ERR1069942.fasta,missing
training,ERR1069971,data/camda_amr_2025/processed/assemblies/train/ERR1069971.fasta,missing
training,ERR1069975,data/camda_amr_2025/processed/assemblies/train/ERR1069975.fasta,missing
training,ERR1069976,data/camda_amr_2025/processed/assemblies/train/ERR1069976.fasta,missing
training,ERR1069982,data/camda_amr_2025/processed/assemblies/train/ERR1069982.fasta,missing
training,ERR1069985,data/camda_amr_2025/processed/assemblies/train/ERR1069985.fasta,missing
training,ERR1069995,data/camda_amr_2025/processed/assemblies/train/ERR1069995.fasta,missing
training,ERR1070008,data/camda_amr_2025/processed/assemblies/train/ERR1070008.fasta,missing
training,ERR1070011,data/camda_amr_2025/processed/assemblies/train/ERR1070011.fasta,missing
training,ERR1070024,data/camda_amr_2025/processed/assemblies/train/ERR1070024.fasta,missing
training,ERR1070032,data/camda_amr_2025/processed/assemblies/train/ERR1070032.fasta,missing
training,ERR1070042,data/camda_amr_2025/processed/assemblies/train/ERR1070042.fasta,missing
training,ERR1070066,data/camda_amr_2025/processed/assemblies/train/ERR1070066.fasta,missing
training,ERR1070067,data/camda_amr_2025/processed/assemblies/train/ERR1070067.fasta,missing
training,ERR1070103,data/camda_amr_2025/processed/assemblies/train/ERR1070103.fasta,missing
training,ERR1143670,data/camda_amr_2025/processed/assemblies/train/ERR1143670.fasta,missing
training,ERR1143686,data/camda_amr_2025/processed/assemblies/train/ERR1143686.fasta,missing
training,ERR1197666,data/camda_amr_2025/processed/assemblies/train/ERR1197666.fasta,present
training,ERR1197668,data/camda_amr_2025/processed/assemblies/train/ERR1197668.fasta,missing
training,ERR1197669,data/camda_amr_2025/processed/assemblies/train/ERR1197669.fasta,missing
training,ERR1197670,data/camda_amr_2025/processed/assemblies/train/ERR1197670.fasta,missing
training,ERR1197672,data/camda_amr_2025/processed/assemblies/train/ERR1197672.fasta,missing
training,ERR1197677,data/camda_amr_2025/processed/assemblies/train/ERR1197677.fasta,missing
training,ERR1197682,data/camda_amr_2025/processed/assemblies/train/ERR1197682.fasta,missing
training,ERR1197694,data/camda_amr_2025/processed/assemblies/train/ERR1197694.fasta,missing
training,ERR1218574,data/camda_amr_2025/processed/assemblies/train/ERR1218574.fasta,present
training,ERR1218638,data/camda_amr_2025/processed/assemblies/train/ERR1218638.fasta,missing
training,ERR1218722,data/camda_amr_2025/processed/assemblies/train/ERR1218722.fasta,missing
training,ERR1218738,data/camda_amr_2025/processed/assemblies/train/ERR1218738.fasta,missing
training,ERR1218765,data/camda_amr_2025/processed/assemblies/train/ERR1218765.fasta,missing
training,ERR1218771,data/camda_amr_2025/processed/assemblies/train/ERR1218771.fasta,missing
training,ERR1218772,data/camda_amr_2025/processed/assemblies/train/ERR1218772.fasta,missing
training,ERR1218779,data/camda_amr_2025/processed/assemblies/train/ERR1218779.fasta,missing
training,ERR124220,data/camda_amr_2025/processed/assemblies/train/ERR124220.fasta,missing
training,ERR124222,data/camda_amr_2025/processed/assemblies/train/ERR124222.fasta,missing
training,ERR124223,data/camda_amr_2025/processed/assemblies/train/ERR124223.fasta,missing
training,ERR124225,data/camda_amr_2025/processed/assemblies/train/ERR124225.fasta,missing
training,ERR124226,data/camda_amr_2025/processed/assemblies/train/ERR124226.fasta,missing
training,ERR124227,data/camda_amr_2025/processed/assemblies/train/ERR124227.fasta,missing
training,ERR124233,data/camda_amr_2025/processed/assemblies/train/ERR124233.fasta,missing
training,ERR124237,data/camda_amr_2025/processed/assemblies/train/ERR124237.fasta,missing
training,ERR124238,data/camda_amr_2025/processed/assemblies/train/ERR124238.fasta,missing
training,ERR124239,data/camda_amr_2025/processed/assemblies/train/ERR124239.fasta,missing
training,ERR124243,data/camda_amr_2025/processed/assemblies/train/ERR124243.fasta,missing
training,ERR124244,data/camda_amr_2025/processed/assemblies/train/ERR124244.fasta,missing
training,ERR124247,data/camda_amr_2025/processed/assemblies/train/ERR124247.fasta,missing
training,ERR124249,data/camda_amr_2025/processed/assemblies/train/ERR124249.fasta,missing
training,ERR124250,data/camda_amr_2025/processed/assemblies/train/ERR124250.fasta,missing
training,ERR124251,data/camda_amr_2025/processed/assemblies/train/ERR124251.fasta,missing
training,ERR124252,data/camda_amr_2025/processed/assemblies/train/ERR124252.fasta,missing
training,ERR124253,data/camda_amr_2025/processed/assemblies/train/ERR124253.fasta,missing
training,ERR124256,data/camda_amr_2025/processed/assemblies/train/ERR124256.fasta,missing
training,ERR124258,data/camda_amr_2025/processed/assemblies/train/ERR124258.fasta,missing
training,ERR124265,data/camda_amr_2025/processed/assemblies/train/ERR124265.fasta,missing
training,ERR124267,data/camda_amr_2025/processed/assemblies/train/ERR124267.fasta,missing
training,ERR124269,data/camda_amr_2025/processed/assemblies/train/ERR124269.fasta,missing
training,ERR124271,data/camda_amr_2025/processed/assemblies/train/ERR124271.fasta,missing
training,ERR124272,data/camda_amr_2025/processed/assemblies/train/ERR124272.fasta,missing
training,ERR124274,data/camda_amr_2025/processed/assemblies/train/ERR124274.fasta,missing
training,ERR124277,data/camda_amr_2025/processed/assemblies/train/ERR124277.fasta,missing
training,ERR124278,data/camda_amr_2025/processed/assemblies/train/ERR124278.fasta,missing
training,ERR124279,data/camda_amr_2025/processed/assemblies/train/ERR124279.fasta,missing
training,ERR124281,data/camda_amr_2025/processed/assemblies/train/ERR124281.fasta,missing
training,ERR124286,data/camda_amr_2025/processed/assemblies/train/ERR124286.fasta,missing
training,ERR124294,data/camda_amr_2025/processed/assemblies/train/ERR124294.fasta,missing
training,ERR124299,data/camda_amr_2025/processed/assemblies/train/ERR124299.fasta,missing
training,ERR124300,data/camda_amr_2025/processed/assemblies/train/ERR124300.fasta,missing
training,ERR124302,data/camda_amr_2025/processed/assemblies/train/ERR124302.fasta,missing
training,ERR124303,data/camda_amr_2025/processed/assemblies/train/ERR124303.fasta,missing
training,ERR124308,data/camda_amr_2025/processed/assemblies/train/ERR124308.fasta,missing
training,ERR124311,data/camda_amr_2025/processed/assemblies/train/ERR124311.fasta,missing
training,ERR124317,data/camda_amr_2025/processed/assemblies/train/ERR124317.fasta,missing
training,ERR124319,data/camda_amr_2025/processed/assemblies/train/ERR124319.fasta,missing
training,ERR129029,data/camda_amr_2025/processed/assemblies/train/ERR129029.fasta,missing
training,ERR129031,data/camda_amr_2025/processed/assemblies/train/ERR129031.fasta,missing
training,ERR129036,data/camda_amr_2025/processed/assemblies/train/ERR129036.fasta,missing
training,ERR129037,data/camda_amr_2025/processed/assemblies/train/ERR129037.fasta,missing
training,ERR129038,data/camda_amr_2025/processed/assemblies/train/ERR129038.fasta,missing
training,ERR129041,data/camda_amr_2025/processed/assemblies/train/ERR129041.fasta,missing
training,ERR129042,data/camda_amr_2025/processed/assemblies/train/ERR129042.fasta,missing
training,ERR129044,data/camda_amr_2025/processed/assemblies/train/ERR129044.fasta,missing
training,ERR129047,data/camda_amr_2025/processed/assemblies/train/ERR129047.fasta,missing
training,ERR129049,data/camda_amr_2025/processed/assemblies/train/ERR129049.fasta,missing
training,ERR129051,data/camda_amr_2025/processed/assemblies/train/ERR129051.fasta,missing
training,ERR129055,data/camda_amr_2025/processed/assemblies/train/ERR129055.fasta,missing
training,ERR129060,data/camda_amr_2025/processed/assemblies/train/ERR129060.fasta,missing
training,ERR129063,data/camda_amr_2025/processed/assemblies/train/ERR129063.fasta,missing
training,ERR129066,data/camda_amr_2025/processed/assemblies/train/ERR129066.fasta,missing
training,ERR129067,data/camda_amr_2025/processed/assemblies/train/ERR129067.fasta,missing
training,ERR129073,data/camda_amr_2025/processed/assemblies/train/ERR129073.fasta,missing
training,ERR129076,data/camda_amr_2025/processed/assemblies/train/ERR129076.fasta,missing
training,ERR129079,data/camda_amr_2025/processed/assemblies/train/ERR129079.fasta,missing
training,ERR129082,data/camda_amr_2025/processed/assemblies/train/ERR129082.fasta,missing
training,ERR129090,data/camda_amr_2025/processed/assemblies/train/ERR129090.fasta,missing
training,ERR129092,data/camda_amr_2025/processed/assemblies/train/ERR129092.fasta,missing
training,ERR129093,data/camda_amr_2025/processed/assemblies/train/ERR129093.fasta,missing
training,ERR129095,data/camda_amr_2025/processed/assemblies/train/ERR129095.fasta,missing
training,ERR129098,data/camda_amr_2025/processed/assemblies/train/ERR129098.fasta,missing
training,ERR129099,data/camda_amr_2025/processed/assemblies/train/ERR129099.fasta,missing
training,ERR129104,data/camda_amr_2025/processed/assemblies/train/ERR129104.fasta,missing
training,ERR129106,data/camda_amr_2025/processed/assemblies/train/ERR129106.fasta,missing
training,ERR129108,data/camda_amr_2025/processed/assemblies/train/ERR129108.fasta,missing
training,ERR129117,data/camda_amr_2025/processed/assemblies/train/ERR129117.fasta,missing
training,ERR129118,data/camda_amr_2025/processed/assemblies/train/ERR129118.fasta,missing
training,ERR129134,data/camda_amr_2025/processed/assemblies/train/ERR129134.fasta,missing
training,ERR129135,data/camda_amr_2025/processed/assemblies/train/ERR129135.fasta,missing
training,ERR129136,data/camda_amr_2025/processed/assemblies/train/ERR129136.fasta,missing
training,ERR129139,data/camda_amr_2025/processed/assemblies/train/ERR129139.fasta,missing
training,ERR129140,data/camda_amr_2025/processed/assemblies/train/ERR129140.fasta,missing
training,ERR129142,data/camda_amr_2025/processed/assemblies/train/ERR129142.fasta,missing
training,ERR129144,data/camda_amr_2025/processed/assemblies/train/ERR129144.fasta,missing
training,ERR129152,data/camda_amr_2025/processed/assemblies/train/ERR129152.fasta,missing
training,ERR129158,data/camda_amr_2025/processed/assemblies/train/ERR129158.fasta,missing
training,ERR129160,data/camda_amr_2025/processed/assemblies/train/ERR129160.fasta,missing
training,ERR129161,data/camda_amr_2025/processed/assemblies/train/ERR129161.fasta,missing
training,ERR129163,data/camda_amr_2025/processed/assemblies/train/ERR129163.fasta,missing
training,ERR129169,data/camda_amr_2025/processed/assemblies/train/ERR129169.fasta,missing
training,ERR129171,data/camda_amr_2025/processed/assemblies/train/ERR129171.fasta,missing
training,ERR129172,data/camda_amr_2025/processed/assemblies/train/ERR129172.fasta,missing
training,ERR129176,data/camda_amr_2025/processed/assemblies/train/ERR129176.fasta,missing
training,ERR129177,data/camda_amr_2025/processed/assemblies/train/ERR129177.fasta,missing
training,ERR129179,data/camda_amr_2025/processed/assemblies/train/ERR129179.fasta,missing
training,ERR129185,data/camda_amr_2025/processed/assemblies/train/ERR129185.fasta,missing
training,ERR129187,data/camda_amr_2025/processed/assemblies/train/ERR129187.fasta,missing
training,ERR129188,data/camda_amr_2025/processed/assemblies/train/ERR129188.fasta,missing
training,ERR129193,data/camda_amr_2025/processed/assemblies/train/ERR129193.fasta,missing
training,ERR129195,data/camda_amr_2025/processed/assemblies/train/ERR129195.fasta,missing
training,ERR129198,data/camda_amr_2025/processed/assemblies/train/ERR129198.fasta,missing
training,ERR129201,data/camda_amr_2025/processed/assemblies/train/ERR129201.fasta,missing
training,ERR129204,data/camda_amr_2025/processed/assemblies/train/ERR129204.fasta,missing
training,ERR129205,data/camda_amr_2025/processed/assemblies/train/ERR129205.fasta,missing
training,ERR129208,data/camda_amr_2025/processed/assemblies/train/ERR129208.fasta,missing
training,ERR129215,data/camda_amr_2025/processed/assemblies/train/ERR129215.fasta,missing
training,ERR1359224,data/camda_amr_2025/processed/assemblies/train/ERR1359224.fasta,missing
training,ERR1407278,data/camda_amr_2025/processed/assemblies/train/ERR1407278.fasta,missing
training,ERR1407279,data/camda_amr_2025/processed/assemblies/train/ERR1407279.fasta,missing
training,ERR1407280,data/camda_amr_2025/processed/assemblies/train/ERR1407280.fasta,missing
training,ERR1447948,data/camda_amr_2025/processed/assemblies/train/ERR1447948.fasta,missing
training,ERR1448254,data/camda_amr_2025/processed/assemblies/train/ERR1448254.fasta,missing
training,ERR1877610,data/camda_amr_2025/processed/assemblies/train/ERR1877610.fasta,missing
training,ERR1877999,data/camda_amr_2025/processed/assemblies/train/ERR1877999.fasta,missing
training,ERR1878020,data/camda_amr_2025/processed/assemblies/train/ERR1878020.fasta,missing
training,ERR1878055,data/camda_amr_2025/processed/assemblies/train/ERR1878055.fasta,missing
training,ERR1878068,data/camda_amr_2025/processed/assemblies/train/ERR1878068.fasta,missing
training,ERR1878071,data/camda_amr_2025/processed/assemblies/train/ERR1878071.fasta,missing
training,ERR1912619,data/camda_amr_2025/processed/assemblies/train/ERR1912619.fasta,missing
training,ERR191730,data/camda_amr_2025/processed/assemblies/train/ERR191730.fasta,missing
training,ERR191734,data/camda_amr_2025/processed/assemblies/train/ERR191734.fasta,missing
training,ERR191737,data/camda_amr_2025/processed/assemblies/train/ERR191737.fasta,missing
training,ERR191738,data/camda_amr_2025/processed/assemblies/train/ERR191738.fasta,missing
training,ERR191739,data/camda_amr_2025/processed/assemblies/train/ERR191739.fasta,missing
training,ERR191741,data/camda_amr_2025/processed/assemblies/train/ERR191741.fasta,missing
training,ERR191746,data/camda_amr_2025/processed/assemblies/train/ERR191746.fasta,missing
training,ERR191749,data/camda_amr_2025/processed/assemblies/train/ERR191749.fasta,missing
training,ERR191750,data/camda_amr_2025/processed/assemblies/train/ERR191750.fasta,missing
training,ERR191753,data/camda_amr_2025/processed/assemblies/train/ERR191753.fasta,missing
training,ERR191756,data/camda_amr_2025/processed/assemblies/train/ERR191756.fasta,missing
training,ERR191758,data/camda_amr_2025/processed/assemblies/train/ERR191758.fasta,missing
training,ERR191760,data/camda_amr_2025/processed/assemblies/train/ERR191760.fasta,missing
training,ERR191761,data/camda_amr_2025/processed/assemblies/train/ERR191761.fasta,missing
training,ERR191762,data/camda_amr_2025/processed/assemblies/train/ERR191762.fasta,missing
training,ERR191763,data/camda_amr_2025/processed/assemblies/train/ERR191763.fasta,missing
training,ERR191764,data/camda_amr_2025/processed/assemblies/train/ERR191764.fasta,missing
training,ERR191766,data/camda_amr_2025/processed/assemblies/train/ERR191766.fasta,missing
training,ERR191768,data/camda_amr_2025/processed/assemblies/train/ERR191768.fasta,missing
training,ERR191770,data/camda_amr_2025/processed/assemblies/train/ERR191770.fasta,missing
training,ERR191772,data/camda_amr_2025/processed/assemblies/train/ERR191772.fasta,missing
training,ERR191773,data/camda_amr_2025/processed/assemblies/train/ERR191773.fasta,missing
training,ERR191774,data/camda_amr_2025/processed/assemblies/train/ERR191774.fasta,missing
training,ERR191775,data/camda_amr_2025/processed/assemblies/train/ERR191775.fasta,missing
training,ERR191776,data/camda_amr_2025/processed/assemblies/train/ERR191776.fasta,missing
training,ERR191779,data/camda_amr_2025/processed/assemblies/train/ERR191779.fasta,missing
training,ERR191781,data/camda_amr_2025/processed/assemblies/train/ERR191781.fasta,missing
training,ERR191783,data/camda_amr_2025/processed/assemblies/train/ERR191783.fasta,missing
training,ERR191785,data/camda_amr_2025/processed/assemblies/train/ERR191785.fasta,missing
training,ERR191786,data/camda_amr_2025/processed/assemblies/train/ERR191786.fasta,missing
training,ERR191788,data/camda_amr_2025/processed/assemblies/train/ERR191788.fasta,missing
training,ERR191789,data/camda_amr_2025/processed/assemblies/train/ERR191789.fasta,missing
training,ERR191790,data/camda_amr_2025/processed/assemblies/train/ERR191790.fasta,missing
training,ERR191793,data/camda_amr_2025/processed/assemblies/train/ERR191793.fasta,missing
training,ERR191795,data/camda_amr_2025/processed/assemblies/train/ERR191795.fasta,missing
training,ERR191797,data/camda_amr_2025/processed/assemblies/train/ERR191797.fasta,missing
training,ERR191798,data/camda_amr_2025/processed/assemblies/train/ERR191798.fasta,missing
training,ERR191799,data/camda_amr_2025/processed/assemblies/train/ERR191799.fasta,missing
training,ERR191800,data/camda_amr_2025/processed/assemblies/train/ERR191800.fasta,missing
training,ERR191802,data/camda_amr_2025/processed/assemblies/train/ERR191802.fasta,missing
training,ERR191803,data/camda_amr_2025/processed/assemblies/train/ERR191803.fasta,missing
training,ERR191805,data/camda_amr_2025/processed/assemblies/train/ERR191805.fasta,missing
training,ERR191807,data/camda_amr_2025/processed/assemblies/train/ERR191807.fasta,missing
training,ERR191809,data/camda_amr_2025/processed/assemblies/train/ERR191809.fasta,missing
training,ERR191810,data/camda_amr_2025/processed/assemblies/train/ERR191810.fasta,missing
training,ERR191811,data/camda_amr_2025/processed/assemblies/train/ERR191811.fasta,missing
training,ERR191812,data/camda_amr_2025/processed/assemblies/train/ERR191812.fasta,missing
training,ERR191817,data/camda_amr_2025/processed/assemblies/train/ERR191817.fasta,missing
training,ERR191818,data/camda_amr_2025/processed/assemblies/train/ERR191818.fasta,missing
training,ERR191819,data/camda_amr_2025/processed/assemblies/train/ERR191819.fasta,missing
training,ERR191821,data/camda_amr_2025/processed/assemblies/train/ERR191821.fasta,missing
training,ERR191822,data/camda_amr_2025/processed/assemblies/train/ERR191822.fasta,missing
training,ERR191824,data/camda_amr_2025/processed/assemblies/train/ERR191824.fasta,missing
training,ERR191825,data/camda_amr_2025/processed/assemblies/train/ERR191825.fasta,missing
training,ERR2133894,data/camda_amr_2025/processed/assemblies/train/ERR2133894.fasta,missing
training,ERR2133895,data/camda_amr_2025/processed/assemblies/train/ERR2133895.fasta,missing
training,ERR2133896,data/camda_amr_2025/processed/assemblies/train/ERR2133896.fasta,missing
training,ERR2133897,data/camda_amr_2025/processed/assemblies/train/ERR2133897.fasta,missing
training,ERR2133898,data/camda_amr_2025/processed/assemblies/train/ERR2133898.fasta,missing
training,ERR2133899,data/camda_amr_2025/processed/assemblies/train/ERR2133899.fasta,missing
training,ERR2133900,data/camda_amr_2025/processed/assemblies/train/ERR2133900.fasta,missing
training,ERR2133901,data/camda_amr_2025/processed/assemblies/train/ERR2133901.fasta,missing
training,ERR2133902,data/camda_amr_2025/processed/assemblies/train/ERR2133902.fasta,missing
training,ERR2133903,data/camda_amr_2025/processed/assemblies/train/ERR2133903.fasta,missing
training,ERR2133904,data/camda_amr_2025/processed/assemblies/train/ERR2133904.fasta,missing
training,ERR2133905,data/camda_amr_2025/processed/assemblies/train/ERR2133905.fasta,missing
training,ERR2133906,data/camda_amr_2025/processed/assemblies/train/ERR2133906.fasta,missing
training,ERR2133907,data/camda_amr_2025/processed/assemblies/train/ERR2133907.fasta,missing
training,ERR2133908,data/camda_amr_2025/processed/assemblies/train/ERR2133908.fasta,missing
training,ERR2133909,data/camda_amr_2025/processed/assemblies/train/ERR2133909.fasta,missing
training,ERR2133910,data/camda_amr_2025/processed/assemblies/train/ERR2133910.fasta,missing
training,ERR2133911,data/camda_amr_2025/processed/assemblies/train/ERR2133911.fasta,missing
training,ERR2133912,data/camda_amr_2025/processed/assemblies/train/ERR2133912.fasta,missing
training,ERR2133913,data/camda_amr_2025/processed/assemblies/train/ERR2133913.fasta,missing
training,ERR2133914,data/camda_amr_2025/processed/assemblies/train/ERR2133914.fasta,missing
training,ERR2133915,data/camda_amr_2025/processed/assemblies/train/ERR2133915.fasta,missing
training,ERR2133916,data/camda_amr_2025/processed/assemblies/train/ERR2133916.fasta,missing
training,ERR2133917,data/camda_amr_2025/processed/assemblies/train/ERR2133917.fasta,missing
training,ERR2133918,data/camda_amr_2025/processed/assemblies/train/ERR2133918.fasta,missing
training,ERR2133919,data/camda_amr_2025/processed/assemblies/train/ERR2133919.fasta,missing
training,ERR2133920,data/camda_amr_2025/processed/assemblies/train/ERR2133920.fasta,missing
training,ERR2133921,data/camda_amr_2025/processed/assemblies/train/ERR2133921.fasta,missing
training,ERR2133922,data/camda_amr_2025/processed/assemblies/train/ERR2133922.fasta,missing
training,ERR2133923,data/camda_amr_2025/processed/assemblies/train/ERR2133923.fasta,missing
training,ERR2133924,data/camda_amr_2025/processed/assemblies/train/ERR2133924.fasta,missing
training,ERR2133925,data/camda_amr_2025/processed/assemblies/train/ERR2133925.fasta,missing
training,ERR2133926,data/camda_amr_2025/processed/assemblies/train/ERR2133926.fasta,missing
training,ERR2133927,data/camda_amr_2025/processed/assemblies/train/ERR2133927.fasta,missing
training,ERR2133928,data/camda_amr_2025/processed/assemblies/train/ERR2133928.fasta,missing
training,ERR2133929,data/camda_amr_2025/processed/assemblies/train/ERR2133929.fasta,missing
training,ERR2133930,data/camda_amr_2025/processed/assemblies/train/ERR2133930.fasta,missing
training,ERR2133931,data/camda_amr_2025/processed/assemblies/train/ERR2133931.fasta,missing
training,ERR2133932,data/camda_amr_2025/processed/assemblies/train/ERR2133932.fasta,missing
training,ERR2133933,data/camda_amr_2025/processed/assemblies/train/ERR2133933.fasta,missing
training,ERR2133934,data/camda_amr_2025/processed/assemblies/train/ERR2133934.fasta,missing
training,ERR2133935,data/camda_amr_2025/processed/assemblies/train/ERR2133935.fasta,missing
training,ERR2133936,data/camda_amr_2025/processed/assemblies/train/ERR2133936.fasta,missing
training,ERR2133937,data/camda_amr_2025/processed/assemblies/train/ERR2133937.fasta,missing
training,ERR2133938,data/camda_amr_2025/processed/assemblies/train/ERR2133938.fasta,missing
training,ERR2133939,data/camda_amr_2025/processed/assemblies/train/ERR2133939.fasta,missing
training,ERR2133940,data/camda_amr_2025/processed/assemblies/train/ERR2133940.fasta,missing
training,ERR2133941,data/camda_amr_2025/processed/assemblies/train/ERR2133941.fasta,missing
training,ERR2133942,data/camda_amr_2025/processed/assemblies/train/ERR2133942.fasta,missing
training,ERR2133943,data/camda_amr_2025/processed/assemblies/train/ERR2133943.fasta,missing
training,ERR2133946,data/camda_amr_2025/processed/assemblies/train/ERR2133946.fasta,missing
training,ERR2133947,data/camda_amr_2025/processed/assemblies/train/ERR2133947.fasta,missing
training,ERR2133948,data/camda_amr_2025/processed/assemblies/train/ERR2133948.fasta,missing
training,ERR2133949,data/camda_amr_2025/processed/assemblies/train/ERR2133949.fasta,missing
training,ERR2133950,data/camda_amr_2025/processed/assemblies/train/ERR2133950.fasta,missing
training,ERR2133951,data/camda_amr_2025/processed/assemblies/train/ERR2133951.fasta,missing
training,ERR2133952,data/camda_amr_2025/processed/assemblies/train/ERR2133952.fasta,missing
training,ERR2133953,data/camda_amr_2025/processed/assemblies/train/ERR2133953.fasta,missing
training,ERR2133955,data/camda_amr_2025/processed/assemblies/train/ERR2133955.fasta,missing
training,ERR2133956,data/camda_amr_2025/processed/assemblies/train/ERR2133956.fasta,missing
training,ERR2133958,data/camda_amr_2025/processed/assemblies/train/ERR2133958.fasta,missing
training,ERR2133959,data/camda_amr_2025/processed/assemblies/train/ERR2133959.fasta,missing
training,ERR2133960,data/camda_amr_2025/processed/assemblies/train/ERR2133960.fasta,missing
training,ERR2133962,data/camda_amr_2025/processed/assemblies/train/ERR2133962.fasta,missing
training,ERR2133963,data/camda_amr_2025/processed/assemblies/train/ERR2133963.fasta,missing
training,ERR2133965,data/camda_amr_2025/processed/assemblies/train/ERR2133965.fasta,missing
training,ERR2133967,data/camda_amr_2025/processed/assemblies/train/ERR2133967.fasta,missing
training,ERR2133971,data/camda_amr_2025/processed/assemblies/train/ERR2133971.fasta,missing
training,ERR2133973,data/camda_amr_2025/processed/assemblies/train/ERR2133973.fasta,missing
training,ERR2133983,data/camda_amr_2025/processed/assemblies/train/ERR2133983.fasta,missing
training,ERR2133984,data/camda_amr_2025/processed/assemblies/train/ERR2133984.fasta,missing
training,ERR2209391,data/camda_amr_2025/processed/assemblies/train/ERR2209391.fasta,missing
training,ERR2209392,data/camda_amr_2025/processed/assemblies/train/ERR2209392.fasta,missing
training,ERR2209393,data/camda_amr_2025/processed/assemblies/train/ERR2209393.fasta,missing
training,ERR2209630,data/camda_amr_2025/processed/assemblies/train/ERR2209630.fasta,missing
training,ERR2209631,data/camda_amr_2025/processed/assemblies/train/ERR2209631.fasta,missing
training,ERR2209632,data/camda_amr_2025/processed/assemblies/train/ERR2209632.fasta,missing
training,ERR2209634,data/camda_amr_2025/processed/assemblies/train/ERR2209634.fasta,missing
training,ERR2209639,data/camda_amr_2025/processed/assemblies/train/ERR2209639.fasta,missing
training,ERR2209640,data/camda_amr_2025/processed/assemblies/train/ERR2209640.fasta,missing
training,ERR2209641,data/camda_amr_2025/processed/assemblies/train/ERR2209641.fasta,missing
training,ERR2209642,data/camda_amr_2025/processed/assemblies/train/ERR2209642.fasta,missing
training,ERR2209643,data/camda_amr_2025/processed/assemblies/train/ERR2209643.fasta,missing
training,ERR2209644,data/camda_amr_2025/processed/assemblies/train/ERR2209644.fasta,missing
training,ERR2209645,data/camda_amr_2025/processed/assemblies/train/ERR2209645.fasta,missing
training,ERR2209646,data/camda_amr_2025/processed/assemblies/train/ERR2209646.fasta,missing
training,ERR2209647,data/camda_amr_2025/processed/assemblies/train/ERR2209647.fasta,missing
training,ERR2209705,data/camda_amr_2025/processed/assemblies/train/ERR2209705.fasta,missing
training,ERR2209706,data/camda_amr_2025/processed/assemblies/train/ERR2209706.fasta,missing
training,ERR2209708,data/camda_amr_2025/processed/assemblies/train/ERR2209708.fasta,missing
training,ERR2209710,data/camda_amr_2025/processed/assemblies/train/ERR2209710.fasta,missing
training,ERR2209713,data/camda_amr_2025/processed/assemblies/train/ERR2209713.fasta,missing
training,ERR2209720,data/camda_amr_2025/processed/assemblies/train/ERR2209720.fasta,missing
training,ERR2209721,data/camda_amr_2025/processed/assemblies/train/ERR2209721.fasta,missing
training,ERR2209723,data/camda_amr_2025/processed/assemblies/train/ERR2209723.fasta,missing
training,ERR2209724,data/camda_amr_2025/processed/assemblies/train/ERR2209724.fasta,missing
training,ERR2209725,data/camda_amr_2025/processed/assemblies/train/ERR2209725.fasta,missing
training,ERR2209726,data/camda_amr_2025/processed/assemblies/train/ERR2209726.fasta,missing
training,ERR2209727,data/camda_amr_2025/processed/assemblies/train/ERR2209727.fasta,missing
training,ERR2209728,data/camda_amr_2025/processed/assemblies/train/ERR2209728.fasta,missing
training,ERR2209730,data/camda_amr_2025/processed/assemblies/train/ERR2209730.fasta,missing
training,ERR2209732,data/camda_amr_2025/processed/assemblies/train/ERR2209732.fasta,missing
training,ERR2209734,data/camda_amr_2025/processed/assemblies/train/ERR2209734.fasta,missing
training,ERR2209735,data/camda_amr_2025/processed/assemblies/train/ERR2209735.fasta,missing
training,ERR2209736,data/camda_amr_2025/processed/assemblies/train/ERR2209736.fasta,missing
training,ERR2209737,data/camda_amr_2025/processed/assemblies/train/ERR2209737.fasta,missing
training,ERR2209744,data/camda_amr_2025/processed/assemblies/train/ERR2209744.fasta,missing
training,ERR2209745,data/camda_amr_2025/processed/assemblies/train/ERR2209745.fasta,missing
training,ERR222892,data/camda_amr_2025/processed/assemblies/train/ERR222892.fasta,missing
training,ERR222894,data/camda_amr_2025/processed/assemblies/train/ERR222894.fasta,missing
training,ERR222895,data/camda_amr_2025/processed/assemblies/train/ERR222895.fasta,missing
training,ERR222897,data/camda_amr_2025/processed/assemblies/train/ERR222897.fasta,missing
training,ERR222899,data/camda_amr_2025/processed/assemblies/train/ERR222899.fasta,missing
training,ERR222900,data/camda_amr_2025/processed/assemblies/train/ERR222900.fasta,missing
training,ERR222904,data/camda_amr_2025/processed/assemblies/train/ERR222904.fasta,missing
training,ERR222905,data/camda_amr_2025/processed/assemblies/train/ERR222905.fasta,missing
training,ERR222906,data/camda_amr_2025/processed/assemblies/train/ERR222906.fasta,missing
training,ERR222915,data/camda_amr_2025/processed/assemblies/train/ERR222915.fasta,missing
training,ERR222918,data/camda_amr_2025/processed/assemblies/train/ERR222918.fasta,missing
training,ERR222919,data/camda_amr_2025/processed/assemblies/train/ERR222919.fasta,missing
training,ERR222920,data/camda_amr_2025/processed/assemblies/train/ERR222920.fasta,missing
training,ERR222922,data/camda_amr_2025/processed/assemblies/train/ERR222922.fasta,missing
training,ERR222923,data/camda_amr_2025/processed/assemblies/train/ERR222923.fasta,missing
training,ERR222924,data/camda_amr_2025/processed/assemblies/train/ERR222924.fasta,missing
training,ERR222926,data/camda_amr_2025/processed/assemblies/train/ERR222926.fasta,missing
training,ERR222927,data/camda_amr_2025/processed/assemblies/train/ERR222927.fasta,missing
training,ERR222928,data/camda_amr_2025/processed/assemblies/train/ERR222928.fasta,missing
training,ERR222933,data/camda_amr_2025/processed/assemblies/train/ERR222933.fasta,missing
training,ERR222934,data/camda_amr_2025/processed/assemblies/train/ERR222934.fasta,missing
training,ERR222935,data/camda_amr_2025/processed/assemblies/train/ERR222935.fasta,missing
training,ERR222936,data/camda_amr_2025/processed/assemblies/train/ERR222936.fasta,missing
training,ERR222937,data/camda_amr_2025/processed/assemblies/train/ERR222937.fasta,missing
training,ERR222938,data/camda_amr_2025/processed/assemblies/train/ERR222938.fasta,missing
training,ERR222939,data/camda_amr_2025/processed/assemblies/train/ERR222939.fasta,missing
training,ERR222940,data/camda_amr_2025/processed/assemblies/train/ERR222940.fasta,missing
training,ERR222941,data/camda_amr_2025/processed/assemblies/train/ERR222941.fasta,missing
training,ERR223607,data/camda_amr_2025/processed/assemblies/train/ERR223607.fasta,missing
training,ERR223608,data/camda_amr_2025/processed/assemblies/train/ERR223608.fasta,missing
training,ERR223611,data/camda_amr_2025/processed/assemblies/train/ERR223611.fasta,missing
training,ERR223613,data/camda_amr_2025/processed/assemblies/train/ERR223613.fasta,missing
training,ERR223615,data/camda_amr_2025/processed/assemblies/train/ERR223615.fasta,missing
training,ERR223621,data/camda_amr_2025/processed/assemblies/train/ERR223621.fasta,missing
training,ERR223625,data/camda_amr_2025/processed/assemblies/train/ERR223625.fasta,missing
training,ERR223626,data/camda_amr_2025/processed/assemblies/train/ERR223626.fasta,missing
training,ERR223627,data/camda_amr_2025/processed/assemblies/train/ERR223627.fasta,missing
training,ERR223630,data/camda_amr_2025/processed/assemblies/train/ERR223630.fasta,missing
training,ERR223631,data/camda_amr_2025/processed/assemblies/train/ERR223631.fasta,missing
training,ERR223632,data/camda_amr_2025/processed/assemblies/train/ERR223632.fasta,missing
training,ERR223637,data/camda_amr_2025/processed/assemblies/train/ERR223637.fasta,missing
training,ERR223638,data/camda_amr_2025/processed/assemblies/train/ERR223638.fasta,missing
training,ERR223640,data/camda_amr_2025/processed/assemblies/train/ERR223640.fasta,missing
training,ERR223641,data/camda_amr_2025/processed/assemblies/train/ERR223641.fasta,missing
training,ERR223642,data/camda_amr_2025/processed/assemblies/train/ERR223642.fasta,missing
training,ERR223649,data/camda_amr_2025/processed/assemblies/train/ERR223649.fasta,missing
training,ERR223651,data/camda_amr_2025/processed/assemblies/train/ERR223651.fasta,missing
training,ERR223652,data/camda_amr_2025/processed/assemblies/train/ERR223652.fasta,missing
training,ERR223653,data/camda_amr_2025/processed/assemblies/train/ERR223653.fasta,missing
training,ERR223657,data/camda_amr_2025/processed/assemblies/train/ERR223657.fasta,missing
training,ERR223658,data/camda_amr_2025/processed/assemblies/train/ERR223658.fasta,missing
training,ERR223660,data/camda_amr_2025/processed/assemblies/train/ERR223660.fasta,missing
training,ERR223661,data/camda_amr_2025/processed/assemblies/train/ERR223661.fasta,missing
training,ERR223663,data/camda_amr_2025/processed/assemblies/train/ERR223663.fasta,missing
training,ERR223665,data/camda_amr_2025/processed/assemblies/train/ERR223665.fasta,missing
training,ERR223666,data/camda_amr_2025/processed/assemblies/train/ERR223666.fasta,missing
training,ERR223671,data/camda_amr_2025/processed/assemblies/train/ERR223671.fasta,missing
training,ERR223672,data/camda_amr_2025/processed/assemblies/train/ERR223672.fasta,missing
training,ERR223675,data/camda_amr_2025/processed/assemblies/train/ERR223675.fasta,missing
training,ERR223676,data/camda_amr_2025/processed/assemblies/train/ERR223676.fasta,missing
training,ERR223677,data/camda_amr_2025/processed/assemblies/train/ERR223677.fasta,missing
training,ERR223680,data/camda_amr_2025/processed/assemblies/train/ERR223680.fasta,missing
training,ERR223681,data/camda_amr_2025/processed/assemblies/train/ERR223681.fasta,missing
training,ERR223683,data/camda_amr_2025/processed/assemblies/train/ERR223683.fasta,missing
training,ERR223684,data/camda_amr_2025/processed/assemblies/train/ERR223684.fasta,missing
training,ERR223686,data/camda_amr_2025/processed/assemblies/train/ERR223686.fasta,missing
training,ERR223687,data/camda_amr_2025/processed/assemblies/train/ERR223687.fasta,missing
training,ERR223689,data/camda_amr_2025/processed/assemblies/train/ERR223689.fasta,missing
training,ERR223690,data/camda_amr_2025/processed/assemblies/train/ERR223690.fasta,missing
training,ERR223691,data/camda_amr_2025/processed/assemblies/train/ERR223691.fasta,missing
training,ERR223692,data/camda_amr_2025/processed/assemblies/train/ERR223692.fasta,missing
training,ERR223693,data/camda_amr_2025/processed/assemblies/train/ERR223693.fasta,missing
training,ERR223698,data/camda_amr_2025/processed/assemblies/train/ERR223698.fasta,missing
training,ERR2309517,data/camda_amr_2025/processed/assemblies/train/ERR2309517.fasta,missing
training,ERR2309518,data/camda_amr_2025/processed/assemblies/train/ERR2309518.fasta,missing
training,ERR2309519,data/camda_amr_2025/processed/assemblies/train/ERR2309519.fasta,missing
training,ERR2309520,data/camda_amr_2025/processed/assemblies/train/ERR2309520.fasta,missing
training,ERR2309521,data/camda_amr_2025/processed/assemblies/train/ERR2309521.fasta,missing
training,ERR2309522,data/camda_amr_2025/processed/assemblies/train/ERR2309522.fasta,missing
training,ERR2309523,data/camda_amr_2025/processed/assemblies/train/ERR2309523.fasta,missing
training,ERR2309524,data/camda_amr_2025/processed/assemblies/train/ERR2309524.fasta,missing
training,ERR2309525,data/camda_amr_2025/processed/assemblies/train/ERR2309525.fasta,missing
training,ERR2309526,data/camda_amr_2025/processed/assemblies/train/ERR2309526.fasta,missing
training,ERR2309527,data/camda_amr_2025/processed/assemblies/train/ERR2309527.fasta,missing
training,ERR2309528,data/camda_amr_2025/processed/assemblies/train/ERR2309528.fasta,missing
training,ERR2309529,data/camda_amr_2025/processed/assemblies/train/ERR2309529.fasta,missing
training,ERR2309530,data/camda_amr_2025/processed/assemblies/train/ERR2309530.fasta,missing
training,ERR2309531,data/camda_amr_2025/processed/assemblies/train/ERR2309531.fasta,missing
training,ERR2309532,data/camda_amr_2025/processed/assemblies/train/ERR2309532.fasta,missing
training,ERR2309533,data/camda_amr_2025/processed/assemblies/train/ERR2309533.fasta,missing
training,ERR2309534,data/camda_amr_2025/processed/assemblies/train/ERR2309534.fasta,missing
training,ERR2309535,data/camda_amr_2025/processed/assemblies/train/ERR2309535.fasta,missing
training,ERR2309536,data/camda_amr_2025/processed/assemblies/train/ERR2309536.fasta,missing
training,ERR2309537,data/camda_amr_2025/processed/assemblies/train/ERR2309537.fasta,missing
training,ERR2309538,data/camda_amr_2025/processed/assemblies/train/ERR2309538.fasta,missing
training,ERR2309539,data/camda_amr_2025/processed/assemblies/train/ERR2309539.fasta,missing
training,ERR2309540,data/camda_amr_2025/processed/assemblies/train/ERR2309540.fasta,missing
training,ERR2309541,data/camda_amr_2025/processed/assemblies/train/ERR2309541.fasta,missing
training,ERR2309542,data/camda_amr_2025/processed/assemblies/train/ERR2309542.fasta,missing
training,ERR2309543,data/camda_amr_2025/processed/assemblies/train/ERR2309543.fasta,missing
training,ERR2309544,data/camda_amr_2025/processed/assemblies/train/ERR2309544.fasta,missing
training,ERR2309545,data/camda_amr_2025/processed/assemblies/train/ERR2309545.fasta,missing
training,ERR2309546,data/camda_amr_2025/processed/assemblies/train/ERR2309546.fasta,missing
training,ERR2309547,data/camda_amr_2025/processed/assemblies/train/ERR2309547.fasta,missing
training,ERR2309548,data/camda_amr_2025/processed/assemblies/train/ERR2309548.fasta,missing
training,ERR2309549,data/camda_amr_2025/processed/assemblies/train/ERR2309549.fasta,missing
training,ERR2309550,data/camda_amr_2025/processed/assemblies/train/ERR2309550.fasta,missing
training,ERR2309551,data/camda_amr_2025/processed/assemblies/train/ERR2309551.fasta,missing
training,ERR2309552,data/camda_amr_2025/processed/assemblies/train/ERR2309552.fasta,missing
training,ERR2309553,data/camda_amr_2025/processed/assemblies/train/ERR2309553.fasta,missing
training,ERR2309554,data/camda_amr_2025/processed/assemblies/train/ERR2309554.fasta,missing
training,ERR2309555,data/camda_amr_2025/processed/assemblies/train/ERR2309555.fasta,missing
training,ERR2309556,data/camda_amr_2025/processed/assemblies/train/ERR2309556.fasta,missing
training,ERR2309557,data/camda_amr_2025/processed/assemblies/train/ERR2309557.fasta,missing
training,ERR2309558,data/camda_amr_2025/processed/assemblies/train/ERR2309558.fasta,missing
training,ERR2309559,data/camda_amr_2025/processed/assemblies/train/ERR2309559.fasta,missing
training,ERR2309560,data/camda_amr_2025/processed/assemblies/train/ERR2309560.fasta,missing
training,ERR2309561,data/camda_amr_2025/processed/assemblies/train/ERR2309561.fasta,missing
training,ERR2309562,data/camda_amr_2025/processed/assemblies/train/ERR2309562.fasta,missing
training,ERR2309563,data/camda_amr_2025/processed/assemblies/train/ERR2309563.fasta,missing
training,ERR2309564,data/camda_amr_2025/processed/assemblies/train/ERR2309564.fasta,missing
training,ERR2309565,data/camda_amr_2025/processed/assemblies/train/ERR2309565.fasta,missing
training,ERR2309566,data/camda_amr_2025/processed/assemblies/train/ERR2309566.fasta,missing
training,ERR2309567,data/camda_amr_2025/processed/assemblies/train/ERR2309567.fasta,missing
training,ERR2309568,data/camda_amr_2025/processed/assemblies/train/ERR2309568.fasta,missing
training,ERR2309569,data/camda_amr_2025/processed/assemblies/train/ERR2309569.fasta,missing
training,ERR2309570,data/camda_amr_2025/processed/assemblies/train/ERR2309570.fasta,missing
training,ERR2309571,data/camda_amr_2025/processed/assemblies/train/ERR2309571.fasta,missing
training,ERR2309572,data/camda_amr_2025/processed/assemblies/train/ERR2309572.fasta,missing
training,ERR2309573,data/camda_amr_2025/processed/assemblies/train/ERR2309573.fasta,missing
training,ERR2309574,data/camda_amr_2025/processed/assemblies/train/ERR2309574.fasta,missing
training,ERR2309575,data/camda_amr_2025/processed/assemblies/train/ERR2309575.fasta,missing
training,ERR2309576,data/camda_amr_2025/processed/assemblies/train/ERR2309576.fasta,missing
training,ERR2309577,data/camda_amr_2025/processed/assemblies/train/ERR2309577.fasta,missing
training,ERR2309578,data/camda_amr_2025/processed/assemblies/train/ERR2309578.fasta,missing
training,ERR2309579,data/camda_amr_2025/processed/assemblies/train/ERR2309579.fasta,missing
training,ERR2309580,data/camda_amr_2025/processed/assemblies/train/ERR2309580.fasta,missing
training,ERR2309581,data/camda_amr_2025/processed/assemblies/train/ERR2309581.fasta,missing
training,ERR2309582,data/camda_amr_2025/processed/assemblies/train/ERR2309582.fasta,missing
training,ERR2309583,data/camda_amr_2025/processed/assemblies/train/ERR2309583.fasta,missing
training,ERR2309584,data/camda_amr_2025/processed/assemblies/train/ERR2309584.fasta,missing
training,ERR2309585,data/camda_amr_2025/processed/assemblies/train/ERR2309585.fasta,missing
training,ERR2309586,data/camda_amr_2025/processed/assemblies/train/ERR2309586.fasta,missing
training,ERR2309587,data/camda_amr_2025/processed/assemblies/train/ERR2309587.fasta,missing
training,ERR2309588,data/camda_amr_2025/processed/assemblies/train/ERR2309588.fasta,missing
training,ERR2309589,data/camda_amr_2025/processed/assemblies/train/ERR2309589.fasta,missing
training,ERR2309590,data/camda_amr_2025/processed/assemblies/train/ERR2309590.fasta,missing
training,ERR2309591,data/camda_amr_2025/processed/assemblies/train/ERR2309591.fasta,missing
training,ERR2309592,data/camda_amr_2025/processed/assemblies/train/ERR2309592.fasta,missing
training,ERR2309593,data/camda_amr_2025/processed/assemblies/train/ERR2309593.fasta,missing
training,ERR2309594,data/camda_amr_2025/processed/assemblies/train/ERR2309594.fasta,missing
training,ERR2309595,data/camda_amr_2025/processed/assemblies/train/ERR2309595.fasta,missing
training,ERR2309596,data/camda_amr_2025/processed/assemblies/train/ERR2309596.fasta,missing
training,ERR2309597,data/camda_amr_2025/processed/assemblies/train/ERR2309597.fasta,missing
training,ERR2309598,data/camda_amr_2025/processed/assemblies/train/ERR2309598.fasta,missing
training,ERR2309599,data/camda_amr_2025/processed/assemblies/train/ERR2309599.fasta,missing
training,ERR2309600,data/camda_amr_2025/processed/assemblies/train/ERR2309600.fasta,missing
training,ERR2309601,data/camda_amr_2025/processed/assemblies/train/ERR2309601.fasta,missing
training,ERR2309602,data/camda_amr_2025/processed/assemblies/train/ERR2309602.fasta,missing
training,ERR2309603,data/camda_amr_2025/processed/assemblies/train/ERR2309603.fasta,missing
training,ERR2309604,data/camda_amr_2025/processed/assemblies/train/ERR2309604.fasta,missing
training,ERR2309605,data/camda_amr_2025/processed/assemblies/train/ERR2309605.fasta,missing
training,ERR2309606,data/camda_amr_2025/processed/assemblies/train/ERR2309606.fasta,missing
training,ERR2309607,data/camda_amr_2025/processed/assemblies/train/ERR2309607.fasta,missing
training,ERR2309608,data/camda_amr_2025/processed/assemblies/train/ERR2309608.fasta,missing
training,ERR2309609,data/camda_amr_2025/processed/assemblies/train/ERR2309609.fasta,missing
training,ERR2309610,data/camda_amr_2025/processed/assemblies/train/ERR2309610.fasta,missing
training,ERR2309611,data/camda_amr_2025/processed/assemblies/train/ERR2309611.fasta,missing
training,ERR2309612,data/camda_amr_2025/processed/assemblies/train/ERR2309612.fasta,missing
training,ERR2309613,data/camda_amr_2025/processed/assemblies/train/ERR2309613.fasta,missing
training,ERR2309614,data/camda_amr_2025/processed/assemblies/train/ERR2309614.fasta,missing
training,ERR2309615,data/camda_amr_2025/processed/assemblies/train/ERR2309615.fasta,missing
training,ERR2540223,data/camda_amr_2025/processed/assemblies/train/ERR2540223.fasta,missing
training,ERR2540224,data/camda_amr_2025/processed/assemblies/train/ERR2540224.fasta,missing
training,ERR2580149,data/camda_amr_2025/processed/assemblies/train/ERR2580149.fasta,missing
training,ERR2580150,data/camda_amr_2025/processed/assemblies/train/ERR2580150.fasta,missing
training,ERR2580151,data/camda_amr_2025/processed/assemblies/train/ERR2580151.fasta,missing
training,ERR2580152,data/camda_amr_2025/processed/assemblies/train/ERR2580152.fasta,missing
training,ERR2580153,data/camda_amr_2025/processed/assemblies/train/ERR2580153.fasta,missing
training,ERR2580154,data/camda_amr_2025/processed/assemblies/train/ERR2580154.fasta,missing
training,ERR2580155,data/camda_amr_2025/processed/assemblies/train/ERR2580155.fasta,missing
training,ERR2580156,data/camda_amr_2025/processed/assemblies/train/ERR2580156.fasta,missing
training,ERR2580157,data/camda_amr_2025/processed/assemblies/train/ERR2580157.fasta,missing
training,ERR2580158,data/camda_amr_2025/processed/assemblies/train/ERR2580158.fasta,missing
training,ERR2580159,data/camda_amr_2025/processed/assemblies/train/ERR2580159.fasta,missing
training,ERR2580160,data/camda_amr_2025/processed/assemblies/train/ERR2580160.fasta,missing
training,ERR2580161,data/camda_amr_2025/processed/assemblies/train/ERR2580161.fasta,missing
training,ERR2580162,data/camda_amr_2025/processed/assemblies/train/ERR2580162.fasta,missing
training,ERR2580163,data/camda_amr_2025/processed/assemblies/train/ERR2580163.fasta,missing
training,ERR2580164,data/camda_amr_2025/processed/assemblies/train/ERR2580164.fasta,missing
training,ERR2580165,data/camda_amr_2025/processed/assemblies/train/ERR2580165.fasta,missing
training,ERR2580166,data/camda_amr_2025/processed/assemblies/train/ERR2580166.fasta,missing
training,ERR2580167,data/camda_amr_2025/processed/assemblies/train/ERR2580167.fasta,missing
training,ERR2580168,data/camda_amr_2025/processed/assemblies/train/ERR2580168.fasta,missing
training,ERR2580169,data/camda_amr_2025/processed/assemblies/train/ERR2580169.fasta,missing
training,ERR2580170,data/camda_amr_2025/processed/assemblies/train/ERR2580170.fasta,missing
training,ERR2580171,data/camda_amr_2025/processed/assemblies/train/ERR2580171.fasta,missing
training,ERR2580172,data/camda_amr_2025/processed/assemblies/train/ERR2580172.fasta,missing
training,ERR271785,data/camda_amr_2025/processed/assemblies/train/ERR271785.fasta,missing
training,ERR3164631,data/camda_amr_2025/processed/assemblies/train/ERR3164631.fasta,missing
training,ERR3164639,data/camda_amr_2025/processed/assemblies/train/ERR3164639.fasta,missing
training,ERR3164645,data/camda_amr_2025/processed/assemblies/train/ERR3164645.fasta,missing
training,ERR3164647,data/camda_amr_2025/processed/assemblies/train/ERR3164647.fasta,missing
training,ERR3164648,data/camda_amr_2025/processed/assemblies/train/ERR3164648.fasta,missing
training,ERR3164661,data/camda_amr_2025/processed/assemblies/train/ERR3164661.fasta,missing
training,ERR3164667,data/camda_amr_2025/processed/assemblies/train/ERR3164667.fasta,missing
training,ERR3164669,data/camda_amr_2025/processed/assemblies/train/ERR3164669.fasta,missing
training,ERR3164672,data/camda_amr_2025/processed/assemblies/train/ERR3164672.fasta,missing
training,ERR3164678,data/camda_amr_2025/processed/assemblies/train/ERR3164678.fasta,missing
training,ERR3164679,data/camda_amr_2025/processed/assemblies/train/ERR3164679.fasta,missing
training,ERR3164682,data/camda_amr_2025/processed/assemblies/train/ERR3164682.fasta,missing
training,ERR3164685,data/camda_amr_2025/processed/assemblies/train/ERR3164685.fasta,missing
training,ERR3164691,data/camda_amr_2025/processed/assemblies/train/ERR3164691.fasta,missing
training,ERR3164695,data/camda_amr_2025/processed/assemblies/train/ERR3164695.fasta,missing
training,ERR3164702,data/camda_amr_2025/processed/assemblies/train/ERR3164702.fasta,missing
training,ERR3164703,data/camda_amr_2025/processed/assemblies/train/ERR3164703.fasta,missing
training,ERR3164706,data/camda_amr_2025/processed/assemblies/train/ERR3164706.fasta,missing
training,ERR3164707,data/camda_amr_2025/processed/assemblies/train/ERR3164707.fasta,missing
training,ERR3164709,data/camda_amr_2025/processed/assemblies/train/ERR3164709.fasta,missing
training,ERR3164714,data/camda_amr_2025/processed/assemblies/train/ERR3164714.fasta,missing
training,ERR3164718,data/camda_amr_2025/processed/assemblies/train/ERR3164718.fasta,missing
training,ERR3164720,data/camda_amr_2025/processed/assemblies/train/ERR3164720.fasta,missing
training,ERR3164723,data/camda_amr_2025/processed/assemblies/train/ERR3164723.fasta,missing
training,ERR3164726,data/camda_amr_2025/processed/assemblies/train/ERR3164726.fasta,missing
training,ERR3164733,data/camda_amr_2025/processed/assemblies/train/ERR3164733.fasta,missing
training,ERR3164735,data/camda_amr_2025/processed/assemblies/train/ERR3164735.fasta,missing
training,ERR3164747,data/camda_amr_2025/processed/assemblies/train/ERR3164747.fasta,missing
training,ERR3164748,data/camda_amr_2025/processed/assemblies/train/ERR3164748.fasta,missing
training,ERR3164751,data/camda_amr_2025/processed/assemblies/train/ERR3164751.fasta,missing
training,ERR3164753,data/camda_amr_2025/processed/assemblies/train/ERR3164753.fasta,missing
training,ERR3164756,data/camda_amr_2025/processed/assemblies/train/ERR3164756.fasta,missing
training,ERR3164758,data/camda_amr_2025/processed/assemblies/train/ERR3164758.fasta,missing
training,ERR3164759,data/camda_amr_2025/processed/assemblies/train/ERR3164759.fasta,missing
training,ERR3164766,data/camda_amr_2025/processed/assemblies/train/ERR3164766.fasta,missing
training,ERR3164768,data/camda_amr_2025/processed/assemblies/train/ERR3164768.fasta,missing
training,ERR3164771,data/camda_amr_2025/processed/assemblies/train/ERR3164771.fasta,missing
training,ERR3164772,data/camda_amr_2025/processed/assemblies/train/ERR3164772.fasta,missing
training,ERR3164773,data/camda_amr_2025/processed/assemblies/train/ERR3164773.fasta,missing
training,ERR3164775,data/camda_amr_2025/processed/assemblies/train/ERR3164775.fasta,missing
training,ERR3164777,data/camda_amr_2025/processed/assemblies/train/ERR3164777.fasta,missing
training,ERR3164778,data/camda_amr_2025/processed/assemblies/train/ERR3164778.fasta,missing
training,ERR3164780,data/camda_amr_2025/processed/assemblies/train/ERR3164780.fasta,missing
training,ERR3449876,data/camda_amr_2025/processed/assemblies/train/ERR3449876.fasta,missing
training,ERR3449877,data/camda_amr_2025/processed/assemblies/train/ERR3449877.fasta,missing
training,ERR3449878,data/camda_amr_2025/processed/assemblies/train/ERR3449878.fasta,missing
training,ERR3449879,data/camda_amr_2025/processed/assemblies/train/ERR3449879.fasta,missing
training,ERR3449880,data/camda_amr_2025/processed/assemblies/train/ERR3449880.fasta,missing
training,ERR3449881,data/camda_amr_2025/processed/assemblies/train/ERR3449881.fasta,missing
training,ERR3449882,data/camda_amr_2025/processed/assemblies/train/ERR3449882.fasta,missing
training,ERR3449883,data/camda_amr_2025/processed/assemblies/train/ERR3449883.fasta,missing
training,ERR3449884,data/camda_amr_2025/processed/assemblies/train/ERR3449884.fasta,missing
training,ERR3449885,data/camda_amr_2025/processed/assemblies/train/ERR3449885.fasta,missing
training,ERR3449886,data/camda_amr_2025/processed/assemblies/train/ERR3449886.fasta,missing
training,ERR3449887,data/camda_amr_2025/processed/assemblies/train/ERR3449887.fasta,missing
training,ERR349887,data/camda_amr_2025/processed/assemblies/train/ERR349887.fasta,missing
training,ERR349889,data/camda_amr_2025/processed/assemblies/train/ERR349889.fasta,missing
training,ERR349891,data/camda_amr_2025/processed/assemblies/train/ERR349891.fasta,missing
training,ERR349897,data/camda_amr_2025/processed/assemblies/train/ERR349897.fasta,missing
training,ERR349903,data/camda_amr_2025/processed/assemblies/train/ERR349903.fasta,missing
training,ERR349904,data/camda_amr_2025/processed/assemblies/train/ERR349904.fasta,missing
training,ERR349906,data/camda_amr_2025/processed/assemblies/train/ERR349906.fasta,missing
training,ERR349910,data/camda_amr_2025/processed/assemblies/train/ERR349910.fasta,missing
training,ERR349911,data/camda_amr_2025/processed/assemblies/train/ERR349911.fasta,missing
training,ERR349912,data/camda_amr_2025/processed/assemblies/train/ERR349912.fasta,missing
training,ERR349913,data/camda_amr_2025/processed/assemblies/train/ERR349913.fasta,missing
training,ERR349914,data/camda_amr_2025/processed/assemblies/train/ERR349914.fasta,missing
training,ERR349915,data/camda_amr_2025/processed/assemblies/train/ERR349915.fasta,missing
training,ERR349918,data/camda_amr_2025/processed/assemblies/train/ERR349918.fasta,missing
training,ERR349920,data/camda_amr_2025/processed/assemblies/train/ERR349920.fasta,missing
training,ERR349921,data/camda_amr_2025/processed/assemblies/train/ERR349921.fasta,missing
training,ERR349922,data/camda_amr_2025/processed/assemblies/train/ERR349922.fasta,missing
training,ERR349924,data/camda_amr_2025/processed/assemblies/train/ERR349924.fasta,missing
training,ERR349928,data/camda_amr_2025/processed/assemblies/train/ERR349928.fasta,missing
training,ERR349933,data/camda_amr_2025/processed/assemblies/train/ERR349933.fasta,missing
training,ERR349934,data/camda_amr_2025/processed/assemblies/train/ERR349934.fasta,missing
training,ERR349936,data/camda_amr_2025/processed/assemblies/train/ERR349936.fasta,missing
training,ERR349938,data/camda_amr_2025/processed/assemblies/train/ERR349938.fasta,missing
training,ERR349943,data/camda_amr_2025/processed/assemblies/train/ERR349943.fasta,missing
training,ERR349959,data/camda_amr_2025/processed/assemblies/train/ERR349959.fasta,missing
training,ERR349961,data/camda_amr_2025/processed/assemblies/train/ERR349961.fasta,missing
training,ERR349964,data/camda_amr_2025/processed/assemblies/train/ERR349964.fasta,missing
training,ERR349965,data/camda_amr_2025/processed/assemblies/train/ERR349965.fasta,missing
training,ERR349968,data/camda_amr_2025/processed/assemblies/train/ERR349968.fasta,missing
training,ERR349970,data/camda_amr_2025/processed/assemblies/train/ERR349970.fasta,missing
training,ERR349973,data/camda_amr_2025/processed/assemblies/train/ERR349973.fasta,missing
training,ERR349985,data/camda_amr_2025/processed/assemblies/train/ERR349985.fasta,missing
training,ERR349986,data/camda_amr_2025/processed/assemblies/train/ERR349986.fasta,missing
training,ERR349988,data/camda_amr_2025/processed/assemblies/train/ERR349988.fasta,missing
training,ERR349990,data/camda_amr_2025/processed/assemblies/train/ERR349990.fasta,missing
training,ERR349991,data/camda_amr_2025/processed/assemblies/train/ERR349991.fasta,missing
training,ERR349994,data/camda_amr_2025/processed/assemblies/train/ERR349994.fasta,missing
training,ERR349996,data/camda_amr_2025/processed/assemblies/train/ERR349996.fasta,missing
training,ERR349998,data/camda_amr_2025/processed/assemblies/train/ERR349998.fasta,missing
training,ERR350001,data/camda_amr_2025/processed/assemblies/train/ERR350001.fasta,missing
training,ERR350002,data/camda_amr_2025/processed/assemblies/train/ERR350002.fasta,missing
training,ERR350003,data/camda_amr_2025/processed/assemblies/train/ERR350003.fasta,missing
training,ERR350006,data/camda_amr_2025/processed/assemblies/train/ERR350006.fasta,missing
training,ERR350007,data/camda_amr_2025/processed/assemblies/train/ERR350007.fasta,missing
training,ERR350011,data/camda_amr_2025/processed/assemblies/train/ERR350011.fasta,missing
training,ERR350014,data/camda_amr_2025/processed/assemblies/train/ERR350014.fasta,missing
training,ERR350015,data/camda_amr_2025/processed/assemblies/train/ERR350015.fasta,missing
training,ERR350019,data/camda_amr_2025/processed/assemblies/train/ERR350019.fasta,missing
training,ERR350022,data/camda_amr_2025/processed/assemblies/train/ERR350022.fasta,missing
training,ERR350023,data/camda_amr_2025/processed/assemblies/train/ERR350023.fasta,missing
training,ERR350027,data/camda_amr_2025/processed/assemblies/train/ERR350027.fasta,missing
training,ERR350028,data/camda_amr_2025/processed/assemblies/train/ERR350028.fasta,missing
training,ERR350030,data/camda_amr_2025/processed/assemblies/train/ERR350030.fasta,missing
training,ERR350031,data/camda_amr_2025/processed/assemblies/train/ERR350031.fasta,missing
training,ERR350032,data/camda_amr_2025/processed/assemblies/train/ERR350032.fasta,missing
training,ERR350033,data/camda_amr_2025/processed/assemblies/train/ERR350033.fasta,missing
training,ERR350034,data/camda_amr_2025/processed/assemblies/train/ERR350034.fasta,missing
training,ERR350037,data/camda_amr_2025/processed/assemblies/train/ERR350037.fasta,missing
training,ERR350038,data/camda_amr_2025/processed/assemblies/train/ERR350038.fasta,missing
training,ERR350040,data/camda_amr_2025/processed/assemblies/train/ERR350040.fasta,missing
training,ERR350041,data/camda_amr_2025/processed/assemblies/train/ERR350041.fasta,missing
training,ERR350042,data/camda_amr_2025/processed/assemblies/train/ERR350042.fasta,missing
training,ERR350043,data/camda_amr_2025/processed/assemblies/train/ERR350043.fasta,missing
training,ERR350046,data/camda_amr_2025/processed/assemblies/train/ERR350046.fasta,missing
training,ERR350051,data/camda_amr_2025/processed/assemblies/train/ERR350051.fasta,missing
training,ERR350055,data/camda_amr_2025/processed/assemblies/train/ERR350055.fasta,missing
training,ERR350057,data/camda_amr_2025/processed/assemblies/train/ERR350057.fasta,missing
training,ERR350060,data/camda_amr_2025/processed/assemblies/train/ERR350060.fasta,missing
training,ERR350067,data/camda_amr_2025/processed/assemblies/train/ERR350067.fasta,missing
training,ERR350068,data/camda_amr_2025/processed/assemblies/train/ERR350068.fasta,missing
training,ERR352666,data/camda_amr_2025/processed/assemblies/train/ERR352666.fasta,missing
training,ERR352670,data/camda_amr_2025/processed/assemblies/train/ERR352670.fasta,missing
training,ERR352686,data/camda_amr_2025/processed/assemblies/train/ERR352686.fasta,missing
training,ERR352694,data/camda_amr_2025/processed/assemblies/train/ERR352694.fasta,missing
training,ERR352698,data/camda_amr_2025/processed/assemblies/train/ERR352698.fasta,missing
training,ERR352708,data/camda_amr_2025/processed/assemblies/train/ERR352708.fasta,missing
training,ERR352724,data/camda_amr_2025/processed/assemblies/train/ERR352724.fasta,missing
training,ERR352732,data/camda_amr_2025/processed/assemblies/train/ERR352732.fasta,missing
training,ERR352734,data/camda_amr_2025/processed/assemblies/train/ERR352734.fasta,missing
training,ERR352736,data/camda_amr_2025/processed/assemblies/train/ERR352736.fasta,missing
training,ERR352738,data/camda_amr_2025/processed/assemblies/train/ERR352738.fasta,missing
training,ERR352741,data/camda_amr_2025/processed/assemblies/train/ERR352741.fasta,missing
training,ERR352745,data/camda_amr_2025/processed/assemblies/train/ERR352745.fasta,missing
training,ERR352749,data/camda_amr_2025/processed/assemblies/train/ERR352749.fasta,missing
training,ERR352753,data/camda_amr_2025/processed/assemblies/train/ERR352753.fasta,missing
training,ERR352755,data/camda_amr_2025/processed/assemblies/train/ERR352755.fasta,missing
training,ERR352759,data/camda_amr_2025/processed/assemblies/train/ERR352759.fasta,missing
training,ERR352767,data/camda_amr_2025/processed/assemblies/train/ERR352767.fasta,missing
training,ERR352769,data/camda_amr_2025/processed/assemblies/train/ERR352769.fasta,missing
training,ERR352771,data/camda_amr_2025/processed/assemblies/train/ERR352771.fasta,missing
training,ERR352786,data/camda_amr_2025/processed/assemblies/train/ERR352786.fasta,missing
training,ERR352792,data/camda_amr_2025/processed/assemblies/train/ERR352792.fasta,missing
training,ERR352801,data/camda_amr_2025/processed/assemblies/train/ERR352801.fasta,missing
training,ERR352811,data/camda_amr_2025/processed/assemblies/train/ERR352811.fasta,missing
training,ERR352813,data/camda_amr_2025/processed/assemblies/train/ERR352813.fasta,missing
training,ERR352817,data/camda_amr_2025/processed/assemblies/train/ERR352817.fasta,missing
training,ERR352821,data/camda_amr_2025/processed/assemblies/train/ERR352821.fasta,missing
training,ERR363580,data/camda_amr_2025/processed/assemblies/train/ERR363580.fasta,missing
training,ERR363581,data/camda_amr_2025/processed/assemblies/train/ERR363581.fasta,missing
training,ERR363584,data/camda_amr_2025/processed/assemblies/train/ERR363584.fasta,missing
training,ERR363586,data/camda_amr_2025/processed/assemblies/train/ERR363586.fasta,missing
training,ERR363587,data/camda_amr_2025/processed/assemblies/train/ERR363587.fasta,missing
training,ERR363588,data/camda_amr_2025/processed/assemblies/train/ERR363588.fasta,missing
training,ERR363589,data/camda_amr_2025/processed/assemblies/train/ERR363589.fasta,missing
training,ERR363591,data/camda_amr_2025/processed/assemblies/train/ERR363591.fasta,missing
training,ERR363592,data/camda_amr_2025/processed/assemblies/train/ERR363592.fasta,missing
training,ERR363593,data/camda_amr_2025/processed/assemblies/train/ERR363593.fasta,missing
training,ERR363594,data/camda_amr_2025/processed/assemblies/train/ERR363594.fasta,missing
training,ERR363597,data/camda_amr_2025/processed/assemblies/train/ERR363597.fasta,missing
training,ERR363599,data/camda_amr_2025/processed/assemblies/train/ERR363599.fasta,missing
training,ERR363600,data/camda_amr_2025/processed/assemblies/train/ERR363600.fasta,missing
training,ERR363602,data/camda_amr_2025/processed/assemblies/train/ERR363602.fasta,missing
training,ERR363605,data/camda_amr_2025/processed/assemblies/train/ERR363605.fasta,missing
training,ERR363610,data/camda_amr_2025/processed/assemblies/train/ERR363610.fasta,missing
training,ERR363612,data/camda_amr_2025/processed/assemblies/train/ERR363612.fasta,missing
training,ERR363613,data/camda_amr_2025/processed/assemblies/train/ERR363613.fasta,missing
training,ERR363614,data/camda_amr_2025/processed/assemblies/train/ERR363614.fasta,missing
training,ERR363621,data/camda_amr_2025/processed/assemblies/train/ERR363621.fasta,missing
training,ERR363628,data/camda_amr_2025/processed/assemblies/train/ERR363628.fasta,missing
training,ERR363631,data/camda_amr_2025/processed/assemblies/train/ERR363631.fasta,missing
training,ERR363632,data/camda_amr_2025/processed/assemblies/train/ERR363632.fasta,missing
training,ERR363633,data/camda_amr_2025/processed/assemblies/train/ERR363633.fasta,missing
training,ERR363636,data/camda_amr_2025/processed/assemblies/train/ERR363636.fasta,missing
training,ERR363637,data/camda_amr_2025/processed/assemblies/train/ERR363637.fasta,missing
training,ERR363639,data/camda_amr_2025/processed/assemblies/train/ERR363639.fasta,missing
training,ERR363644,data/camda_amr_2025/processed/assemblies/train/ERR363644.fasta,missing
training,ERR363646,data/camda_amr_2025/processed/assemblies/train/ERR363646.fasta,missing
training,ERR363647,data/camda_amr_2025/processed/assemblies/train/ERR363647.fasta,missing
training,ERR363649,data/camda_amr_2025/processed/assemblies/train/ERR363649.fasta,missing
training,ERR363650,data/camda_amr_2025/processed/assemblies/train/ERR363650.fasta,missing
training,ERR363657,data/camda_amr_2025/processed/assemblies/train/ERR363657.fasta,missing
training,ERR363660,data/camda_amr_2025/processed/assemblies/train/ERR363660.fasta,missing
training,ERR363661,data/camda_amr_2025/processed/assemblies/train/ERR363661.fasta,missing
training,ERR363662,data/camda_amr_2025/processed/assemblies/train/ERR363662.fasta,missing
training,ERR363663,data/camda_amr_2025/processed/assemblies/train/ERR363663.fasta,missing
training,ERR363664,data/camda_amr_2025/processed/assemblies/train/ERR363664.fasta,missing
training,ERR363666,data/camda_amr_2025/processed/assemblies/train/ERR363666.fasta,missing
training,ERR363668,data/camda_amr_2025/processed/assemblies/train/ERR363668.fasta,missing
training,ERR363669,data/camda_amr_2025/processed/assemblies/train/ERR363669.fasta,missing
training,ERR363670,data/camda_amr_2025/processed/assemblies/train/ERR363670.fasta,missing
training,ERR388280,data/camda_amr_2025/processed/assemblies/train/ERR388280.fasta,missing
training,ERR388285,data/camda_amr_2025/processed/assemblies/train/ERR388285.fasta,missing
training,ERR388287,data/camda_amr_2025/processed/assemblies/train/ERR388287.fasta,missing
training,ERR388288,data/camda_amr_2025/processed/assemblies/train/ERR388288.fasta,missing
training,ERR388296,data/camda_amr_2025/processed/assemblies/train/ERR388296.fasta,missing
training,ERR388299,data/camda_amr_2025/processed/assemblies/train/ERR388299.fasta,missing
training,ERR388306,data/camda_amr_2025/processed/assemblies/train/ERR388306.fasta,missing
training,ERR388308,data/camda_amr_2025/processed/assemblies/train/ERR388308.fasta,missing
training,ERR388313,data/camda_amr_2025/processed/assemblies/train/ERR388313.fasta,missing
training,ERR388314,data/camda_amr_2025/processed/assemblies/train/ERR388314.fasta,missing
training,ERR388319,data/camda_amr_2025/processed/assemblies/train/ERR388319.fasta,missing
training,ERR388323,data/camda_amr_2025/processed/assemblies/train/ERR388323.fasta,missing
training,ERR388326,data/camda_amr_2025/processed/assemblies/train/ERR388326.fasta,missing
training,ERR388327,data/camda_amr_2025/processed/assemblies/train/ERR388327.fasta,missing
training,ERR388329,data/camda_amr_2025/processed/assemblies/train/ERR388329.fasta,missing
training,ERR388331,data/camda_amr_2025/processed/assemblies/train/ERR388331.fasta,missing
training,ERR388332,data/camda_amr_2025/processed/assemblies/train/ERR388332.fasta,missing
training,ERR388333,data/camda_amr_2025/processed/assemblies/train/ERR388333.fasta,missing
training,ERR388335,data/camda_amr_2025/processed/assemblies/train/ERR388335.fasta,missing
training,ERR388340,data/camda_amr_2025/processed/assemblies/train/ERR388340.fasta,missing
training,ERR388341,data/camda_amr_2025/processed/assemblies/train/ERR388341.fasta,missing
training,ERR388347,data/camda_amr_2025/processed/assemblies/train/ERR388347.fasta,missing
training,ERR388350,data/camda_amr_2025/processed/assemblies/train/ERR388350.fasta,missing
training,ERR388353,data/camda_amr_2025/processed/assemblies/train/ERR388353.fasta,missing
training,ERR388355,data/camda_amr_2025/processed/assemblies/train/ERR388355.fasta,missing
training,ERR388356,data/camda_amr_2025/processed/assemblies/train/ERR388356.fasta,missing
training,ERR388360,data/camda_amr_2025/processed/assemblies/train/ERR388360.fasta,missing
training,ERR388361,data/camda_amr_2025/processed/assemblies/train/ERR388361.fasta,missing
training,ERR388362,data/camda_amr_2025/processed/assemblies/train/ERR388362.fasta,missing
training,ERR388363,data/camda_amr_2025/processed/assemblies/train/ERR388363.fasta,missing
training,ERR388371,data/camda_amr_2025/processed/assemblies/train/ERR388371.fasta,missing
training,ERR388375,data/camda_amr_2025/processed/assemblies/train/ERR388375.fasta,missing
training,ERR388377,data/camda_amr_2025/processed/assemblies/train/ERR388377.fasta,missing
training,ERR388379,data/camda_amr_2025/processed/assemblies/train/ERR388379.fasta,missing
training,ERR388384,data/camda_amr_2025/processed/assemblies/train/ERR388384.fasta,missing
training,ERR388385,data/camda_amr_2025/processed/assemblies/train/ERR388385.fasta,missing
training,ERR388386,data/camda_amr_2025/processed/assemblies/train/ERR388386.fasta,missing
training,ERR388387,data/camda_amr_2025/processed/assemblies/train/ERR388387.fasta,missing
training,ERR388393,data/camda_amr_2025/processed/assemblies/train/ERR388393.fasta,missing
training,ERR388395,data/camda_amr_2025/processed/assemblies/train/ERR388395.fasta,missing
training,ERR388396,data/camda_amr_2025/processed/assemblies/train/ERR388396.fasta,missing
training,ERR388397,data/camda_amr_2025/processed/assemblies/train/ERR388397.fasta,missing
training,ERR388398,data/camda_amr_2025/processed/assemblies/train/ERR388398.fasta,missing
training,ERR388401,data/camda_amr_2025/processed/assemblies/train/ERR388401.fasta,missing
training,ERR388402,data/camda_amr_2025/processed/assemblies/train/ERR388402.fasta,missing
training,ERR388403,data/camda_amr_2025/processed/assemblies/train/ERR388403.fasta,missing
training,ERR388412,data/camda_amr_2025/processed/assemblies/train/ERR388412.fasta,missing
training,ERR388416,data/camda_amr_2025/processed/assemblies/train/ERR388416.fasta,missing
training,ERR388419,data/camda_amr_2025/processed/assemblies/train/ERR388419.fasta,missing
training,ERR388421,data/camda_amr_2025/processed/assemblies/train/ERR388421.fasta,missing
training,ERR388422,data/camda_amr_2025/processed/assemblies/train/ERR388422.fasta,missing
training,ERR388425,data/camda_amr_2025/processed/assemblies/train/ERR388425.fasta,missing
training,ERR388428,data/camda_amr_2025/processed/assemblies/train/ERR388428.fasta,missing
training,ERR388429,data/camda_amr_2025/processed/assemblies/train/ERR388429.fasta,missing
training,ERR388430,data/camda_amr_2025/processed/assemblies/train/ERR388430.fasta,missing
training,ERR388432,data/camda_amr_2025/processed/assemblies/train/ERR388432.fasta,missing
training,ERR388433,data/camda_amr_2025/processed/assemblies/train/ERR388433.fasta,missing
training,ERR388434,data/camda_amr_2025/processed/assemblies/train/ERR388434.fasta,missing
training,ERR388437,data/camda_amr_2025/processed/assemblies/train/ERR388437.fasta,missing
training,ERR388438,data/camda_amr_2025/processed/assemblies/train/ERR388438.fasta,missing
training,ERR388440,data/camda_amr_2025/processed/assemblies/train/ERR388440.fasta,missing
training,ERR388445,data/camda_amr_2025/processed/assemblies/train/ERR388445.fasta,missing
training,ERR388448,data/camda_amr_2025/processed/assemblies/train/ERR388448.fasta,missing
training,ERR388449,data/camda_amr_2025/processed/assemblies/train/ERR388449.fasta,missing
training,ERR388452,data/camda_amr_2025/processed/assemblies/train/ERR388452.fasta,missing
training,ERR388454,data/camda_amr_2025/processed/assemblies/train/ERR388454.fasta,missing
training,ERR391724,data/camda_amr_2025/processed/assemblies/train/ERR391724.fasta,missing
training,ERR391745,data/camda_amr_2025/processed/assemblies/train/ERR391745.fasta,missing
training,ERR4013421,data/camda_amr_2025/processed/assemblies/train/ERR4013421.fasta,missing
training,ERR4013422,data/camda_amr_2025/processed/assemblies/train/ERR4013422.fasta,missing
training,ERR4013423,data/camda_amr_2025/processed/assemblies/train/ERR4013423.fasta,missing
training,ERR4013424,data/camda_amr_2025/processed/assemblies/train/ERR4013424.fasta,missing
training,ERR4013425,data/camda_amr_2025/processed/assemblies/train/ERR4013425.fasta,missing
training,ERR4013426,data/camda_amr_2025/processed/assemblies/train/ERR4013426.fasta,missing
training,ERR4013427,data/camda_amr_2025/processed/assemblies/train/ERR4013427.fasta,missing
training,ERR4013428,data/camda_amr_2025/processed/assemblies/train/ERR4013428.fasta,missing
training,ERR4013429,data/camda_amr_2025/processed/assemblies/train/ERR4013429.fasta,missing
training,ERR4013430,data/camda_amr_2025/processed/assemblies/train/ERR4013430.fasta,missing
training,ERR4013431,data/camda_amr_2025/processed/assemblies/train/ERR4013431.fasta,missing
training,ERR4013444,data/camda_amr_2025/processed/assemblies/train/ERR4013444.fasta,missing
training,ERR4013445,data/camda_amr_2025/processed/assemblies/train/ERR4013445.fasta,missing
training,ERR4013446,data/camda_amr_2025/processed/assemblies/train/ERR4013446.fasta,missing
training,ERR4013447,data/camda_amr_2025/processed/assemblies/train/ERR4013447.fasta,missing
training,ERR4013448,data/camda_amr_2025/processed/assemblies/train/ERR4013448.fasta,missing
training,ERR4013449,data/camda_amr_2025/processed/assemblies/train/ERR4013449.fasta,missing
training,ERR4013450,data/camda_amr_2025/processed/assemblies/train/ERR4013450.fasta,missing
training,ERR4013451,data/camda_amr_2025/processed/assemblies/train/ERR4013451.fasta,missing
training,ERR4013452,data/camda_amr_2025/processed/assemblies/train/ERR4013452.fasta,missing
training,ERR4013453,data/camda_amr_2025/processed/assemblies/train/ERR4013453.fasta,missing
training,ERR4013454,data/camda_amr_2025/processed/assemblies/train/ERR4013454.fasta,missing
training,ERR4013455,data/camda_amr_2025/processed/assemblies/train/ERR4013455.fasta,missing
training,ERR4013456,data/camda_amr_2025/processed/assemblies/train/ERR4013456.fasta,missing
training,ERR4013457,data/camda_amr_2025/processed/assemblies/train/ERR4013457.fasta,missing
training,ERR4013458,data/camda_amr_2025/processed/assemblies/train/ERR4013458.fasta,missing
training,ERR4013459,data/camda_amr_2025/processed/assemblies/train/ERR4013459.fasta,missing
training,ERR4013460,data/camda_amr_2025/processed/assemblies/train/ERR4013460.fasta,missing
training,ERR4013461,data/camda_amr_2025/processed/assemblies/train/ERR4013461.fasta,missing
training,ERR4013462,data/camda_amr_2025/processed/assemblies/train/ERR4013462.fasta,missing
training,ERR4013463,data/camda_amr_2025/processed/assemblies/train/ERR4013463.fasta,missing
training,ERR4013464,data/camda_amr_2025/processed/assemblies/train/ERR4013464.fasta,missing
training,ERR4013465,data/camda_amr_2025/processed/assemblies/train/ERR4013465.fasta,missing
training,ERR410046,data/camda_amr_2025/processed/assemblies/train/ERR410046.fasta,missing
training,ERR410056,data/camda_amr_2025/processed/assemblies/train/ERR410056.fasta,missing
training,ERR410059,data/camda_amr_2025/processed/assemblies/train/ERR410059.fasta,missing
training,ERR410068,data/camda_amr_2025/processed/assemblies/train/ERR410068.fasta,missing
training,ERR410090,data/camda_amr_2025/processed/assemblies/train/ERR410090.fasta,missing
training,ERR410091,data/camda_amr_2025/processed/assemblies/train/ERR410091.fasta,missing
training,ERR410094,data/camda_amr_2025/processed/assemblies/train/ERR410094.fasta,missing
training,ERR410098,data/camda_amr_2025/processed/assemblies/train/ERR410098.fasta,missing
training,ERR410104,data/camda_amr_2025/processed/assemblies/train/ERR410104.fasta,missing
training,ERR410105,data/camda_amr_2025/processed/assemblies/train/ERR410105.fasta,missing
training,ERR410106,data/camda_amr_2025/processed/assemblies/train/ERR410106.fasta,missing
training,ERR410107,data/camda_amr_2025/processed/assemblies/train/ERR410107.fasta,missing
training,ERR410115,data/camda_amr_2025/processed/assemblies/train/ERR410115.fasta,missing
training,ERR410124,data/camda_amr_2025/processed/assemblies/train/ERR410124.fasta,missing
training,ERR410131,data/camda_amr_2025/processed/assemblies/train/ERR410131.fasta,missing
training,ERR418320,data/camda_amr_2025/processed/assemblies/train/ERR418320.fasta,missing
training,ERR418321,data/camda_amr_2025/processed/assemblies/train/ERR418321.fasta,missing
training,ERR418324,data/camda_amr_2025/processed/assemblies/train/ERR418324.fasta,missing
training,ERR418326,data/camda_amr_2025/processed/assemblies/train/ERR418326.fasta,missing
training,ERR418330,data/camda_amr_2025/processed/assemblies/train/ERR418330.fasta,missing
training,ERR418332,data/camda_amr_2025/processed/assemblies/train/ERR418332.fasta,missing
training,ERR418333,data/camda_amr_2025/processed/assemblies/train/ERR418333.fasta,missing
training,ERR418334,data/camda_amr_2025/processed/assemblies/train/ERR418334.fasta,missing
training,ERR418335,data/camda_amr_2025/processed/assemblies/train/ERR418335.fasta,missing
training,ERR418336,data/camda_amr_2025/processed/assemblies/train/ERR418336.fasta,missing
training,ERR418342,data/camda_amr_2025/processed/assemblies/train/ERR418342.fasta,missing
training,ERR418343,data/camda_amr_2025/processed/assemblies/train/ERR418343.fasta,missing
training,ERR418344,data/camda_amr_2025/processed/assemblies/train/ERR418344.fasta,missing
training,ERR418346,data/camda_amr_2025/processed/assemblies/train/ERR418346.fasta,missing
training,ERR418349,data/camda_amr_2025/processed/assemblies/train/ERR418349.fasta,missing
training,ERR418351,data/camda_amr_2025/processed/assemblies/train/ERR418351.fasta,missing
training,ERR418352,data/camda_amr_2025/processed/assemblies/train/ERR418352.fasta,missing
training,ERR418357,data/camda_amr_2025/processed/assemblies/train/ERR418357.fasta,missing
training,ERR418360,data/camda_amr_2025/processed/assemblies/train/ERR418360.fasta,missing
training,ERR418364,data/camda_amr_2025/processed/assemblies/train/ERR418364.fasta,missing
training,ERR418365,data/camda_amr_2025/processed/assemblies/train/ERR418365.fasta,missing
training,ERR418367,data/camda_amr_2025/processed/assemblies/train/ERR418367.fasta,missing
training,ERR418370,data/camda_amr_2025/processed/assemblies/train/ERR418370.fasta,missing
training,ERR418372,data/camda_amr_2025/processed/assemblies/train/ERR418372.fasta,missing
training,ERR418375,data/camda_amr_2025/processed/assemblies/train/ERR418375.fasta,missing
training,ERR418376,data/camda_amr_2025/processed/assemblies/train/ERR418376.fasta,missing
training,ERR418380,data/camda_amr_2025/processed/assemblies/train/ERR418380.fasta,missing
training,ERR418384,data/camda_amr_2025/processed/assemblies/train/ERR418384.fasta,missing
training,ERR418387,data/camda_amr_2025/processed/assemblies/train/ERR418387.fasta,missing
training,ERR418388,data/camda_amr_2025/processed/assemblies/train/ERR418388.fasta,missing
training,ERR418393,data/camda_amr_2025/processed/assemblies/train/ERR418393.fasta,missing
training,ERR418394,data/camda_amr_2025/processed/assemblies/train/ERR418394.fasta,missing
training,ERR418396,data/camda_amr_2025/processed/assemblies/train/ERR418396.fasta,missing
training,ERR418397,data/camda_amr_2025/processed/assemblies/train/ERR418397.fasta,missing
training,ERR418406,data/camda_amr_2025/processed/assemblies/train/ERR418406.fasta,missing
training,ERR418409,data/camda_amr_2025/processed/assemblies/train/ERR418409.fasta,missing
training,ERR418411,data/camda_amr_2025/processed/assemblies/train/ERR418411.fasta,missing
training,ERR418417,data/camda_amr_2025/processed/assemblies/train/ERR418417.fasta,missing
training,ERR418419,data/camda_amr_2025/processed/assemblies/train/ERR418419.fasta,missing
training,ERR418420,data/camda_amr_2025/processed/assemblies/train/ERR418420.fasta,missing
training,ERR418425,data/camda_amr_2025/processed/assemblies/train/ERR418425.fasta,missing
training,ERR418427,data/camda_amr_2025/processed/assemblies/train/ERR418427.fasta,missing
training,ERR418432,data/camda_amr_2025/processed/assemblies/train/ERR418432.fasta,missing
training,ERR418433,data/camda_amr_2025/processed/assemblies/train/ERR418433.fasta,missing
training,ERR418434,data/camda_amr_2025/processed/assemblies/train/ERR418434.fasta,missing
training,ERR418436,data/camda_amr_2025/processed/assemblies/train/ERR418436.fasta,missing
training,ERR418440,data/camda_amr_2025/processed/assemblies/train/ERR418440.fasta,missing
training,ERR418441,data/camda_amr_2025/processed/assemblies/train/ERR418441.fasta,missing
training,ERR418445,data/camda_amr_2025/processed/assemblies/train/ERR418445.fasta,missing
training,ERR418446,data/camda_amr_2025/processed/assemblies/train/ERR418446.fasta,missing
training,ERR418463,data/camda_amr_2025/processed/assemblies/train/ERR418463.fasta,missing
training,ERR418467,data/camda_amr_2025/processed/assemblies/train/ERR418467.fasta,missing
training,ERR418468,data/camda_amr_2025/processed/assemblies/train/ERR418468.fasta,missing
training,ERR418470,data/camda_amr_2025/processed/assemblies/train/ERR418470.fasta,missing
training,ERR418477,data/camda_amr_2025/processed/assemblies/train/ERR418477.fasta,missing
training,ERR418483,data/camda_amr_2025/processed/assemblies/train/ERR418483.fasta,missing
training,ERR418492,data/camda_amr_2025/processed/assemblies/train/ERR418492.fasta,missing
training,ERR418493,data/camda_amr_2025/processed/assemblies/train/ERR418493.fasta,missing
training,ERR418496,data/camda_amr_2025/processed/assemblies/train/ERR418496.fasta,missing
training,ERR418500,data/camda_amr_2025/processed/assemblies/train/ERR418500.fasta,missing
training,ERR418503,data/camda_amr_2025/processed/assemblies/train/ERR418503.fasta,missing
training,ERR418506,data/camda_amr_2025/processed/assemblies/train/ERR418506.fasta,missing
training,ERR418508,data/camda_amr_2025/processed/assemblies/train/ERR418508.fasta,missing
training,ERR418511,data/camda_amr_2025/processed/assemblies/train/ERR418511.fasta,missing
training,ERR418513,data/camda_amr_2025/processed/assemblies/train/ERR418513.fasta,missing
training,ERR418520,data/camda_amr_2025/processed/assemblies/train/ERR418520.fasta,missing
training,ERR418525,data/camda_amr_2025/processed/assemblies/train/ERR418525.fasta,missing
training,ERR418531,data/camda_amr_2025/processed/assemblies/train/ERR418531.fasta,missing
training,ERR418532,data/camda_amr_2025/processed/assemblies/train/ERR418532.fasta,missing
training,ERR418534,data/camda_amr_2025/processed/assemblies/train/ERR418534.fasta,missing
training,ERR418538,data/camda_amr_2025/processed/assemblies/train/ERR418538.fasta,missing
training,ERR418539,data/camda_amr_2025/processed/assemblies/train/ERR418539.fasta,missing
training,ERR418540,data/camda_amr_2025/processed/assemblies/train/ERR418540.fasta,missing
training,ERR418546,data/camda_amr_2025/processed/assemblies/train/ERR418546.fasta,missing
training,ERR418548,data/camda_amr_2025/processed/assemblies/train/ERR418548.fasta,missing
training,ERR418553,data/camda_amr_2025/processed/assemblies/train/ERR418553.fasta,missing
training,ERR418557,data/camda_amr_2025/processed/assemblies/train/ERR418557.fasta,missing
training,ERR418564,data/camda_amr_2025/processed/assemblies/train/ERR418564.fasta,missing
training,ERR418567,data/camda_amr_2025/processed/assemblies/train/ERR418567.fasta,missing
training,ERR418568,data/camda_amr_2025/processed/assemblies/train/ERR418568.fasta,missing
training,ERR418570,data/camda_amr_2025/processed/assemblies/train/ERR418570.fasta,missing
training,ERR418572,data/camda_amr_2025/processed/assemblies/train/ERR418572.fasta,missing
training,ERR418575,data/camda_amr_2025/processed/assemblies/train/ERR418575.fasta,missing
training,ERR418582,data/camda_amr_2025/processed/assemblies/train/ERR418582.fasta,missing
training,ERR418586,data/camda_amr_2025/processed/assemblies/train/ERR418586.fasta,missing
training,ERR418588,data/camda_amr_2025/processed/assemblies/train/ERR418588.fasta,missing
training,ERR418593,data/camda_amr_2025/processed/assemblies/train/ERR418593.fasta,missing
training,ERR418597,data/camda_amr_2025/processed/assemblies/train/ERR418597.fasta,missing
training,ERR418600,data/camda_amr_2025/processed/assemblies/train/ERR418600.fasta,missing
training,ERR418602,data/camda_amr_2025/processed/assemblies/train/ERR418602.fasta,missing
training,ERR418604,data/camda_amr_2025/processed/assemblies/train/ERR418604.fasta,missing
training,ERR418607,data/camda_amr_2025/processed/assemblies/train/ERR418607.fasta,missing
training,ERR418622,data/camda_amr_2025/processed/assemblies/train/ERR418622.fasta,missing
training,ERR418623,data/camda_amr_2025/processed/assemblies/train/ERR418623.fasta,missing
training,ERR418626,data/camda_amr_2025/processed/assemblies/train/ERR418626.fasta,missing
training,ERR418630,data/camda_amr_2025/processed/assemblies/train/ERR418630.fasta,missing
training,ERR418634,data/camda_amr_2025/processed/assemblies/train/ERR418634.fasta,missing
training,ERR418643,data/camda_amr_2025/processed/assemblies/train/ERR418643.fasta,missing
training,ERR418645,data/camda_amr_2025/processed/assemblies/train/ERR418645.fasta,missing
training,ERR418648,data/camda_amr_2025/processed/assemblies/train/ERR418648.fasta,missing
training,ERR418650,data/camda_amr_2025/processed/assemblies/train/ERR418650.fasta,missing
training,ERR418657,data/camda_amr_2025/processed/assemblies/train/ERR418657.fasta,missing
training,ERR418660,data/camda_amr_2025/processed/assemblies/train/ERR418660.fasta,missing
training,ERR418662,data/camda_amr_2025/processed/assemblies/train/ERR418662.fasta,missing
training,ERR418664,data/camda_amr_2025/processed/assemblies/train/ERR418664.fasta,missing
training,ERR418668,data/camda_amr_2025/processed/assemblies/train/ERR418668.fasta,missing
training,ERR418673,data/camda_amr_2025/processed/assemblies/train/ERR418673.fasta,missing
training,ERR418678,data/camda_amr_2025/processed/assemblies/train/ERR418678.fasta,missing
training,ERR418680,data/camda_amr_2025/processed/assemblies/train/ERR418680.fasta,missing
training,ERR418685,data/camda_amr_2025/processed/assemblies/train/ERR418685.fasta,missing
training,ERR418691,data/camda_amr_2025/processed/assemblies/train/ERR418691.fasta,missing
training,ERR418692,data/camda_amr_2025/processed/assemblies/train/ERR418692.fasta,missing
training,ERR418693,data/camda_amr_2025/processed/assemblies/train/ERR418693.fasta,missing
training,ERR418694,data/camda_amr_2025/processed/assemblies/train/ERR418694.fasta,missing
training,ERR418696,data/camda_amr_2025/processed/assemblies/train/ERR418696.fasta,missing
training,ERR418697,data/camda_amr_2025/processed/assemblies/train/ERR418697.fasta,missing
training,ERR418699,data/camda_amr_2025/processed/assemblies/train/ERR418699.fasta,missing
training,ERR418702,data/camda_amr_2025/processed/assemblies/train/ERR418702.fasta,missing
training,ERR418703,data/camda_amr_2025/processed/assemblies/train/ERR418703.fasta,missing
training,ERR418704,data/camda_amr_2025/processed/assemblies/train/ERR418704.fasta,missing
training,ERR418705,data/camda_amr_2025/processed/assemblies/train/ERR418705.fasta,missing
training,ERR418706,data/camda_amr_2025/processed/assemblies/train/ERR418706.fasta,missing
training,ERR418707,data/camda_amr_2025/processed/assemblies/train/ERR418707.fasta,missing
training,ERR418709,data/camda_amr_2025/processed/assemblies/train/ERR418709.fasta,missing
training,ERR418711,data/camda_amr_2025/processed/assemblies/train/ERR418711.fasta,missing
training,ERR418721,data/camda_amr_2025/processed/assemblies/train/ERR418721.fasta,missing
training,ERR418725,data/camda_amr_2025/processed/assemblies/train/ERR418725.fasta,missing
training,ERR418734,data/camda_amr_2025/processed/assemblies/train/ERR418734.fasta,missing
training,ERR418739,data/camda_amr_2025/processed/assemblies/train/ERR418739.fasta,missing
training,ERR418742,data/camda_amr_2025/processed/assemblies/train/ERR418742.fasta,missing
training,ERR418743,data/camda_amr_2025/processed/assemblies/train/ERR418743.fasta,missing
training,ERR418744,data/camda_amr_2025/processed/assemblies/train/ERR418744.fasta,missing
training,ERR418745,data/camda_amr_2025/processed/assemblies/train/ERR418745.fasta,missing
training,ERR418747,data/camda_amr_2025/processed/assemblies/train/ERR418747.fasta,missing
training,ERR418750,data/camda_amr_2025/processed/assemblies/train/ERR418750.fasta,missing
training,ERR418753,data/camda_amr_2025/processed/assemblies/train/ERR418753.fasta,missing
training,ERR418755,data/camda_amr_2025/processed/assemblies/train/ERR418755.fasta,missing
training,ERR418764,data/camda_amr_2025/processed/assemblies/train/ERR418764.fasta,missing
training,ERR418766,data/camda_amr_2025/processed/assemblies/train/ERR418766.fasta,missing
training,ERR418767,data/camda_amr_2025/processed/assemblies/train/ERR418767.fasta,missing
training,ERR418769,data/camda_amr_2025/processed/assemblies/train/ERR418769.fasta,missing
training,ERR418770,data/camda_amr_2025/processed/assemblies/train/ERR418770.fasta,missing
training,ERR418771,data/camda_amr_2025/processed/assemblies/train/ERR418771.fasta,missing
training,ERR418781,data/camda_amr_2025/processed/assemblies/train/ERR418781.fasta,missing
training,ERR418782,data/camda_amr_2025/processed/assemblies/train/ERR418782.fasta,missing
training,ERR418784,data/camda_amr_2025/processed/assemblies/train/ERR418784.fasta,missing
training,ERR418788,data/camda_amr_2025/processed/assemblies/train/ERR418788.fasta,missing
training,ERR418790,data/camda_amr_2025/processed/assemblies/train/ERR418790.fasta,missing
training,ERR418794,data/camda_amr_2025/processed/assemblies/train/ERR418794.fasta,missing
training,ERR418799,data/camda_amr_2025/processed/assemblies/train/ERR418799.fasta,missing
training,ERR418802,data/camda_amr_2025/processed/assemblies/train/ERR418802.fasta,missing
training,ERR418804,data/camda_amr_2025/processed/assemblies/train/ERR418804.fasta,missing
training,ERR418806,data/camda_amr_2025/processed/assemblies/train/ERR418806.fasta,missing
training,ERR418811,data/camda_amr_2025/processed/assemblies/train/ERR418811.fasta,missing
training,ERR418817,data/camda_amr_2025/processed/assemblies/train/ERR418817.fasta,missing
training,ERR418852,data/camda_amr_2025/processed/assemblies/train/ERR418852.fasta,missing
training,ERR418858,data/camda_amr_2025/processed/assemblies/train/ERR418858.fasta,missing
training,ERR418862,data/camda_amr_2025/processed/assemblies/train/ERR418862.fasta,missing
training,ERR418864,data/camda_amr_2025/processed/assemblies/train/ERR418864.fasta,missing
training,ERR418867,data/camda_amr_2025/processed/assemblies/train/ERR418867.fasta,missing
training,ERR418868,data/camda_amr_2025/processed/assemblies/train/ERR418868.fasta,missing
training,ERR418869,data/camda_amr_2025/processed/assemblies/train/ERR418869.fasta,missing
training,ERR418871,data/camda_amr_2025/processed/assemblies/train/ERR418871.fasta,missing
training,ERR418872,data/camda_amr_2025/processed/assemblies/train/ERR418872.fasta,missing
training,ERR418877,data/camda_amr_2025/processed/assemblies/train/ERR418877.fasta,missing
training,ERR418878,data/camda_amr_2025/processed/assemblies/train/ERR418878.fasta,missing
training,ERR418888,data/camda_amr_2025/processed/assemblies/train/ERR418888.fasta,missing
training,ERR418895,data/camda_amr_2025/processed/assemblies/train/ERR418895.fasta,missing
training,ERR418900,data/camda_amr_2025/processed/assemblies/train/ERR418900.fasta,missing
training,ERR418907,data/camda_amr_2025/processed/assemblies/train/ERR418907.fasta,missing
training,ERR418921,data/camda_amr_2025/processed/assemblies/train/ERR418921.fasta,missing
training,ERR418923,data/camda_amr_2025/processed/assemblies/train/ERR418923.fasta,missing
training,ERR418927,data/camda_amr_2025/processed/assemblies/train/ERR418927.fasta,missing
training,ERR418928,data/camda_amr_2025/processed/assemblies/train/ERR418928.fasta,missing
training,ERR418929,data/camda_amr_2025/processed/assemblies/train/ERR418929.fasta,missing
training,ERR418930,data/camda_amr_2025/processed/assemblies/train/ERR418930.fasta,missing
training,ERR418933,data/camda_amr_2025/processed/assemblies/train/ERR418933.fasta,missing
training,ERR418938,data/camda_amr_2025/processed/assemblies/train/ERR418938.fasta,missing
training,ERR418940,data/camda_amr_2025/processed/assemblies/train/ERR418940.fasta,missing
training,ERR418941,data/camda_amr_2025/processed/assemblies/train/ERR418941.fasta,missing
training,ERR418943,data/camda_amr_2025/processed/assemblies/train/ERR418943.fasta,missing
training,ERR418944,data/camda_amr_2025/processed/assemblies/train/ERR418944.fasta,missing
training,ERR418946,data/camda_amr_2025/processed/assemblies/train/ERR418946.fasta,missing
training,ERR418948,data/camda_amr_2025/processed/assemblies/train/ERR418948.fasta,missing
training,ERR418949,data/camda_amr_2025/processed/assemblies/train/ERR418949.fasta,missing
training,ERR418954,data/camda_amr_2025/processed/assemblies/train/ERR418954.fasta,missing
training,ERR418955,data/camda_amr_2025/processed/assemblies/train/ERR418955.fasta,missing
training,ERR418957,data/camda_amr_2025/processed/assemblies/train/ERR418957.fasta,missing
training,ERR418962,data/camda_amr_2025/processed/assemblies/train/ERR418962.fasta,missing
training,ERR418965,data/camda_amr_2025/processed/assemblies/train/ERR418965.fasta,missing
training,ERR418971,data/camda_amr_2025/processed/assemblies/train/ERR418971.fasta,missing
training,ERR418972,data/camda_amr_2025/processed/assemblies/train/ERR418972.fasta,missing
training,ERR418974,data/camda_amr_2025/processed/assemblies/train/ERR418974.fasta,missing
training,ERR418976,data/camda_amr_2025/processed/assemblies/train/ERR418976.fasta,missing
training,ERR418977,data/camda_amr_2025/processed/assemblies/train/ERR418977.fasta,missing
training,ERR418978,data/camda_amr_2025/processed/assemblies/train/ERR418978.fasta,missing
training,ERR418982,data/camda_amr_2025/processed/assemblies/train/ERR418982.fasta,missing
training,ERR418983,data/camda_amr_2025/processed/assemblies/train/ERR418983.fasta,missing
training,ERR418986,data/camda_amr_2025/processed/assemblies/train/ERR418986.fasta,missing
training,ERR418987,data/camda_amr_2025/processed/assemblies/train/ERR418987.fasta,missing
training,ERR418990,data/camda_amr_2025/processed/assemblies/train/ERR418990.fasta,missing
training,ERR418991,data/camda_amr_2025/processed/assemblies/train/ERR418991.fasta,missing
training,ERR418993,data/camda_amr_2025/processed/assemblies/train/ERR418993.fasta,missing
training,ERR418994,data/camda_amr_2025/processed/assemblies/train/ERR418994.fasta,missing
training,ERR418998,data/camda_amr_2025/processed/assemblies/train/ERR418998.fasta,missing
training,ERR418999,data/camda_amr_2025/processed/assemblies/train/ERR418999.fasta,missing
training,ERR419002,data/camda_amr_2025/processed/assemblies/train/ERR419002.fasta,missing
training,ERR419004,data/camda_amr_2025/processed/assemblies/train/ERR419004.fasta,missing
training,ERR419005,data/camda_amr_2025/processed/assemblies/train/ERR419005.fasta,missing
training,ERR419006,data/camda_amr_2025/processed/assemblies/train/ERR419006.fasta,missing
training,ERR419011,data/camda_amr_2025/processed/assemblies/train/ERR419011.fasta,missing
training,ERR419014,data/camda_amr_2025/processed/assemblies/train/ERR419014.fasta,missing
training,ERR419019,data/camda_amr_2025/processed/assemblies/train/ERR419019.fasta,missing
training,ERR419021,data/camda_amr_2025/processed/assemblies/train/ERR419021.fasta,missing
training,ERR419025,data/camda_amr_2025/processed/assemblies/train/ERR419025.fasta,missing
training,ERR419026,data/camda_amr_2025/processed/assemblies/train/ERR419026.fasta,missing
training,ERR419028,data/camda_amr_2025/processed/assemblies/train/ERR419028.fasta,missing
training,ERR419036,data/camda_amr_2025/processed/assemblies/train/ERR419036.fasta,missing
training,ERR419039,data/camda_amr_2025/processed/assemblies/train/ERR419039.fasta,missing
training,ERR419041,data/camda_amr_2025/processed/assemblies/train/ERR419041.fasta,missing
training,ERR419052,data/camda_amr_2025/processed/assemblies/train/ERR419052.fasta,missing
training,ERR419055,data/camda_amr_2025/processed/assemblies/train/ERR419055.fasta,missing
training,ERR419056,data/camda_amr_2025/processed/assemblies/train/ERR419056.fasta,missing
training,ERR419060,data/camda_amr_2025/processed/assemblies/train/ERR419060.fasta,missing
training,ERR419063,data/camda_amr_2025/processed/assemblies/train/ERR419063.fasta,missing
training,ERR419065,data/camda_amr_2025/processed/assemblies/train/ERR419065.fasta,missing
training,ERR419067,data/camda_amr_2025/processed/assemblies/train/ERR419067.fasta,missing
training,ERR419068,data/camda_amr_2025/processed/assemblies/train/ERR419068.fasta,missing
training,ERR419071,data/camda_amr_2025/processed/assemblies/train/ERR419071.fasta,missing
training,ERR419074,data/camda_amr_2025/processed/assemblies/train/ERR419074.fasta,missing
training,ERR419075,data/camda_amr_2025/processed/assemblies/train/ERR419075.fasta,missing
training,ERR419079,data/camda_amr_2025/processed/assemblies/train/ERR419079.fasta,missing
training,ERR419081,data/camda_amr_2025/processed/assemblies/train/ERR419081.fasta,missing
training,ERR419083,data/camda_amr_2025/processed/assemblies/train/ERR419083.fasta,missing
training,ERR419085,data/camda_amr_2025/processed/assemblies/train/ERR419085.fasta,missing
training,ERR419087,data/camda_amr_2025/processed/assemblies/train/ERR419087.fasta,missing
training,ERR419089,data/camda_amr_2025/processed/assemblies/train/ERR419089.fasta,missing
training,ERR419092,data/camda_amr_2025/processed/assemblies/train/ERR419092.fasta,missing
training,ERR419093,data/camda_amr_2025/processed/assemblies/train/ERR419093.fasta,missing
training,ERR419095,data/camda_amr_2025/processed/assemblies/train/ERR419095.fasta,missing
training,ERR419096,data/camda_amr_2025/processed/assemblies/train/ERR419096.fasta,missing
training,ERR419097,data/camda_amr_2025/processed/assemblies/train/ERR419097.fasta,missing
training,ERR419099,data/camda_amr_2025/processed/assemblies/train/ERR419099.fasta,missing
training,ERR419104,data/camda_amr_2025/processed/assemblies/train/ERR419104.fasta,missing
training,ERR419105,data/camda_amr_2025/processed/assemblies/train/ERR419105.fasta,missing
training,ERR419107,data/camda_amr_2025/processed/assemblies/train/ERR419107.fasta,missing
training,ERR419108,data/camda_amr_2025/processed/assemblies/train/ERR419108.fasta,missing
training,ERR419115,data/camda_amr_2025/processed/assemblies/train/ERR419115.fasta,missing
training,ERR419118,data/camda_amr_2025/processed/assemblies/train/ERR419118.fasta,missing
training,ERR419119,data/camda_amr_2025/processed/assemblies/train/ERR419119.fasta,missing
training,ERR419120,data/camda_amr_2025/processed/assemblies/train/ERR419120.fasta,missing
training,ERR419126,data/camda_amr_2025/processed/assemblies/train/ERR419126.fasta,missing
training,ERR419130,data/camda_amr_2025/processed/assemblies/train/ERR419130.fasta,missing
training,ERR419139,data/camda_amr_2025/processed/assemblies/train/ERR419139.fasta,missing
training,ERR419148,data/camda_amr_2025/processed/assemblies/train/ERR419148.fasta,missing
training,ERR419149,data/camda_amr_2025/processed/assemblies/train/ERR419149.fasta,missing
training,ERR419154,data/camda_amr_2025/processed/assemblies/train/ERR419154.fasta,missing
training,ERR419155,data/camda_amr_2025/processed/assemblies/train/ERR419155.fasta,missing
training,ERR419157,data/camda_amr_2025/processed/assemblies/train/ERR419157.fasta,missing
training,ERR419164,data/camda_amr_2025/processed/assemblies/train/ERR419164.fasta,missing
training,ERR419167,data/camda_amr_2025/processed/assemblies/train/ERR419167.fasta,missing
training,ERR419168,data/camda_amr_2025/processed/assemblies/train/ERR419168.fasta,missing
training,ERR419170,data/camda_amr_2025/processed/assemblies/train/ERR419170.fasta,missing
training,ERR419174,data/camda_amr_2025/processed/assemblies/train/ERR419174.fasta,missing
training,ERR419175,data/camda_amr_2025/processed/assemblies/train/ERR419175.fasta,missing
training,ERR419181,data/camda_amr_2025/processed/assemblies/train/ERR419181.fasta,missing
training,ERR419193,data/camda_amr_2025/processed/assemblies/train/ERR419193.fasta,missing
training,ERR419199,data/camda_amr_2025/processed/assemblies/train/ERR419199.fasta,missing
training,ERR419201,data/camda_amr_2025/processed/assemblies/train/ERR419201.fasta,missing
training,ERR419202,data/camda_amr_2025/processed/assemblies/train/ERR419202.fasta,missing
training,ERR419208,data/camda_amr_2025/processed/assemblies/train/ERR419208.fasta,missing
training,ERR419210,data/camda_amr_2025/processed/assemblies/train/ERR419210.fasta,missing
training,ERR419214,data/camda_amr_2025/processed/assemblies/train/ERR419214.fasta,missing
training,ERR419217,data/camda_amr_2025/processed/assemblies/train/ERR419217.fasta,missing
training,ERR419218,data/camda_amr_2025/processed/assemblies/train/ERR419218.fasta,missing
training,ERR419220,data/camda_amr_2025/processed/assemblies/train/ERR419220.fasta,missing
training,ERR419223,data/camda_amr_2025/processed/assemblies/train/ERR419223.fasta,missing
training,ERR419225,data/camda_amr_2025/processed/assemblies/train/ERR419225.fasta,missing
training,ERR419226,data/camda_amr_2025/processed/assemblies/train/ERR419226.fasta,missing
training,ERR419236,data/camda_amr_2025/processed/assemblies/train/ERR419236.fasta,missing
training,ERR419237,data/camda_amr_2025/processed/assemblies/train/ERR419237.fasta,missing
training,ERR449457,data/camda_amr_2025/processed/assemblies/train/ERR449457.fasta,missing
training,ERR449459,data/camda_amr_2025/processed/assemblies/train/ERR449459.fasta,missing
training,ERR449461,data/camda_amr_2025/processed/assemblies/train/ERR449461.fasta,missing
training,ERR449468,data/camda_amr_2025/processed/assemblies/train/ERR449468.fasta,missing
training,ERR449469,data/camda_amr_2025/processed/assemblies/train/ERR449469.fasta,missing
training,ERR449480,data/camda_amr_2025/processed/assemblies/train/ERR449480.fasta,missing
training,ERR449481,data/camda_amr_2025/processed/assemblies/train/ERR449481.fasta,missing
training,ERR449484,data/camda_amr_2025/processed/assemblies/train/ERR449484.fasta,missing
training,ERR449485,data/camda_amr_2025/processed/assemblies/train/ERR449485.fasta,missing
training,ERR449486,data/camda_amr_2025/processed/assemblies/train/ERR449486.fasta,missing
training,ERR449487,data/camda_amr_2025/processed/assemblies/train/ERR449487.fasta,missing
training,ERR449488,data/camda_amr_2025/processed/assemblies/train/ERR449488.fasta,missing
training,ERR449489,data/camda_amr_2025/processed/assemblies/train/ERR449489.fasta,missing
training,ERR449492,data/camda_amr_2025/processed/assemblies/train/ERR449492.fasta,missing
training,ERR449493,data/camda_amr_2025/processed/assemblies/train/ERR449493.fasta,missing
training,ERR449494,data/camda_amr_2025/processed/assemblies/train/ERR449494.fasta,missing
training,ERR449495,data/camda_amr_2025/processed/assemblies/train/ERR449495.fasta,missing
training,ERR449496,data/camda_amr_2025/processed/assemblies/train/ERR449496.fasta,missing
training,ERR449497,data/camda_amr_2025/processed/assemblies/train/ERR449497.fasta,missing
training,ERR449501,data/camda_amr_2025/processed/assemblies/train/ERR449501.fasta,missing
training,ERR449502,data/camda_amr_2025/processed/assemblies/train/ERR449502.fasta,missing
training,ERR449503,data/camda_amr_2025/processed/assemblies/train/ERR449503.fasta,missing
training,ERR449505,data/camda_amr_2025/processed/assemblies/train/ERR449505.fasta,missing
training,ERR449506,data/camda_amr_2025/processed/assemblies/train/ERR449506.fasta,missing
training,ERR449510,data/camda_amr_2025/processed/assemblies/train/ERR449510.fasta,missing
training,ERR449511,data/camda_amr_2025/processed/assemblies/train/ERR449511.fasta,missing
training,ERR449512,data/camda_amr_2025/processed/assemblies/train/ERR449512.fasta,missing
training,ERR449521,data/camda_amr_2025/processed/assemblies/train/ERR449521.fasta,missing
training,ERR474467,data/camda_amr_2025/processed/assemblies/train/ERR474467.fasta,missing
training,ERR474468,data/camda_amr_2025/processed/assemblies/train/ERR474468.fasta,missing
training,ERR474483,data/camda_amr_2025/processed/assemblies/train/ERR474483.fasta,missing
training,ERR474494,data/camda_amr_2025/processed/assemblies/train/ERR474494.fasta,missing
training,ERR474498,data/camda_amr_2025/processed/assemblies/train/ERR474498.fasta,missing
training,ERR474500,data/camda_amr_2025/processed/assemblies/train/ERR474500.fasta,missing
training,ERR474508,data/camda_amr_2025/processed/assemblies/train/ERR474508.fasta,missing
training,ERR474520,data/camda_amr_2025/processed/assemblies/train/ERR474520.fasta,missing
training,ERR474538,data/camda_amr_2025/processed/assemblies/train/ERR474538.fasta,missing
training,ERR474543,data/camda_amr_2025/processed/assemblies/train/ERR474543.fasta,missing
training,ERR474547,data/camda_amr_2025/processed/assemblies/train/ERR474547.fasta,missing
training,ERR485167,data/camda_amr_2025/processed/assemblies/train/ERR485167.fasta,missing
training,ERR485168,data/camda_amr_2025/processed/assemblies/train/ERR485168.fasta,missing
training,ERR485170,data/camda_amr_2025/processed/assemblies/train/ERR485170.fasta,missing
training,ERR485171,data/camda_amr_2025/processed/assemblies/train/ERR485171.fasta,missing
training,ERR486274,data/camda_amr_2025/processed/assemblies/train/ERR486274.fasta,missing
training,ERR486289,data/camda_amr_2025/processed/assemblies/train/ERR486289.fasta,missing
training,ERR486298,data/camda_amr_2025/processed/assemblies/train/ERR486298.fasta,missing
training,ERR486337,data/camda_amr_2025/processed/assemblies/train/ERR486337.fasta,missing
training,ERR486343,data/camda_amr_2025/processed/assemblies/train/ERR486343.fasta,missing
training,ERR486347,data/camda_amr_2025/processed/assemblies/train/ERR486347.fasta,missing
training,ERR486349,data/camda_amr_2025/processed/assemblies/train/ERR486349.fasta,missing
training,ERR486351,data/camda_amr_2025/processed/assemblies/train/ERR486351.fasta,missing
training,ERR486353,data/camda_amr_2025/processed/assemblies/train/ERR486353.fasta,missing
training,ERR486356,data/camda_amr_2025/processed/assemblies/train/ERR486356.fasta,missing
training,ERR486359,data/camda_amr_2025/processed/assemblies/train/ERR486359.fasta,missing
training,ERR486366,data/camda_amr_2025/processed/assemblies/train/ERR486366.fasta,missing
training,ERR486370,data/camda_amr_2025/processed/assemblies/train/ERR486370.fasta,missing
training,ERR486379,data/camda_amr_2025/processed/assemblies/train/ERR486379.fasta,missing
training,ERR486390,data/camda_amr_2025/processed/assemblies/train/ERR486390.fasta,missing
training,ERR486396,data/camda_amr_2025/processed/assemblies/train/ERR486396.fasta,missing
training,ERR486407,data/camda_amr_2025/processed/assemblies/train/ERR486407.fasta,missing
training,ERR486408,data/camda_amr_2025/processed/assemblies/train/ERR486408.fasta,missing
training,ERR486416,data/camda_amr_2025/processed/assemblies/train/ERR486416.fasta,missing
training,ERR486420,data/camda_amr_2025/processed/assemblies/train/ERR486420.fasta,missing
training,ERR486456,data/camda_amr_2025/processed/assemblies/train/ERR486456.fasta,missing
training,ERR486463,data/camda_amr_2025/processed/assemblies/train/ERR486463.fasta,missing
training,ERR486470,data/camda_amr_2025/processed/assemblies/train/ERR486470.fasta,missing
training,ERR486500,data/camda_amr_2025/processed/assemblies/train/ERR486500.fasta,missing
training,ERR486502,data/camda_amr_2025/processed/assemblies/train/ERR486502.fasta,missing
training,ERR486510,data/camda_amr_2025/processed/assemblies/train/ERR486510.fasta,missing
training,ERR486513,data/camda_amr_2025/processed/assemblies/train/ERR486513.fasta,missing
training,ERR486749,data/camda_amr_2025/processed/assemblies/train/ERR486749.fasta,missing
training,ERR486764,data/camda_amr_2025/processed/assemblies/train/ERR486764.fasta,missing
training,ERR486766,data/camda_amr_2025/processed/assemblies/train/ERR486766.fasta,missing
training,ERR486770,data/camda_amr_2025/processed/assemblies/train/ERR486770.fasta,missing
training,ERR486776,data/camda_amr_2025/processed/assemblies/train/ERR486776.fasta,missing
training,ERR486781,data/camda_amr_2025/processed/assemblies/train/ERR486781.fasta,missing
training,ERR486787,data/camda_amr_2025/processed/assemblies/train/ERR486787.fasta,missing
training,ERR486788,data/camda_amr_2025/processed/assemblies/train/ERR486788.fasta,missing
training,ERR486798,data/camda_amr_2025/processed/assemblies/train/ERR486798.fasta,missing
training,ERR486799,data/camda_amr_2025/processed/assemblies/train/ERR486799.fasta,missing
training,ERR502238,data/camda_amr_2025/processed/assemblies/train/ERR502238.fasta,missing
training,ERR502239,data/camda_amr_2025/processed/assemblies/train/ERR502239.fasta,missing
training,ERR775490,data/camda_amr_2025/processed/assemblies/train/ERR775490.fasta,missing
training,ERR775502,data/camda_amr_2025/processed/assemblies/train/ERR775502.fasta,missing
training,ERR775509,data/camda_amr_2025/processed/assemblies/train/ERR775509.fasta,missing
training,ERR775515,data/camda_amr_2025/processed/assemblies/train/ERR775515.fasta,missing
training,ERR775518,data/camda_amr_2025/processed/assemblies/train/ERR775518.fasta,missing
training,ERR775530,data/camda_amr_2025/processed/assemblies/train/ERR775530.fasta,missing
training,ERR775541,data/camda_amr_2025/processed/assemblies/train/ERR775541.fasta,missing
training,ERR775544,data/camda_amr_2025/processed/assemblies/train/ERR775544.fasta,missing
training,ERR775546,data/camda_amr_2025/processed/assemblies/train/ERR775546.fasta,missing
training,ERR775609,data/camda_amr_2025/processed/assemblies/train/ERR775609.fasta,missing
training,ERR775620,data/camda_amr_2025/processed/assemblies/train/ERR775620.fasta,missing
training,ERR775624,data/camda_amr_2025/processed/assemblies/train/ERR775624.fasta,missing
training,ERR775629,data/camda_amr_2025/processed/assemblies/train/ERR775629.fasta,missing
training,ERR775633,data/camda_amr_2025/processed/assemblies/train/ERR775633.fasta,missing
training,ERR775637,data/camda_amr_2025/processed/assemblies/train/ERR775637.fasta,missing
training,ERR775640,data/camda_amr_2025/processed/assemblies/train/ERR775640.fasta,missing
training,ERR775653,data/camda_amr_2025/processed/assemblies/train/ERR775653.fasta,missing
training,ERR775666,data/camda_amr_2025/processed/assemblies/train/ERR775666.fasta,missing
training,ERR775669,data/camda_amr_2025/processed/assemblies/train/ERR775669.fasta,missing
training,ERR775674,data/camda_amr_2025/processed/assemblies/train/ERR775674.fasta,missing
training,ERR775675,data/camda_amr_2025/processed/assemblies/train/ERR775675.fasta,missing
training,ERR775677,data/camda_amr_2025/processed/assemblies/train/ERR775677.fasta,missing
training,ERR775693,data/camda_amr_2025/processed/assemblies/train/ERR775693.fasta,missing
training,ERR976912,data/camda_amr_2025/processed/assemblies/train/ERR976912.fasta,missing
training,ERR976915,data/camda_amr_2025/processed/assemblies/train/ERR976915.fasta,missing
training,ERR976961,data/camda_amr_2025/processed/assemblies/train/ERR976961.fasta,missing
training,ERR976965,data/camda_amr_2025/processed/assemblies/train/ERR976965.fasta,missing
training,SRR073419,data/camda_amr_2025/processed/assemblies/train/SRR073419.fasta,missing
training,SRR10037257,data/camda_amr_2025/processed/assemblies/train/SRR10037257.fasta,present
training,SRR10037258,data/camda_amr_2025/processed/assemblies/train/SRR10037258.fasta,missing
training,SRR10037259,data/camda_amr_2025/processed/assemblies/train/SRR10037259.fasta,missing
training,SRR10037260,data/camda_amr_2025/processed/assemblies/train/SRR10037260.fasta,missing
training,SRR10037261,data/camda_amr_2025/processed/assemblies/train/SRR10037261.fasta,missing
training,SRR10037262,data/camda_amr_2025/processed/assemblies/train/SRR10037262.fasta,missing
training,SRR10037264,data/camda_amr_2025/processed/assemblies/train/SRR10037264.fasta,missing
training,SRR10037275,data/camda_amr_2025/processed/assemblies/train/SRR10037275.fasta,missing
training,SRR10037276,data/camda_amr_2025/processed/assemblies/train/SRR10037276.fasta,missing
training,SRR1010890,data/camda_amr_2025/processed/assemblies/train/SRR1010890.fasta,missing
training,SRR1010892,data/camda_amr_2025/processed/assemblies/train/SRR1010892.fasta,missing
training,SRR1010894,data/camda_amr_2025/processed/assemblies/train/SRR1010894.fasta,missing
training,SRR1010900,data/camda_amr_2025/processed/assemblies/train/SRR1010900.fasta,missing
training,SRR1010905,data/camda_amr_2025/processed/assemblies/train/SRR1010905.fasta,missing
training,SRR1010917,data/camda_amr_2025/processed/assemblies/train/SRR1010917.fasta,missing
training,SRR1010923,data/camda_amr_2025/processed/assemblies/train/SRR1010923.fasta,missing
training,SRR1010931,data/camda_amr_2025/processed/assemblies/train/SRR1010931.fasta,missing
training,SRR1010939,data/camda_amr_2025/processed/assemblies/train/SRR1010939.fasta,missing
training,SRR1010941,data/camda_amr_2025/processed/assemblies/train/SRR1010941.fasta,missing
training,SRR10992702,data/camda_amr_2025/processed/assemblies/train/SRR10992702.fasta,missing
training,SRR10992704,data/camda_amr_2025/processed/assemblies/train/SRR10992704.fasta,missing
training,SRR10992709,data/camda_amr_2025/processed/assemblies/train/SRR10992709.fasta,missing
training,SRR10992710,data/camda_amr_2025/processed/assemblies/train/SRR10992710.fasta,missing
training,SRR11288320,data/camda_amr_2025/processed/assemblies/train/SRR11288320.fasta,missing
training,SRR11288321,data/camda_amr_2025/processed/assemblies/train/SRR11288321.fasta,missing
training,SRR11288322,data/camda_amr_2025/processed/assemblies/train/SRR11288322.fasta,missing
training,SRR11288323,data/camda_amr_2025/processed/assemblies/train/SRR11288323.fasta,missing
training,SRR11288325,data/camda_amr_2025/processed/assemblies/train/SRR11288325.fasta,missing
training,SRR11288326,data/camda_amr_2025/processed/assemblies/train/SRR11288326.fasta,missing
training,SRR11288327,data/camda_amr_2025/processed/assemblies/train/SRR11288327.fasta,missing
training,SRR11288328,data/camda_amr_2025/processed/assemblies/train/SRR11288328.fasta,missing
training,SRR11288329,data/camda_amr_2025/processed/assemblies/train/SRR11288329.fasta,missing
training,SRR1166945,data/camda_amr_2025/processed/assemblies/train/SRR1166945.fasta,missing
training,SRR1166947,data/camda_amr_2025/processed/assemblies/train/SRR1166947.fasta,missing
training,SRR1166954,data/camda_amr_2025/processed/assemblies/train/SRR1166954.fasta,missing
training,SRR1166957,data/camda_amr_2025/processed/assemblies/train/SRR1166957.fasta,missing
training,SRR1166960,data/camda_amr_2025/processed/assemblies/train/SRR1166960.fasta,missing
training,SRR1166965,data/camda_amr_2025/processed/assemblies/train/SRR1166965.fasta,missing
training,SRR1166971,data/camda_amr_2025/processed/assemblies/train/SRR1166971.fasta,missing
training,SRR1166977,data/camda_amr_2025/processed/assemblies/train/SRR1166977.fasta,missing
training,SRR1166982,data/camda_amr_2025/processed/assemblies/train/SRR1166982.fasta,missing
training,SRR1166985,data/camda_amr_2025/processed/assemblies/train/SRR1166985.fasta,missing
training,SRR1166987,data/camda_amr_2025/processed/assemblies/train/SRR1166987.fasta,missing
training,SRR1166993,data/camda_amr_2025/processed/assemblies/train/SRR1166993.fasta,missing
training,SRR1167000,data/camda_amr_2025/processed/assemblies/train/SRR1167000.fasta,missing
training,SRR1167001,data/camda_amr_2025/processed/assemblies/train/SRR1167001.fasta,missing
training,SRR1167009,data/camda_amr_2025/processed/assemblies/train/SRR1167009.fasta,missing
training,SRR1167015,data/camda_amr_2025/processed/assemblies/train/SRR1167015.fasta,missing
training,SRR1167017,data/camda_amr_2025/processed/assemblies/train/SRR1167017.fasta,missing
training,SRR1167020,data/camda_amr_2025/processed/assemblies/train/SRR1167020.fasta,missing
training,SRR1167023,data/camda_amr_2025/processed/assemblies/train/SRR1167023.fasta,missing
training,SRR1167024,data/camda_amr_2025/processed/assemblies/train/SRR1167024.fasta,missing
training,SRR1167026,data/camda_amr_2025/processed/assemblies/train/SRR1167026.fasta,missing
training,SRR1173075,data/camda_amr_2025/processed/assemblies/train/SRR1173075.fasta,missing
training,SRR1173096,data/camda_amr_2025/processed/assemblies/train/SRR1173096.fasta,missing
training,SRR1173103,data/camda_amr_2025/processed/assemblies/train/SRR1173103.fasta,missing
training,SRR1180761,data/camda_amr_2025/processed/assemblies/train/SRR1180761.fasta,missing
training,SRR1180880,data/camda_amr_2025/processed/assemblies/train/SRR1180880.fasta,missing
training,SRR1181001,data/camda_amr_2025/processed/assemblies/train/SRR1181001.fasta,missing
training,SRR1181064,data/camda_amr_2025/processed/assemblies/train/SRR1181064.fasta,missing
training,SRR1181525,data/camda_amr_2025/processed/assemblies/train/SRR1181525.fasta,missing
training,SRR1185819,data/camda_amr_2025/processed/assemblies/train/SRR1185819.fasta,missing
training,SRR1185839,data/camda_amr_2025/processed/assemblies/train/SRR1185839.fasta,missing
training,SRR1187708,data/camda_amr_2025/processed/assemblies/train/SRR1187708.fasta,missing
training,SRR1187752,data/camda_amr_2025/processed/assemblies/train/SRR1187752.fasta,missing
training,SRR1187763,data/camda_amr_2025/processed/assemblies/train/SRR1187763.fasta,missing
training,SRR1187772,data/camda_amr_2025/processed/assemblies/train/SRR1187772.fasta,missing
training,SRR1187774,data/camda_amr_2025/processed/assemblies/train/SRR1187774.fasta,missing
training,SRR1187780,data/camda_amr_2025/processed/assemblies/train/SRR1187780.fasta,missing
training,SRR1187781,data/camda_amr_2025/processed/assemblies/train/SRR1187781.fasta,missing
training,SRR1187782,data/camda_amr_2025/processed/assemblies/train/SRR1187782.fasta,missing
training,SRR1187783,data/camda_amr_2025/processed/assemblies/train/SRR1187783.fasta,missing
training,SRR1187784,data/camda_amr_2025/processed/assemblies/train/SRR1187784.fasta,missing
training,SRR1187790,data/camda_amr_2025/processed/assemblies/train/SRR1187790.fasta,missing
training,SRR1187796,data/camda_amr_2025/processed/assemblies/train/SRR1187796.fasta,missing
training,SRR1187798,data/camda_amr_2025/processed/assemblies/train/SRR1187798.fasta,missing
training,SRR1187803,data/camda_amr_2025/processed/assemblies/train/SRR1187803.fasta,missing
training,SRR1187804,data/camda_amr_2025/processed/assemblies/train/SRR1187804.fasta,present
training,SRR1187805,data/camda_amr_2025/processed/assemblies/train/SRR1187805.fasta,missing
training,SRR1187810,data/camda_amr_2025/processed/assemblies/train/SRR1187810.fasta,missing
training,SRR1187813,data/camda_amr_2025/processed/assemblies/train/SRR1187813.fasta,missing
training,SRR1187819,data/camda_amr_2025/processed/assemblies/train/SRR1187819.fasta,missing
training,SRR1187820,data/camda_amr_2025/processed/assemblies/train/SRR1187820.fasta,missing
training,SRR1187821,data/camda_amr_2025/processed/assemblies/train/SRR1187821.fasta,missing
training,SRR1187823,data/camda_amr_2025/processed/assemblies/train/SRR1187823.fasta,missing
training,SRR1187824,data/camda_amr_2025/processed/assemblies/train/SRR1187824.fasta,missing
training,SRR1187825,data/camda_amr_2025/processed/assemblies/train/SRR1187825.fasta,missing
training,SRR1187826,data/camda_amr_2025/processed/assemblies/train/SRR1187826.fasta,missing
training,SRR1187834,data/camda_amr_2025/processed/assemblies/train/SRR1187834.fasta,missing
training,SRR1187837,data/camda_amr_2025/processed/assemblies/train/SRR1187837.fasta,missing
training,SRR1187838,data/camda_amr_2025/processed/assemblies/train/SRR1187838.fasta,missing
training,SRR1187841,data/camda_amr_2025/processed/assemblies/train/SRR1187841.fasta,missing
training,SRR1187842,data/camda_amr_2025/processed/assemblies/train/SRR1187842.fasta,missing
training,SRR1187848,data/camda_amr_2025/processed/assemblies/train/SRR1187848.fasta,missing
training,SRR1195631,data/camda_amr_2025/processed/assemblies/train/SRR1195631.fasta,missing
training,SRR1200757,data/camda_amr_2025/processed/assemblies/train/SRR1200757.fasta,missing
training,SRR1200764,data/camda_amr_2025/processed/assemblies/train/SRR1200764.fasta,missing
training,SRR1203014,data/camda_amr_2025/processed/assemblies/train/SRR1203014.fasta,missing
training,SRR1203017,data/camda_amr_2025/processed/assemblies/train/SRR1203017.fasta,missing
training,SRR1203019,data/camda_amr_2025/processed/assemblies/train/SRR1203019.fasta,missing
training,SRR1203028,data/camda_amr_2025/processed/assemblies/train/SRR1203028.fasta,missing
training,SRR1203034,data/camda_amr_2025/processed/assemblies/train/SRR1203034.fasta,missing
training,SRR1204041,data/camda_amr_2025/processed/assemblies/train/SRR1204041.fasta,missing
training,SRR1204059,data/camda_amr_2025/processed/assemblies/train/SRR1204059.fasta,missing
training,SRR1204067,data/camda_amr_2025/processed/assemblies/train/SRR1204067.fasta,missing
training,SRR1206476,data/camda_amr_2025/processed/assemblies/train/SRR1206476.fasta,missing
training,SRR1220739,data/camda_amr_2025/processed/assemblies/train/SRR1220739.fasta,missing
training,SRR1220782,data/camda_amr_2025/processed/assemblies/train/SRR1220782.fasta,missing
training,SRR1257279,data/camda_amr_2025/processed/assemblies/train/SRR1257279.fasta,missing
training,SRR1257301,data/camda_amr_2025/processed/assemblies/train/SRR1257301.fasta,missing
training,SRR1272854,data/camda_amr_2025/processed/assemblies/train/SRR1272854.fasta,missing
training,SRR1299268,data/camda_amr_2025/processed/assemblies/train/SRR1299268.fasta,missing
training,SRR1299286,data/camda_amr_2025/processed/assemblies/train/SRR1299286.fasta,missing
training,SRR1299423,data/camda_amr_2025/processed/assemblies/train/SRR1299423.fasta,missing
training,SRR1300555,data/camda_amr_2025/processed/assemblies/train/SRR1300555.fasta,missing
training,SRR1300613,data/camda_amr_2025/processed/assemblies/train/SRR1300613.fasta,missing
training,SRR1300653,data/camda_amr_2025/processed/assemblies/train/SRR1300653.fasta,missing
training,SRR1300663,data/camda_amr_2025/processed/assemblies/train/SRR1300663.fasta,missing
training,SRR1300722,data/camda_amr_2025/processed/assemblies/train/SRR1300722.fasta,missing
training,SRR1363285,data/camda_amr_2025/processed/assemblies/train/SRR1363285.fasta,missing
training,SRR1363314,data/camda_amr_2025/processed/assemblies/train/SRR1363314.fasta,missing
training,SRR1427238,data/camda_amr_2025/processed/assemblies/train/SRR1427238.fasta,missing
training,SRR15053977,data/camda_amr_2025/processed/assemblies/train/SRR15053977.fasta,present
training,SRR15053978,data/camda_amr_2025/processed/assemblies/train/SRR15053978.fasta,missing
training,SRR15053979,data/camda_amr_2025/processed/assemblies/train/SRR15053979.fasta,missing
training,SRR15053980,data/camda_amr_2025/processed/assemblies/train/SRR15053980.fasta,missing
training,SRR15053981,data/camda_amr_2025/processed/assemblies/train/SRR15053981.fasta,missing
training,SRR15053984,data/camda_amr_2025/processed/assemblies/train/SRR15053984.fasta,missing
training,SRR15053985,data/camda_amr_2025/processed/assemblies/train/SRR15053985.fasta,missing
training,SRR15053987,data/camda_amr_2025/processed/assemblies/train/SRR15053987.fasta,missing
training,SRR15053992,data/camda_amr_2025/processed/assemblies/train/SRR15053992.fasta,missing
training,SRR15054001,data/camda_amr_2025/processed/assemblies/train/SRR15054001.fasta,missing
training,SRR15054002,data/camda_amr_2025/processed/assemblies/train/SRR15054002.fasta,missing
training,SRR15054003,data/camda_amr_2025/processed/assemblies/train/SRR15054003.fasta,missing
training,SRR15054008,data/camda_amr_2025/processed/assemblies/train/SRR15054008.fasta,missing
training,SRR15054009,data/camda_amr_2025/processed/assemblies/train/SRR15054009.fasta,missing
training,SRR15054010,data/camda_amr_2025/processed/assemblies/train/SRR15054010.fasta,missing
training,SRR15054011,data/camda_amr_2025/processed/assemblies/train/SRR15054011.fasta,missing
training,SRR15054013,data/camda_amr_2025/processed/assemblies/train/SRR15054013.fasta,missing
training,SRR15054014,data/camda_amr_2025/processed/assemblies/train/SRR15054014.fasta,missing
training,SRR15054015,data/camda_amr_2025/processed/assemblies/train/SRR15054015.fasta,missing
training,SRR15054021,data/camda_amr_2025/processed/assemblies/train/SRR15054021.fasta,missing
training,SRR15054024,data/camda_amr_2025/processed/assemblies/train/SRR15054024.fasta,missing
training,SRR15054025,data/camda_amr_2025/processed/assemblies/train/SRR15054025.fasta,missing
training,SRR15054028,data/camda_amr_2025/processed/assemblies/train/SRR15054028.fasta,missing
training,SRR15054030,data/camda_amr_2025/processed/assemblies/train/SRR15054030.fasta,missing
training,SRR15054032,data/camda_amr_2025/processed/assemblies/train/SRR15054032.fasta,missing
training,SRR15054033,data/camda_amr_2025/processed/assemblies/train/SRR15054033.fasta,missing
training,SRR15054034,data/camda_amr_2025/processed/assemblies/train/SRR15054034.fasta,missing
training,SRR15054036,data/camda_amr_2025/processed/assemblies/train/SRR15054036.fasta,missing
training,SRR15054038,data/camda_amr_2025/processed/assemblies/train/SRR15054038.fasta,missing
training,SRR15054040,data/camda_amr_2025/processed/assemblies/train/SRR15054040.fasta,missing
training,SRR15054041,data/camda_amr_2025/processed/assemblies/train/SRR15054041.fasta,missing
training,SRR15054046,data/camda_amr_2025/processed/assemblies/train/SRR15054046.fasta,missing
training,SRR15054048,data/camda_amr_2025/processed/assemblies/train/SRR15054048.fasta,missing
training,SRR15054049,data/camda_amr_2025/processed/assemblies/train/SRR15054049.fasta,missing
training,SRR15054054,data/camda_amr_2025/processed/assemblies/train/SRR15054054.fasta,missing
training,SRR15054055,data/camda_amr_2025/processed/assemblies/train/SRR15054055.fasta,missing
training,SRR15054056,data/camda_amr_2025/processed/assemblies/train/SRR15054056.fasta,missing
training,SRR15054059,data/camda_amr_2025/processed/assemblies/train/SRR15054059.fasta,missing
training,SRR15054062,data/camda_amr_2025/processed/assemblies/train/SRR15054062.fasta,missing
training,SRR15054063,data/camda_amr_2025/processed/assemblies/train/SRR15054063.fasta,missing
training,SRR15054065,data/camda_amr_2025/processed/assemblies/train/SRR15054065.fasta,missing
training,SRR15054069,data/camda_amr_2025/processed/assemblies/train/SRR15054069.fasta,missing
training,SRR15054071,data/camda_amr_2025/processed/assemblies/train/SRR15054071.fasta,missing
training,SRR15054072,data/camda_amr_2025/processed/assemblies/train/SRR15054072.fasta,missing
training,SRR15054073,data/camda_amr_2025/processed/assemblies/train/SRR15054073.fasta,missing
training,SRR15054075,data/camda_amr_2025/processed/assemblies/train/SRR15054075.fasta,missing
training,SRR15054079,data/camda_amr_2025/processed/assemblies/train/SRR15054079.fasta,missing
training,SRR15054080,data/camda_amr_2025/processed/assemblies/train/SRR15054080.fasta,missing
training,SRR15054082,data/camda_amr_2025/processed/assemblies/train/SRR15054082.fasta,missing
training,SRR15054084,data/camda_amr_2025/processed/assemblies/train/SRR15054084.fasta,missing
training,SRR15054088,data/camda_amr_2025/processed/assemblies/train/SRR15054088.fasta,missing
training,SRR15054091,data/camda_amr_2025/processed/assemblies/train/SRR15054091.fasta,missing
training,SRR15054094,data/camda_amr_2025/processed/assemblies/train/SRR15054094.fasta,missing
training,SRR15054096,data/camda_amr_2025/processed/assemblies/train/SRR15054096.fasta,missing
training,SRR15054097,data/camda_amr_2025/processed/assemblies/train/SRR15054097.fasta,missing
training,SRR15054102,data/camda_amr_2025/processed/assemblies/train/SRR15054102.fasta,missing
training,SRR15054103,data/camda_amr_2025/processed/assemblies/train/SRR15054103.fasta,missing
training,SRR15054106,data/camda_amr_2025/processed/assemblies/train/SRR15054106.fasta,missing
training,SRR15054108,data/camda_amr_2025/processed/assemblies/train/SRR15054108.fasta,missing
training,SRR1514719,data/camda_amr_2025/processed/assemblies/train/SRR1514719.fasta,missing
training,SRR1514746,data/camda_amr_2025/processed/assemblies/train/SRR1514746.fasta,missing
training,SRR1525265,data/camda_amr_2025/processed/assemblies/train/SRR1525265.fasta,missing
training,SRR1528486,data/camda_amr_2025/processed/assemblies/train/SRR1528486.fasta,missing
training,SRR1528524,data/camda_amr_2025/processed/assemblies/train/SRR1528524.fasta,missing
training,SRR1528531,data/camda_amr_2025/processed/assemblies/train/SRR1528531.fasta,missing
training,SRR1544207,data/camda_amr_2025/processed/assemblies/train/SRR1544207.fasta,missing
training,SRR1544238,data/camda_amr_2025/processed/assemblies/train/SRR1544238.fasta,missing
training,SRR1544306,data/camda_amr_2025/processed/assemblies/train/SRR1544306.fasta,missing
training,SRR1544319,data/camda_amr_2025/processed/assemblies/train/SRR1544319.fasta,missing
training,SRR1553769,data/camda_amr_2025/processed/assemblies/train/SRR1553769.fasta,missing
training,SRR1553817,data/camda_amr_2025/processed/assemblies/train/SRR1553817.fasta,missing
training,SRR1553846,data/camda_amr_2025/processed/assemblies/train/SRR1553846.fasta,missing
training,SRR1556116,data/camda_amr_2025/processed/assemblies/train/SRR1556116.fasta,missing
training,SRR1556980,data/camda_amr_2025/processed/assemblies/train/SRR1556980.fasta,missing
training,SRR1556982,data/camda_amr_2025/processed/assemblies/train/SRR1556982.fasta,missing
training,SRR1562598,data/camda_amr_2025/processed/assemblies/train/SRR1562598.fasta,missing
training,SRR1562599,data/camda_amr_2025/processed/assemblies/train/SRR1562599.fasta,missing
training,SRR1574320,data/camda_amr_2025/processed/assemblies/train/SRR1574320.fasta,missing
training,SRR1582177,data/camda_amr_2025/processed/assemblies/train/SRR1582177.fasta,missing
training,SRR1583119,data/camda_amr_2025/processed/assemblies/train/SRR1583119.fasta,missing
training,SRR1598881,data/camda_amr_2025/processed/assemblies/train/SRR1598881.fasta,missing
training,SRR1609691,data/camda_amr_2025/processed/assemblies/train/SRR1609691.fasta,missing
training,SRR1615091,data/camda_amr_2025/processed/assemblies/train/SRR1615091.fasta,missing
training,SRR1637058,data/camda_amr_2025/processed/assemblies/train/SRR1637058.fasta,missing
training,SRR1637072,data/camda_amr_2025/processed/assemblies/train/SRR1637072.fasta,missing
training,SRR1646548,data/camda_amr_2025/processed/assemblies/train/SRR1646548.fasta,missing
training,SRR1646564,data/camda_amr_2025/processed/assemblies/train/SRR1646564.fasta,missing
training,SRR1646948,data/camda_amr_2025/processed/assemblies/train/SRR1646948.fasta,missing
training,SRR1658086,data/camda_amr_2025/processed/assemblies/train/SRR1658086.fasta,missing
training,SRR1661154,data/camda_amr_2025/processed/assemblies/train/SRR1661154.fasta,missing
training,SRR1661157,data/camda_amr_2025/processed/assemblies/train/SRR1661157.fasta,missing
training,SRR1661158,data/camda_amr_2025/processed/assemblies/train/SRR1661158.fasta,missing
training,SRR1661161,data/camda_amr_2025/processed/assemblies/train/SRR1661161.fasta,missing
training,SRR1661162,data/camda_amr_2025/processed/assemblies/train/SRR1661162.fasta,missing
training,SRR1661165,data/camda_amr_2025/processed/assemblies/train/SRR1661165.fasta,missing
training,SRR1661166,data/camda_amr_2025/processed/assemblies/train/SRR1661166.fasta,missing
training,SRR1661169,data/camda_amr_2025/processed/assemblies/train/SRR1661169.fasta,missing
training,SRR1661171,data/camda_amr_2025/processed/assemblies/train/SRR1661171.fasta,missing
training,SRR1661173,data/camda_amr_2025/processed/assemblies/train/SRR1661173.fasta,missing
training,SRR1661175,data/camda_amr_2025/processed/assemblies/train/SRR1661175.fasta,missing
training,SRR1661177,data/camda_amr_2025/processed/assemblies/train/SRR1661177.fasta,missing
training,SRR1661178,data/camda_amr_2025/processed/assemblies/train/SRR1661178.fasta,missing
training,SRR1661180,data/camda_amr_2025/processed/assemblies/train/SRR1661180.fasta,missing
training,SRR1661181,data/camda_amr_2025/processed/assemblies/train/SRR1661181.fasta,missing
training,SRR1661183,data/camda_amr_2025/processed/assemblies/train/SRR1661183.fasta,missing
training,SRR1661184,data/camda_amr_2025/processed/assemblies/train/SRR1661184.fasta,missing
training,SRR1661185,data/camda_amr_2025/processed/assemblies/train/SRR1661185.fasta,missing
training,SRR1661186,data/camda_amr_2025/processed/assemblies/train/SRR1661186.fasta,missing
training,SRR1661188,data/camda_amr_2025/processed/assemblies/train/SRR1661188.fasta,missing
training,SRR1661191,data/camda_amr_2025/processed/assemblies/train/SRR1661191.fasta,missing
training,SRR1661192,data/camda_amr_2025/processed/assemblies/train/SRR1661192.fasta,missing
training,SRR1661193,data/camda_amr_2025/processed/assemblies/train/SRR1661193.fasta,missing
training,SRR1661195,data/camda_amr_2025/processed/assemblies/train/SRR1661195.fasta,missing
training,SRR1661199,data/camda_amr_2025/processed/assemblies/train/SRR1661199.fasta,missing
training,SRR1661210,data/camda_amr_2025/processed/assemblies/train/SRR1661210.fasta,missing
training,SRR1661212,data/camda_amr_2025/processed/assemblies/train/SRR1661212.fasta,missing
training,SRR1661213,data/camda_amr_2025/processed/assemblies/train/SRR1661213.fasta,missing
training,SRR1661216,data/camda_amr_2025/processed/assemblies/train/SRR1661216.fasta,missing
training,SRR1661217,data/camda_amr_2025/processed/assemblies/train/SRR1661217.fasta,missing
training,SRR1661219,data/camda_amr_2025/processed/assemblies/train/SRR1661219.fasta,missing
training,SRR1661224,data/camda_amr_2025/processed/assemblies/train/SRR1661224.fasta,missing
training,SRR1661225,data/camda_amr_2025/processed/assemblies/train/SRR1661225.fasta,missing
training,SRR1661230,data/camda_amr_2025/processed/assemblies/train/SRR1661230.fasta,missing
training,SRR1661231,data/camda_amr_2025/processed/assemblies/train/SRR1661231.fasta,missing
training,SRR1661232,data/camda_amr_2025/processed/assemblies/train/SRR1661232.fasta,missing
training,SRR1661234,data/camda_amr_2025/processed/assemblies/train/SRR1661234.fasta,missing
training,SRR1661236,data/camda_amr_2025/processed/assemblies/train/SRR1661236.fasta,missing
training,SRR1661237,data/camda_amr_2025/processed/assemblies/train/SRR1661237.fasta,missing
training,SRR1661238,data/camda_amr_2025/processed/assemblies/train/SRR1661238.fasta,missing
training,SRR1661239,data/camda_amr_2025/processed/assemblies/train/SRR1661239.fasta,missing
training,SRR1661240,data/camda_amr_2025/processed/assemblies/train/SRR1661240.fasta,missing
training,SRR1661241,data/camda_amr_2025/processed/assemblies/train/SRR1661241.fasta,missing
training,SRR1661245,data/camda_amr_2025/processed/assemblies/train/SRR1661245.fasta,missing
training,SRR1661248,data/camda_amr_2025/processed/assemblies/train/SRR1661248.fasta,missing
training,SRR1661250,data/camda_amr_2025/processed/assemblies/train/SRR1661250.fasta,missing
training,SRR1661251,data/camda_amr_2025/processed/assemblies/train/SRR1661251.fasta,missing
training,SRR1661253,data/camda_amr_2025/processed/assemblies/train/SRR1661253.fasta,missing
training,SRR1661254,data/camda_amr_2025/processed/assemblies/train/SRR1661254.fasta,missing
training,SRR1661256,data/camda_amr_2025/processed/assemblies/train/SRR1661256.fasta,missing
training,SRR1661257,data/camda_amr_2025/processed/assemblies/train/SRR1661257.fasta,missing
training,SRR1661259,data/camda_amr_2025/processed/assemblies/train/SRR1661259.fasta,missing
training,SRR1661260,data/camda_amr_2025/processed/assemblies/train/SRR1661260.fasta,missing
training,SRR1661262,data/camda_amr_2025/processed/assemblies/train/SRR1661262.fasta,missing
training,SRR1661263,data/camda_amr_2025/processed/assemblies/train/SRR1661263.fasta,missing
training,SRR1661265,data/camda_amr_2025/processed/assemblies/train/SRR1661265.fasta,missing
training,SRR1661266,data/camda_amr_2025/processed/assemblies/train/SRR1661266.fasta,missing
training,SRR1661268,data/camda_amr_2025/processed/assemblies/train/SRR1661268.fasta,missing
training,SRR1661270,data/camda_amr_2025/processed/assemblies/train/SRR1661270.fasta,missing
training,SRR1661276,data/camda_amr_2025/processed/assemblies/train/SRR1661276.fasta,missing
training,SRR1661279,data/camda_amr_2025/processed/assemblies/train/SRR1661279.fasta,missing
training,SRR1661283,data/camda_amr_2025/processed/assemblies/train/SRR1661283.fasta,missing
training,SRR1661284,data/camda_amr_2025/processed/assemblies/train/SRR1661284.fasta,missing
training,SRR1661285,data/camda_amr_2025/processed/assemblies/train/SRR1661285.fasta,missing
training,SRR1661286,data/camda_amr_2025/processed/assemblies/train/SRR1661286.fasta,missing
training,SRR1661287,data/camda_amr_2025/processed/assemblies/train/SRR1661287.fasta,missing
training,SRR1661288,data/camda_amr_2025/processed/assemblies/train/SRR1661288.fasta,missing
training,SRR1661289,data/camda_amr_2025/processed/assemblies/train/SRR1661289.fasta,missing
training,SRR1661291,data/camda_amr_2025/processed/assemblies/train/SRR1661291.fasta,missing
training,SRR1661301,data/camda_amr_2025/processed/assemblies/train/SRR1661301.fasta,missing
training,SRR1661304,data/camda_amr_2025/processed/assemblies/train/SRR1661304.fasta,missing
training,SRR1661314,data/camda_amr_2025/processed/assemblies/train/SRR1661314.fasta,missing
training,SRR1661317,data/camda_amr_2025/processed/assemblies/train/SRR1661317.fasta,missing
training,SRR1661318,data/camda_amr_2025/processed/assemblies/train/SRR1661318.fasta,missing
training,SRR1661319,data/camda_amr_2025/processed/assemblies/train/SRR1661319.fasta,missing
training,SRR1661320,data/camda_amr_2025/processed/assemblies/train/SRR1661320.fasta,missing
training,SRR1661324,data/camda_amr_2025/processed/assemblies/train/SRR1661324.fasta,missing
training,SRR1661328,data/camda_amr_2025/processed/assemblies/train/SRR1661328.fasta,missing
training,SRR1661330,data/camda_amr_2025/processed/assemblies/train/SRR1661330.fasta,missing
training,SRR1661331,data/camda_amr_2025/processed/assemblies/train/SRR1661331.fasta,missing
training,SRR1664211,data/camda_amr_2025/processed/assemblies/train/SRR1664211.fasta,missing
training,SRR1695774,data/camda_amr_2025/processed/assemblies/train/SRR1695774.fasta,missing
training,SRR1698188,data/camda_amr_2025/processed/assemblies/train/SRR1698188.fasta,missing
training,SRR1713636,data/camda_amr_2025/processed/assemblies/train/SRR1713636.fasta,missing
training,SRR1713641,data/camda_amr_2025/processed/assemblies/train/SRR1713641.fasta,missing
training,SRR1763808,data/camda_amr_2025/processed/assemblies/train/SRR1763808.fasta,missing
training,SRR1763828,data/camda_amr_2025/processed/assemblies/train/SRR1763828.fasta,missing
training,SRR1763849,data/camda_amr_2025/processed/assemblies/train/SRR1763849.fasta,missing
training,SRR1767753,data/camda_amr_2025/processed/assemblies/train/SRR1767753.fasta,missing
training,SRR1767784,data/camda_amr_2025/processed/assemblies/train/SRR1767784.fasta,missing
training,SRR1767789,data/camda_amr_2025/processed/assemblies/train/SRR1767789.fasta,missing
training,SRR1773836,data/camda_amr_2025/processed/assemblies/train/SRR1773836.fasta,missing
training,SRR1777672,data/camda_amr_2025/processed/assemblies/train/SRR1777672.fasta,missing
training,SRR1777683,data/camda_amr_2025/processed/assemblies/train/SRR1777683.fasta,missing
training,SRR1777697,data/camda_amr_2025/processed/assemblies/train/SRR1777697.fasta,missing
training,SRR1777705,data/camda_amr_2025/processed/assemblies/train/SRR1777705.fasta,missing
training,SRR1778032,data/camda_amr_2025/processed/assemblies/train/SRR1778032.fasta,missing
training,SRR1783160,data/camda_amr_2025/processed/assemblies/train/SRR1783160.fasta,missing
training,SRR1783173,data/camda_amr_2025/processed/assemblies/train/SRR1783173.fasta,missing
training,SRR1783182,data/camda_amr_2025/processed/assemblies/train/SRR1783182.fasta,missing
training,SRR1783194,data/camda_amr_2025/processed/assemblies/train/SRR1783194.fasta,missing
training,SRR1783212,data/camda_amr_2025/processed/assemblies/train/SRR1783212.fasta,missing
training,SRR1783221,data/camda_amr_2025/processed/assemblies/train/SRR1783221.fasta,missing
training,SRR1783224,data/camda_amr_2025/processed/assemblies/train/SRR1783224.fasta,missing
training,SRR1791383,data/camda_amr_2025/processed/assemblies/train/SRR1791383.fasta,missing
training,SRR1791386,data/camda_amr_2025/processed/assemblies/train/SRR1791386.fasta,missing
training,SRR1793262,data/camda_amr_2025/processed/assemblies/train/SRR1793262.fasta,missing
training,SRR1793263,data/camda_amr_2025/processed/assemblies/train/SRR1793263.fasta,missing
training,SRR1793268,data/camda_amr_2025/processed/assemblies/train/SRR1793268.fasta,missing
training,SRR1801552,data/camda_amr_2025/processed/assemblies/train/SRR1801552.fasta,missing
training,SRR1805624,data/camda_amr_2025/processed/assemblies/train/SRR1805624.fasta,missing
training,SRR1812825,data/camda_amr_2025/processed/assemblies/train/SRR1812825.fasta,missing
training,SRR1813435,data/camda_amr_2025/processed/assemblies/train/SRR1813435.fasta,missing
training,SRR1819800,data/camda_amr_2025/processed/assemblies/train/SRR1819800.fasta,missing
training,SRR1820097,data/camda_amr_2025/processed/assemblies/train/SRR1820097.fasta,missing
training,SRR1823711,data/camda_amr_2025/processed/assemblies/train/SRR1823711.fasta,missing
training,SRR1849358,data/camda_amr_2025/processed/assemblies/train/SRR1849358.fasta,missing
training,SRR1849399,data/camda_amr_2025/processed/assemblies/train/SRR1849399.fasta,missing
training,SRR1849406,data/camda_amr_2025/processed/assemblies/train/SRR1849406.fasta,missing
training,SRR1849407,data/camda_amr_2025/processed/assemblies/train/SRR1849407.fasta,missing
training,SRR1908939,data/camda_amr_2025/processed/assemblies/train/SRR1908939.fasta,missing
training,SRR1923642,data/camda_amr_2025/processed/assemblies/train/SRR1923642.fasta,missing
training,SRR1946913,data/camda_amr_2025/processed/assemblies/train/SRR1946913.fasta,missing
training,SRR1946947,data/camda_amr_2025/processed/assemblies/train/SRR1946947.fasta,missing
training,SRR1951846,data/camda_amr_2025/processed/assemblies/train/SRR1951846.fasta,missing
training,SRR1951852,data/camda_amr_2025/processed/assemblies/train/SRR1951852.fasta,missing
training,SRR1951871,data/camda_amr_2025/processed/assemblies/train/SRR1951871.fasta,missing
training,SRR1951877,data/camda_amr_2025/processed/assemblies/train/SRR1951877.fasta,missing
training,SRR1951881,data/camda_amr_2025/processed/assemblies/train/SRR1951881.fasta,missing
training,SRR1973650,data/camda_amr_2025/processed/assemblies/train/SRR1973650.fasta,missing
training,SRR1973720,data/camda_amr_2025/processed/assemblies/train/SRR1973720.fasta,missing
training,SRR1973721,data/camda_amr_2025/processed/assemblies/train/SRR1973721.fasta,missing
training,SRR1980610,data/camda_amr_2025/processed/assemblies/train/SRR1980610.fasta,missing
training,SRR1982193,data/camda_amr_2025/processed/assemblies/train/SRR1982193.fasta,missing
training,SRR1998972,data/camda_amr_2025/processed/assemblies/train/SRR1998972.fasta,missing
training,SRR2002476,data/camda_amr_2025/processed/assemblies/train/SRR2002476.fasta,missing
training,SRR2002479,data/camda_amr_2025/processed/assemblies/train/SRR2002479.fasta,missing
training,SRR2005891,data/camda_amr_2025/processed/assemblies/train/SRR2005891.fasta,missing
training,SRR2017874,data/camda_amr_2025/processed/assemblies/train/SRR2017874.fasta,missing
training,SRR2033920,data/camda_amr_2025/processed/assemblies/train/SRR2033920.fasta,missing
training,SRR2047289,data/camda_amr_2025/processed/assemblies/train/SRR2047289.fasta,missing
training,SRR2062220,data/camda_amr_2025/processed/assemblies/train/SRR2062220.fasta,missing
training,SRR2064116,data/camda_amr_2025/processed/assemblies/train/SRR2064116.fasta,missing
training,SRR2072210,data/camda_amr_2025/processed/assemblies/train/SRR2072210.fasta,missing
training,SRR2072211,data/camda_amr_2025/processed/assemblies/train/SRR2072211.fasta,missing
training,SRR2072212,data/camda_amr_2025/processed/assemblies/train/SRR2072212.fasta,missing
training,SRR2072213,data/camda_amr_2025/processed/assemblies/train/SRR2072213.fasta,missing
training,SRR2072214,data/camda_amr_2025/processed/assemblies/train/SRR2072214.fasta,missing
training,SRR2072216,data/camda_amr_2025/processed/assemblies/train/SRR2072216.fasta,missing
training,SRR2072224,data/camda_amr_2025/processed/assemblies/train/SRR2072224.fasta,missing
training,SRR2072227,data/camda_amr_2025/processed/assemblies/train/SRR2072227.fasta,missing
training,SRR2072228,data/camda_amr_2025/processed/assemblies/train/SRR2072228.fasta,missing
training,SRR2072229,data/camda_amr_2025/processed/assemblies/train/SRR2072229.fasta,missing
training,SRR2072232,data/camda_amr_2025/processed/assemblies/train/SRR2072232.fasta,missing
training,SRR2072233,data/camda_amr_2025/processed/assemblies/train/SRR2072233.fasta,missing
training,SRR2072235,data/camda_amr_2025/processed/assemblies/train/SRR2072235.fasta,missing
training,SRR2072239,data/camda_amr_2025/processed/assemblies/train/SRR2072239.fasta,missing
training,SRR2072240,data/camda_amr_2025/processed/assemblies/train/SRR2072240.fasta,missing
training,SRR2072242,data/camda_amr_2025/processed/assemblies/train/SRR2072242.fasta,missing
training,SRR2072243,data/camda_amr_2025/processed/assemblies/train/SRR2072243.fasta,missing
training,SRR2072246,data/camda_amr_2025/processed/assemblies/train/SRR2072246.fasta,missing
training,SRR2072248,data/camda_amr_2025/processed/assemblies/train/SRR2072248.fasta,missing
training,SRR2072250,data/camda_amr_2025/processed/assemblies/train/SRR2072250.fasta,missing
training,SRR2072251,data/camda_amr_2025/processed/assemblies/train/SRR2072251.fasta,missing
training,SRR2072253,data/camda_amr_2025/processed/assemblies/train/SRR2072253.fasta,missing
training,SRR2072254,data/camda_amr_2025/processed/assemblies/train/SRR2072254.fasta,missing
training,SRR2072263,data/camda_amr_2025/processed/assemblies/train/SRR2072263.fasta,missing
training,SRR2072265,data/camda_amr_2025/processed/assemblies/train/SRR2072265.fasta,missing
training,SRR2072272,data/camda_amr_2025/processed/assemblies/train/SRR2072272.fasta,missing
training,SRR2072274,data/camda_amr_2025/processed/assemblies/train/SRR2072274.fasta,missing
training,SRR2072278,data/camda_amr_2025/processed/assemblies/train/SRR2072278.fasta,missing
training,SRR2072280,data/camda_amr_2025/processed/assemblies/train/SRR2072280.fasta,missing
training,SRR2072281,data/camda_amr_2025/processed/assemblies/train/SRR2072281.fasta,missing
training,SRR2072286,data/camda_amr_2025/processed/assemblies/train/SRR2072286.fasta,missing
training,SRR2072287,data/camda_amr_2025/processed/assemblies/train/SRR2072287.fasta,missing
training,SRR2072288,data/camda_amr_2025/processed/assemblies/train/SRR2072288.fasta,missing
training,SRR2072290,data/camda_amr_2025/processed/assemblies/train/SRR2072290.fasta,missing
training,SRR2072291,data/camda_amr_2025/processed/assemblies/train/SRR2072291.fasta,missing
training,SRR2072292,data/camda_amr_2025/processed/assemblies/train/SRR2072292.fasta,missing
training,SRR2072293,data/camda_amr_2025/processed/assemblies/train/SRR2072293.fasta,missing
training,SRR2072296,data/camda_amr_2025/processed/assemblies/train/SRR2072296.fasta,missing
training,SRR2072299,data/camda_amr_2025/processed/assemblies/train/SRR2072299.fasta,missing
training,SRR2072300,data/camda_amr_2025/processed/assemblies/train/SRR2072300.fasta,missing
training,SRR2072303,data/camda_amr_2025/processed/assemblies/train/SRR2072303.fasta,missing
training,SRR2072308,data/camda_amr_2025/processed/assemblies/train/SRR2072308.fasta,missing
training,SRR2072312,data/camda_amr_2025/processed/assemblies/train/SRR2072312.fasta,missing
training,SRR2072316,data/camda_amr_2025/processed/assemblies/train/SRR2072316.fasta,missing
training,SRR2072319,data/camda_amr_2025/processed/assemblies/train/SRR2072319.fasta,missing
training,SRR2072321,data/camda_amr_2025/processed/assemblies/train/SRR2072321.fasta,missing
training,SRR2072323,data/camda_amr_2025/processed/assemblies/train/SRR2072323.fasta,missing
training,SRR2072324,data/camda_amr_2025/processed/assemblies/train/SRR2072324.fasta,missing
training,SRR2072332,data/camda_amr_2025/processed/assemblies/train/SRR2072332.fasta,missing
training,SRR2072334,data/camda_amr_2025/processed/assemblies/train/SRR2072334.fasta,missing
training,SRR2072335,data/camda_amr_2025/processed/assemblies/train/SRR2072335.fasta,missing
training,SRR2072336,data/camda_amr_2025/processed/assemblies/train/SRR2072336.fasta,missing
training,SRR2072338,data/camda_amr_2025/processed/assemblies/train/SRR2072338.fasta,missing
training,SRR2072339,data/camda_amr_2025/processed/assemblies/train/SRR2072339.fasta,missing
training,SRR2072341,data/camda_amr_2025/processed/assemblies/train/SRR2072341.fasta,missing
training,SRR2072342,data/camda_amr_2025/processed/assemblies/train/SRR2072342.fasta,missing
training,SRR2072343,data/camda_amr_2025/processed/assemblies/train/SRR2072343.fasta,missing
training,SRR2072344,data/camda_amr_2025/processed/assemblies/train/SRR2072344.fasta,missing
training,SRR2072351,data/camda_amr_2025/processed/assemblies/train/SRR2072351.fasta,missing
training,SRR2072352,data/camda_amr_2025/processed/assemblies/train/SRR2072352.fasta,missing
training,SRR2072357,data/camda_amr_2025/processed/assemblies/train/SRR2072357.fasta,missing
training,SRR2072361,data/camda_amr_2025/processed/assemblies/train/SRR2072361.fasta,missing
training,SRR2072368,data/camda_amr_2025/processed/assemblies/train/SRR2072368.fasta,missing
training,SRR2072370,data/camda_amr_2025/processed/assemblies/train/SRR2072370.fasta,missing
training,SRR2072371,data/camda_amr_2025/processed/assemblies/train/SRR2072371.fasta,missing
training,SRR2072372,data/camda_amr_2025/processed/assemblies/train/SRR2072372.fasta,missing
training,SRR2072373,data/camda_amr_2025/processed/assemblies/train/SRR2072373.fasta,missing
training,SRR2072374,data/camda_amr_2025/processed/assemblies/train/SRR2072374.fasta,missing
training,SRR2072377,data/camda_amr_2025/processed/assemblies/train/SRR2072377.fasta,missing
training,SRR2072380,data/camda_amr_2025/processed/assemblies/train/SRR2072380.fasta,missing
training,SRR2072381,data/camda_amr_2025/processed/assemblies/train/SRR2072381.fasta,missing
training,SRR2075860,data/camda_amr_2025/processed/assemblies/train/SRR2075860.fasta,missing
training,SRR2075876,data/camda_amr_2025/processed/assemblies/train/SRR2075876.fasta,missing
training,SRR2075877,data/camda_amr_2025/processed/assemblies/train/SRR2075877.fasta,missing
training,SRR2075880,data/camda_amr_2025/processed/assemblies/train/SRR2075880.fasta,missing
training,SRR2075882,data/camda_amr_2025/processed/assemblies/train/SRR2075882.fasta,missing
training,SRR2075884,data/camda_amr_2025/processed/assemblies/train/SRR2075884.fasta,missing
training,SRR2075885,data/camda_amr_2025/processed/assemblies/train/SRR2075885.fasta,missing
training,SRR2075887,data/camda_amr_2025/processed/assemblies/train/SRR2075887.fasta,missing
training,SRR2075890,data/camda_amr_2025/processed/assemblies/train/SRR2075890.fasta,missing
training,SRR2075893,data/camda_amr_2025/processed/assemblies/train/SRR2075893.fasta,missing
training,SRR2075896,data/camda_amr_2025/processed/assemblies/train/SRR2075896.fasta,missing
training,SRR2075897,data/camda_amr_2025/processed/assemblies/train/SRR2075897.fasta,missing
training,SRR2075898,data/camda_amr_2025/processed/assemblies/train/SRR2075898.fasta,missing
training,SRR2075899,data/camda_amr_2025/processed/assemblies/train/SRR2075899.fasta,missing
training,SRR2075900,data/camda_amr_2025/processed/assemblies/train/SRR2075900.fasta,missing
training,SRR2075902,data/camda_amr_2025/processed/assemblies/train/SRR2075902.fasta,missing
training,SRR2075903,data/camda_amr_2025/processed/assemblies/train/SRR2075903.fasta,missing
training,SRR2075906,data/camda_amr_2025/processed/assemblies/train/SRR2075906.fasta,missing
training,SRR2075907,data/camda_amr_2025/processed/assemblies/train/SRR2075907.fasta,missing
training,SRR2075948,data/camda_amr_2025/processed/assemblies/train/SRR2075948.fasta,missing
training,SRR2075950,data/camda_amr_2025/processed/assemblies/train/SRR2075950.fasta,missing
training,SRR2075951,data/camda_amr_2025/processed/assemblies/train/SRR2075951.fasta,missing
training,SRR2076740,data/camda_amr_2025/processed/assemblies/train/SRR2076740.fasta,missing
training,SRR2082955,data/camda_amr_2025/processed/assemblies/train/SRR2082955.fasta,missing
training,SRR2101499,data/camda_amr_2025/processed/assemblies/train/SRR2101499.fasta,missing
training,SRR2102393,data/camda_amr_2025/processed/assemblies/train/SRR2102393.fasta,missing
training,SRR2102423,data/camda_amr_2025/processed/assemblies/train/SRR2102423.fasta,missing
training,SRR2125022,data/camda_amr_2025/processed/assemblies/train/SRR2125022.fasta,missing
training,SRR2131386,data/camda_amr_2025/processed/assemblies/train/SRR2131386.fasta,missing
training,SRR2134674,data/camda_amr_2025/processed/assemblies/train/SRR2134674.fasta,missing
training,SRR2134675,data/camda_amr_2025/processed/assemblies/train/SRR2134675.fasta,missing
training,SRR2134679,data/camda_amr_2025/processed/assemblies/train/SRR2134679.fasta,missing
training,SRR2134680,data/camda_amr_2025/processed/assemblies/train/SRR2134680.fasta,missing
training,SRR2143425,data/camda_amr_2025/processed/assemblies/train/SRR2143425.fasta,missing
training,SRR2143474,data/camda_amr_2025/processed/assemblies/train/SRR2143474.fasta,missing
training,SRR2143475,data/camda_amr_2025/processed/assemblies/train/SRR2143475.fasta,missing
training,SRR2156584,data/camda_amr_2025/processed/assemblies/train/SRR2156584.fasta,missing
training,SRR2226943,data/camda_amr_2025/processed/assemblies/train/SRR2226943.fasta,missing
training,SRR2226944,data/camda_amr_2025/processed/assemblies/train/SRR2226944.fasta,missing
training,SRR2239575,data/camda_amr_2025/processed/assemblies/train/SRR2239575.fasta,missing
training,SRR2239576,data/camda_amr_2025/processed/assemblies/train/SRR2239576.fasta,missing
training,SRR2239577,data/camda_amr_2025/processed/assemblies/train/SRR2239577.fasta,missing
training,SRR2239578,data/camda_amr_2025/processed/assemblies/train/SRR2239578.fasta,missing
training,SRR2239579,data/camda_amr_2025/processed/assemblies/train/SRR2239579.fasta,missing
training,SRR2239580,data/camda_amr_2025/processed/assemblies/train/SRR2239580.fasta,missing
training,SRR2239581,data/camda_amr_2025/processed/assemblies/train/SRR2239581.fasta,missing
training,SRR2239582,data/camda_amr_2025/processed/assemblies/train/SRR2239582.fasta,missing
training,SRR2239583,data/camda_amr_2025/processed/assemblies/train/SRR2239583.fasta,missing
training,SRR2239584,data/camda_amr_2025/processed/assemblies/train/SRR2239584.fasta,missing
training,SRR2239585,data/camda_amr_2025/processed/assemblies/train/SRR2239585.fasta,missing
training,SRR2239586,data/camda_amr_2025/processed/assemblies/train/SRR2239586.fasta,missing
training,SRR2239587,data/camda_amr_2025/processed/assemblies/train/SRR2239587.fasta,missing
training,SRR2239588,data/camda_amr_2025/processed/assemblies/train/SRR2239588.fasta,missing
training,SRR2239589,data/camda_amr_2025/processed/assemblies/train/SRR2239589.fasta,missing
training,SRR2239590,data/camda_amr_2025/processed/assemblies/train/SRR2239590.fasta,missing
training,SRR2239591,data/camda_amr_2025/processed/assemblies/train/SRR2239591.fasta,missing
training,SRR2239592,data/camda_amr_2025/processed/assemblies/train/SRR2239592.fasta,missing
training,SRR2239593,data/camda_amr_2025/processed/assemblies/train/SRR2239593.fasta,missing
training,SRR2239594,data/camda_amr_2025/processed/assemblies/train/SRR2239594.fasta,missing
training,SRR2239595,data/camda_amr_2025/processed/assemblies/train/SRR2239595.fasta,missing
training,SRR2239596,data/camda_amr_2025/processed/assemblies/train/SRR2239596.fasta,missing
training,SRR2239597,data/camda_amr_2025/processed/assemblies/train/SRR2239597.fasta,missing
training,SRR2239598,data/camda_amr_2025/processed/assemblies/train/SRR2239598.fasta,missing
training,SRR2239599,data/camda_amr_2025/processed/assemblies/train/SRR2239599.fasta,missing
training,SRR2239600,data/camda_amr_2025/processed/assemblies/train/SRR2239600.fasta,missing
training,SRR2239601,data/camda_amr_2025/processed/assemblies/train/SRR2239601.fasta,missing
training,SRR2239602,data/camda_amr_2025/processed/assemblies/train/SRR2239602.fasta,missing
training,SRR2239603,data/camda_amr_2025/processed/assemblies/train/SRR2239603.fasta,missing
training,SRR2239604,data/camda_amr_2025/processed/assemblies/train/SRR2239604.fasta,missing
training,SRR2239605,data/camda_amr_2025/processed/assemblies/train/SRR2239605.fasta,missing
training,SRR2239606,data/camda_amr_2025/processed/assemblies/train/SRR2239606.fasta,missing
training,SRR2239607,data/camda_amr_2025/processed/assemblies/train/SRR2239607.fasta,missing
training,SRR2239608,data/camda_amr_2025/processed/assemblies/train/SRR2239608.fasta,missing
training,SRR2239609,data/camda_amr_2025/processed/assemblies/train/SRR2239609.fasta,missing
training,SRR2239610,data/camda_amr_2025/processed/assemblies/train/SRR2239610.fasta,missing
training,SRR2239611,data/camda_amr_2025/processed/assemblies/train/SRR2239611.fasta,missing
training,SRR2239612,data/camda_amr_2025/processed/assemblies/train/SRR2239612.fasta,missing
training,SRR2239613,data/camda_amr_2025/processed/assemblies/train/SRR2239613.fasta,missing
training,SRR2239614,data/camda_amr_2025/processed/assemblies/train/SRR2239614.fasta,missing
training,SRR2239615,data/camda_amr_2025/processed/assemblies/train/SRR2239615.fasta,missing
training,SRR2239616,data/camda_amr_2025/processed/assemblies/train/SRR2239616.fasta,missing
training,SRR2239617,data/camda_amr_2025/processed/assemblies/train/SRR2239617.fasta,missing
training,SRR2239618,data/camda_amr_2025/processed/assemblies/train/SRR2239618.fasta,missing
training,SRR2239619,data/camda_amr_2025/processed/assemblies/train/SRR2239619.fasta,missing
training,SRR2239620,data/camda_amr_2025/processed/assemblies/train/SRR2239620.fasta,missing
training,SRR2239621,data/camda_amr_2025/processed/assemblies/train/SRR2239621.fasta,missing
training,SRR2239622,data/camda_amr_2025/processed/assemblies/train/SRR2239622.fasta,missing
training,SRR2239623,data/camda_amr_2025/processed/assemblies/train/SRR2239623.fasta,missing
training,SRR2239624,data/camda_amr_2025/processed/assemblies/train/SRR2239624.fasta,missing
training,SRR2239625,data/camda_amr_2025/processed/assemblies/train/SRR2239625.fasta,missing
training,SRR2239626,data/camda_amr_2025/processed/assemblies/train/SRR2239626.fasta,missing
training,SRR2239627,data/camda_amr_2025/processed/assemblies/train/SRR2239627.fasta,missing
training,SRR2239628,data/camda_amr_2025/processed/assemblies/train/SRR2239628.fasta,missing
training,SRR2239629,data/camda_amr_2025/processed/assemblies/train/SRR2239629.fasta,missing
training,SRR2239630,data/camda_amr_2025/processed/assemblies/train/SRR2239630.fasta,missing
training,SRR2239631,data/camda_amr_2025/processed/assemblies/train/SRR2239631.fasta,missing
training,SRR2239632,data/camda_amr_2025/processed/assemblies/train/SRR2239632.fasta,missing
training,SRR2239633,data/camda_amr_2025/processed/assemblies/train/SRR2239633.fasta,missing
training,SRR2239634,data/camda_amr_2025/processed/assemblies/train/SRR2239634.fasta,missing
training,SRR2239635,data/camda_amr_2025/processed/assemblies/train/SRR2239635.fasta,missing
training,SRR2239636,data/camda_amr_2025/processed/assemblies/train/SRR2239636.fasta,missing
training,SRR2239637,data/camda_amr_2025/processed/assemblies/train/SRR2239637.fasta,missing
training,SRR2239638,data/camda_amr_2025/processed/assemblies/train/SRR2239638.fasta,missing
training,SRR2239639,data/camda_amr_2025/processed/assemblies/train/SRR2239639.fasta,missing
training,SRR2239640,data/camda_amr_2025/processed/assemblies/train/SRR2239640.fasta,missing
training,SRR2239641,data/camda_amr_2025/processed/assemblies/train/SRR2239641.fasta,missing
training,SRR2239642,data/camda_amr_2025/processed/assemblies/train/SRR2239642.fasta,missing
training,SRR2239643,data/camda_amr_2025/processed/assemblies/train/SRR2239643.fasta,missing
training,SRR2239644,data/camda_amr_2025/processed/assemblies/train/SRR2239644.fasta,missing
training,SRR2239645,data/camda_amr_2025/processed/assemblies/train/SRR2239645.fasta,missing
training,SRR2239646,data/camda_amr_2025/processed/assemblies/train/SRR2239646.fasta,missing
training,SRR2239647,data/camda_amr_2025/processed/assemblies/train/SRR2239647.fasta,missing
training,SRR2239648,data/camda_amr_2025/processed/assemblies/train/SRR2239648.fasta,missing
training,SRR2239649,data/camda_amr_2025/processed/assemblies/train/SRR2239649.fasta,missing
training,SRR2239650,data/camda_amr_2025/processed/assemblies/train/SRR2239650.fasta,missing
training,SRR2299415,data/camda_amr_2025/processed/assemblies/train/SRR2299415.fasta,missing
training,SRR2407533,data/camda_amr_2025/processed/assemblies/train/SRR2407533.fasta,missing
training,SRR2407549,data/camda_amr_2025/processed/assemblies/train/SRR2407549.fasta,missing
training,SRR2407560,data/camda_amr_2025/processed/assemblies/train/SRR2407560.fasta,missing
training,SRR2407568,data/camda_amr_2025/processed/assemblies/train/SRR2407568.fasta,missing
training,SRR2407585,data/camda_amr_2025/processed/assemblies/train/SRR2407585.fasta,missing
training,SRR2407588,data/camda_amr_2025/processed/assemblies/train/SRR2407588.fasta,missing
training,SRR2407589,data/camda_amr_2025/processed/assemblies/train/SRR2407589.fasta,missing
training,SRR2407598,data/camda_amr_2025/processed/assemblies/train/SRR2407598.fasta,missing
training,SRR2407600,data/camda_amr_2025/processed/assemblies/train/SRR2407600.fasta,missing
training,SRR2407601,data/camda_amr_2025/processed/assemblies/train/SRR2407601.fasta,missing
training,SRR2407605,data/camda_amr_2025/processed/assemblies/train/SRR2407605.fasta,missing
training,SRR2407616,data/camda_amr_2025/processed/assemblies/train/SRR2407616.fasta,missing
training,SRR2407628,data/camda_amr_2025/processed/assemblies/train/SRR2407628.fasta,missing
training,SRR2407629,data/camda_amr_2025/processed/assemblies/train/SRR2407629.fasta,missing
training,SRR2407632,data/camda_amr_2025/processed/assemblies/train/SRR2407632.fasta,missing
training,SRR2407645,data/camda_amr_2025/processed/assemblies/train/SRR2407645.fasta,missing
training,SRR2407646,data/camda_amr_2025/processed/assemblies/train/SRR2407646.fasta,missing
training,SRR2407648,data/camda_amr_2025/processed/assemblies/train/SRR2407648.fasta,missing
training,SRR2407654,data/camda_amr_2025/processed/assemblies/train/SRR2407654.fasta,missing
training,SRR2407656,data/camda_amr_2025/processed/assemblies/train/SRR2407656.fasta,missing
training,SRR2407661,data/camda_amr_2025/processed/assemblies/train/SRR2407661.fasta,missing
training,SRR2407681,data/camda_amr_2025/processed/assemblies/train/SRR2407681.fasta,missing
training,SRR2407707,data/camda_amr_2025/processed/assemblies/train/SRR2407707.fasta,missing
training,SRR2407715,data/camda_amr_2025/processed/assemblies/train/SRR2407715.fasta,missing
training,SRR2407716,data/camda_amr_2025/processed/assemblies/train/SRR2407716.fasta,missing
training,SRR2407719,data/camda_amr_2025/processed/assemblies/train/SRR2407719.fasta,missing
training,SRR2407720,data/camda_amr_2025/processed/assemblies/train/SRR2407720.fasta,missing
training,SRR2407725,data/camda_amr_2025/processed/assemblies/train/SRR2407725.fasta,missing
training,SRR2407727,data/camda_amr_2025/processed/assemblies/train/SRR2407727.fasta,missing
training,SRR2407731,data/camda_amr_2025/processed/assemblies/train/SRR2407731.fasta,missing
training,SRR2407735,data/camda_amr_2025/processed/assemblies/train/SRR2407735.fasta,missing
training,SRR2407736,data/camda_amr_2025/processed/assemblies/train/SRR2407736.fasta,missing
training,SRR2407737,data/camda_amr_2025/processed/assemblies/train/SRR2407737.fasta,missing
training,SRR2407744,data/camda_amr_2025/processed/assemblies/train/SRR2407744.fasta,missing
training,SRR2407748,data/camda_amr_2025/processed/assemblies/train/SRR2407748.fasta,missing
training,SRR2407756,data/camda_amr_2025/processed/assemblies/train/SRR2407756.fasta,missing
training,SRR2407757,data/camda_amr_2025/processed/assemblies/train/SRR2407757.fasta,missing
training,SRR2407762,data/camda_amr_2025/processed/assemblies/train/SRR2407762.fasta,missing
training,SRR2407764,data/camda_amr_2025/processed/assemblies/train/SRR2407764.fasta,missing
training,SRR2407766,data/camda_amr_2025/processed/assemblies/train/SRR2407766.fasta,missing
training,SRR2407768,data/camda_amr_2025/processed/assemblies/train/SRR2407768.fasta,missing
training,SRR2407778,data/camda_amr_2025/processed/assemblies/train/SRR2407778.fasta,missing
training,SRR2407782,data/camda_amr_2025/processed/assemblies/train/SRR2407782.fasta,missing
training,SRR2407787,data/camda_amr_2025/processed/assemblies/train/SRR2407787.fasta,missing
training,SRR2407789,data/camda_amr_2025/processed/assemblies/train/SRR2407789.fasta,missing
training,SRR2407795,data/camda_amr_2025/processed/assemblies/train/SRR2407795.fasta,missing
training,SRR2449036,data/camda_amr_2025/processed/assemblies/train/SRR2449036.fasta,missing
training,SRR2449085,data/camda_amr_2025/processed/assemblies/train/SRR2449085.fasta,missing
training,SRR2449109,data/camda_amr_2025/processed/assemblies/train/SRR2449109.fasta,missing
training,SRR2449140,data/camda_amr_2025/processed/assemblies/train/SRR2449140.fasta,missing
training,SRR2449141,data/camda_amr_2025/processed/assemblies/train/SRR2449141.fasta,missing
training,SRR2449142,data/camda_amr_2025/processed/assemblies/train/SRR2449142.fasta,missing
training,SRR2449143,data/camda_amr_2025/processed/assemblies/train/SRR2449143.fasta,missing
training,SRR2449168,data/camda_amr_2025/processed/assemblies/train/SRR2449168.fasta,missing
training,SRR2449204,data/camda_amr_2025/processed/assemblies/train/SRR2449204.fasta,missing
training,SRR2449248,data/camda_amr_2025/processed/assemblies/train/SRR2449248.fasta,missing
training,SRR2449251,data/camda_amr_2025/processed/assemblies/train/SRR2449251.fasta,missing
training,SRR2449253,data/camda_amr_2025/processed/assemblies/train/SRR2449253.fasta,missing
training,SRR2449254,data/camda_amr_2025/processed/assemblies/train/SRR2449254.fasta,missing
training,SRR2532631,data/camda_amr_2025/processed/assemblies/train/SRR2532631.fasta,missing
training,SRR2532635,data/camda_amr_2025/processed/assemblies/train/SRR2532635.fasta,missing
training,SRR2532788,data/camda_amr_2025/processed/assemblies/train/SRR2532788.fasta,missing
training,SRR2532791,data/camda_amr_2025/processed/assemblies/train/SRR2532791.fasta,missing
training,SRR2533321,data/camda_amr_2025/processed/assemblies/train/SRR2533321.fasta,missing
training,SRR2533323,data/camda_amr_2025/processed/assemblies/train/SRR2533323.fasta,missing
training,SRR2533324,data/camda_amr_2025/processed/assemblies/train/SRR2533324.fasta,missing
training,SRR2533328,data/camda_amr_2025/processed/assemblies/train/SRR2533328.fasta,missing
training,SRR2533333,data/camda_amr_2025/processed/assemblies/train/SRR2533333.fasta,missing
training,SRR2533342,data/camda_amr_2025/processed/assemblies/train/SRR2533342.fasta,missing
training,SRR2533345,data/camda_amr_2025/processed/assemblies/train/SRR2533345.fasta,missing
training,SRR2533346,data/camda_amr_2025/processed/assemblies/train/SRR2533346.fasta,missing
training,SRR2533348,data/camda_amr_2025/processed/assemblies/train/SRR2533348.fasta,missing
training,SRR2533383,data/camda_amr_2025/processed/assemblies/train/SRR2533383.fasta,missing
training,SRR2533437,data/camda_amr_2025/processed/assemblies/train/SRR2533437.fasta,missing
training,SRR2533446,data/camda_amr_2025/processed/assemblies/train/SRR2533446.fasta,missing
training,SRR2533452,data/camda_amr_2025/processed/assemblies/train/SRR2533452.fasta,missing
training,SRR2533454,data/camda_amr_2025/processed/assemblies/train/SRR2533454.fasta,missing
training,SRR2533458,data/camda_amr_2025/processed/assemblies/train/SRR2533458.fasta,missing
training,SRR2533460,data/camda_amr_2025/processed/assemblies/train/SRR2533460.fasta,missing
training,SRR2533476,data/camda_amr_2025/processed/assemblies/train/SRR2533476.fasta,missing
training,SRR2533544,data/camda_amr_2025/processed/assemblies/train/SRR2533544.fasta,missing
training,SRR2544769,data/camda_amr_2025/processed/assemblies/train/SRR2544769.fasta,missing
training,SRR2544770,data/camda_amr_2025/processed/assemblies/train/SRR2544770.fasta,missing
training,SRR2544771,data/camda_amr_2025/processed/assemblies/train/SRR2544771.fasta,missing
training,SRR2544772,data/camda_amr_2025/processed/assemblies/train/SRR2544772.fasta,missing
training,SRR2544773,data/camda_amr_2025/processed/assemblies/train/SRR2544773.fasta,missing
training,SRR2544774,data/camda_amr_2025/processed/assemblies/train/SRR2544774.fasta,missing
training,SRR2544775,data/camda_amr_2025/processed/assemblies/train/SRR2544775.fasta,missing
training,SRR2544776,data/camda_amr_2025/processed/assemblies/train/SRR2544776.fasta,missing
training,SRR2544777,data/camda_amr_2025/processed/assemblies/train/SRR2544777.fasta,missing
training,SRR2544778,data/camda_amr_2025/processed/assemblies/train/SRR2544778.fasta,missing
training,SRR2544779,data/camda_amr_2025/processed/assemblies/train/SRR2544779.fasta,missing
training,SRR2544785,data/camda_amr_2025/processed/assemblies/train/SRR2544785.fasta,missing
training,SRR2566858,data/camda_amr_2025/processed/assemblies/train/SRR2566858.fasta,missing
training,SRR2566864,data/camda_amr_2025/processed/assemblies/train/SRR2566864.fasta,missing
training,SRR2566865,data/camda_amr_2025/processed/assemblies/train/SRR2566865.fasta,missing
training,SRR2566872,data/camda_amr_2025/processed/assemblies/train/SRR2566872.fasta,missing
training,SRR2566876,data/camda_amr_2025/processed/assemblies/train/SRR2566876.fasta,missing
training,SRR2566877,data/camda_amr_2025/processed/assemblies/train/SRR2566877.fasta,missing
training,SRR2566882,data/camda_amr_2025/processed/assemblies/train/SRR2566882.fasta,missing
training,SRR2566885,data/camda_amr_2025/processed/assemblies/train/SRR2566885.fasta,missing
training,SRR2566889,data/camda_amr_2025/processed/assemblies/train/SRR2566889.fasta,missing
training,SRR2566891,data/camda_amr_2025/processed/assemblies/train/SRR2566891.fasta,missing
training,SRR2566892,data/camda_amr_2025/processed/assemblies/train/SRR2566892.fasta,missing
training,SRR2566905,data/camda_amr_2025/processed/assemblies/train/SRR2566905.fasta,missing
training,SRR2566907,data/camda_amr_2025/processed/assemblies/train/SRR2566907.fasta,missing
training,SRR2566915,data/camda_amr_2025/processed/assemblies/train/SRR2566915.fasta,missing
training,SRR2566923,data/camda_amr_2025/processed/assemblies/train/SRR2566923.fasta,missing
training,SRR2566925,data/camda_amr_2025/processed/assemblies/train/SRR2566925.fasta,missing
training,SRR2566926,data/camda_amr_2025/processed/assemblies/train/SRR2566926.fasta,missing
training,SRR2566929,data/camda_amr_2025/processed/assemblies/train/SRR2566929.fasta,missing
training,SRR2566933,data/camda_amr_2025/processed/assemblies/train/SRR2566933.fasta,missing
training,SRR2566938,data/camda_amr_2025/processed/assemblies/train/SRR2566938.fasta,missing
training,SRR2566941,data/camda_amr_2025/processed/assemblies/train/SRR2566941.fasta,missing
training,SRR2566946,data/camda_amr_2025/processed/assemblies/train/SRR2566946.fasta,missing
training,SRR2566948,data/camda_amr_2025/processed/assemblies/train/SRR2566948.fasta,missing
training,SRR2566956,data/camda_amr_2025/processed/assemblies/train/SRR2566956.fasta,missing
training,SRR2566958,data/camda_amr_2025/processed/assemblies/train/SRR2566958.fasta,missing
training,SRR2566962,data/camda_amr_2025/processed/assemblies/train/SRR2566962.fasta,missing
training,SRR2566966,data/camda_amr_2025/processed/assemblies/train/SRR2566966.fasta,missing
training,SRR2566979,data/camda_amr_2025/processed/assemblies/train/SRR2566979.fasta,missing
training,SRR2566980,data/camda_amr_2025/processed/assemblies/train/SRR2566980.fasta,missing
training,SRR2566981,data/camda_amr_2025/processed/assemblies/train/SRR2566981.fasta,missing
training,SRR2566982,data/camda_amr_2025/processed/assemblies/train/SRR2566982.fasta,missing
training,SRR2566984,data/camda_amr_2025/processed/assemblies/train/SRR2566984.fasta,missing
training,SRR2566985,data/camda_amr_2025/processed/assemblies/train/SRR2566985.fasta,missing
training,SRR2566987,data/camda_amr_2025/processed/assemblies/train/SRR2566987.fasta,missing
training,SRR2566989,data/camda_amr_2025/processed/assemblies/train/SRR2566989.fasta,missing
training,SRR2566992,data/camda_amr_2025/processed/assemblies/train/SRR2566992.fasta,missing
training,SRR2566993,data/camda_amr_2025/processed/assemblies/train/SRR2566993.fasta,missing
training,SRR2566994,data/camda_amr_2025/processed/assemblies/train/SRR2566994.fasta,missing
training,SRR2567000,data/camda_amr_2025/processed/assemblies/train/SRR2567000.fasta,missing
training,SRR2567001,data/camda_amr_2025/processed/assemblies/train/SRR2567001.fasta,missing
training,SRR2567004,data/camda_amr_2025/processed/assemblies/train/SRR2567004.fasta,missing
training,SRR2567008,data/camda_amr_2025/processed/assemblies/train/SRR2567008.fasta,missing
training,SRR2567010,data/camda_amr_2025/processed/assemblies/train/SRR2567010.fasta,missing
training,SRR2567014,data/camda_amr_2025/processed/assemblies/train/SRR2567014.fasta,missing
training,SRR2567021,data/camda_amr_2025/processed/assemblies/train/SRR2567021.fasta,missing
training,SRR2567023,data/camda_amr_2025/processed/assemblies/train/SRR2567023.fasta,missing
training,SRR2567026,data/camda_amr_2025/processed/assemblies/train/SRR2567026.fasta,missing
training,SRR2567027,data/camda_amr_2025/processed/assemblies/train/SRR2567027.fasta,missing
training,SRR2567028,data/camda_amr_2025/processed/assemblies/train/SRR2567028.fasta,missing
training,SRR2567032,data/camda_amr_2025/processed/assemblies/train/SRR2567032.fasta,missing
training,SRR2567036,data/camda_amr_2025/processed/assemblies/train/SRR2567036.fasta,missing
training,SRR2567040,data/camda_amr_2025/processed/assemblies/train/SRR2567040.fasta,missing
training,SRR2567041,data/camda_amr_2025/processed/assemblies/train/SRR2567041.fasta,missing
training,SRR2567045,data/camda_amr_2025/processed/assemblies/train/SRR2567045.fasta,missing
training,SRR2567047,data/camda_amr_2025/processed/assemblies/train/SRR2567047.fasta,missing
training,SRR2567051,data/camda_amr_2025/processed/assemblies/train/SRR2567051.fasta,missing
training,SRR2567056,data/camda_amr_2025/processed/assemblies/train/SRR2567056.fasta,missing
training,SRR2567057,data/camda_amr_2025/processed/assemblies/train/SRR2567057.fasta,missing
training,SRR2567058,data/camda_amr_2025/processed/assemblies/train/SRR2567058.fasta,missing
training,SRR2567059,data/camda_amr_2025/processed/assemblies/train/SRR2567059.fasta,missing
training,SRR2567062,data/camda_amr_2025/processed/assemblies/train/SRR2567062.fasta,missing
training,SRR2567064,data/camda_amr_2025/processed/assemblies/train/SRR2567064.fasta,missing
training,SRR2567067,data/camda_amr_2025/processed/assemblies/train/SRR2567067.fasta,missing
training,SRR2567068,data/camda_amr_2025/processed/assemblies/train/SRR2567068.fasta,missing
training,SRR2567072,data/camda_amr_2025/processed/assemblies/train/SRR2567072.fasta,missing
training,SRR2567077,data/camda_amr_2025/processed/assemblies/train/SRR2567077.fasta,missing
training,SRR2567079,data/camda_amr_2025/processed/assemblies/train/SRR2567079.fasta,missing
training,SRR2567083,data/camda_amr_2025/processed/assemblies/train/SRR2567083.fasta,missing
training,SRR2567085,data/camda_amr_2025/processed/assemblies/train/SRR2567085.fasta,missing
training,SRR2567088,data/camda_amr_2025/processed/assemblies/train/SRR2567088.fasta,missing
training,SRR2567094,data/camda_amr_2025/processed/assemblies/train/SRR2567094.fasta,missing
training,SRR2567113,data/camda_amr_2025/processed/assemblies/train/SRR2567113.fasta,missing
training,SRR2567125,data/camda_amr_2025/processed/assemblies/train/SRR2567125.fasta,missing
training,SRR2567132,data/camda_amr_2025/processed/assemblies/train/SRR2567132.fasta,missing
training,SRR2567137,data/camda_amr_2025/processed/assemblies/train/SRR2567137.fasta,missing
training,SRR2567144,data/camda_amr_2025/processed/assemblies/train/SRR2567144.fasta,missing
training,SRR2567148,data/camda_amr_2025/processed/assemblies/train/SRR2567148.fasta,missing
training,SRR2567151,data/camda_amr_2025/processed/assemblies/train/SRR2567151.fasta,missing
training,SRR2567164,data/camda_amr_2025/processed/assemblies/train/SRR2567164.fasta,missing
training,SRR2567167,data/camda_amr_2025/processed/assemblies/train/SRR2567167.fasta,missing
training,SRR2567172,data/camda_amr_2025/processed/assemblies/train/SRR2567172.fasta,missing
training,SRR2567174,data/camda_amr_2025/processed/assemblies/train/SRR2567174.fasta,missing
training,SRR2567177,data/camda_amr_2025/processed/assemblies/train/SRR2567177.fasta,missing
training,SRR2567178,data/camda_amr_2025/processed/assemblies/train/SRR2567178.fasta,missing
training,SRR2567183,data/camda_amr_2025/processed/assemblies/train/SRR2567183.fasta,missing
training,SRR2567185,data/camda_amr_2025/processed/assemblies/train/SRR2567185.fasta,missing
training,SRR2567193,data/camda_amr_2025/processed/assemblies/train/SRR2567193.fasta,missing
training,SRR2567196,data/camda_amr_2025/processed/assemblies/train/SRR2567196.fasta,missing
training,SRR2567205,data/camda_amr_2025/processed/assemblies/train/SRR2567205.fasta,missing
training,SRR2567206,data/camda_amr_2025/processed/assemblies/train/SRR2567206.fasta,missing
training,SRR2567209,data/camda_amr_2025/processed/assemblies/train/SRR2567209.fasta,missing
training,SRR2583954,data/camda_amr_2025/processed/assemblies/train/SRR2583954.fasta,missing
training,SRR2583959,data/camda_amr_2025/processed/assemblies/train/SRR2583959.fasta,missing
training,SRR2583961,data/camda_amr_2025/processed/assemblies/train/SRR2583961.fasta,missing
training,SRR2638018,data/camda_amr_2025/processed/assemblies/train/SRR2638018.fasta,missing
training,SRR2648195,data/camda_amr_2025/processed/assemblies/train/SRR2648195.fasta,missing
training,SRR2648751,data/camda_amr_2025/processed/assemblies/train/SRR2648751.fasta,missing
training,SRR2669161,data/camda_amr_2025/processed/assemblies/train/SRR2669161.fasta,missing
training,SRR2670695,data/camda_amr_2025/processed/assemblies/train/SRR2670695.fasta,missing
training,SRR2670707,data/camda_amr_2025/processed/assemblies/train/SRR2670707.fasta,missing
training,SRR2670712,data/camda_amr_2025/processed/assemblies/train/SRR2670712.fasta,missing
training,SRR2724060,data/camda_amr_2025/processed/assemblies/train/SRR2724060.fasta,missing
training,SRR2724061,data/camda_amr_2025/processed/assemblies/train/SRR2724061.fasta,missing
training,SRR2829314,data/camda_amr_2025/processed/assemblies/train/SRR2829314.fasta,missing
training,SRR2889978,data/camda_amr_2025/processed/assemblies/train/SRR2889978.fasta,missing
training,SRR2889980,data/camda_amr_2025/processed/assemblies/train/SRR2889980.fasta,missing
training,SRR2911724,data/camda_amr_2025/processed/assemblies/train/SRR2911724.fasta,missing
training,SRR2911726,data/camda_amr_2025/processed/assemblies/train/SRR2911726.fasta,missing
training,SRR2911739,data/camda_amr_2025/processed/assemblies/train/SRR2911739.fasta,missing
training,SRR2912654,data/camda_amr_2025/processed/assemblies/train/SRR2912654.fasta,missing
training,SRR2916634,data/camda_amr_2025/processed/assemblies/train/SRR2916634.fasta,missing
training,SRR2916635,data/camda_amr_2025/processed/assemblies/train/SRR2916635.fasta,missing
training,SRR2916656,data/camda_amr_2025/processed/assemblies/train/SRR2916656.fasta,missing
training,SRR2917935,data/camda_amr_2025/processed/assemblies/train/SRR2917935.fasta,missing
training,SRR2919947,data/camda_amr_2025/processed/assemblies/train/SRR2919947.fasta,missing
training,SRR2920118,data/camda_amr_2025/processed/assemblies/train/SRR2920118.fasta,missing
training,SRR2927303,data/camda_amr_2025/processed/assemblies/train/SRR2927303.fasta,missing
training,SRR2927304,data/camda_amr_2025/processed/assemblies/train/SRR2927304.fasta,missing
training,SRR2927305,data/camda_amr_2025/processed/assemblies/train/SRR2927305.fasta,missing
training,SRR2927306,data/camda_amr_2025/processed/assemblies/train/SRR2927306.fasta,missing
training,SRR2927307,data/camda_amr_2025/processed/assemblies/train/SRR2927307.fasta,missing
training,SRR2927308,data/camda_amr_2025/processed/assemblies/train/SRR2927308.fasta,missing
training,SRR2962362,data/camda_amr_2025/processed/assemblies/train/SRR2962362.fasta,missing
training,SRR2962662,data/camda_amr_2025/processed/assemblies/train/SRR2962662.fasta,missing
training,SRR2962888,data/camda_amr_2025/processed/assemblies/train/SRR2962888.fasta,missing
training,SRR2973701,data/camda_amr_2025/processed/assemblies/train/SRR2973701.fasta,missing
training,SRR2973702,data/camda_amr_2025/processed/assemblies/train/SRR2973702.fasta,missing
training,SRR2973708,data/camda_amr_2025/processed/assemblies/train/SRR2973708.fasta,missing
training,SRR2973754,data/camda_amr_2025/processed/assemblies/train/SRR2973754.fasta,missing
training,SRR2976831,data/camda_amr_2025/processed/assemblies/train/SRR2976831.fasta,missing
training,SRR2976832,data/camda_amr_2025/processed/assemblies/train/SRR2976832.fasta,missing
training,SRR2976833,data/camda_amr_2025/processed/assemblies/train/SRR2976833.fasta,missing
training,SRR2976834,data/camda_amr_2025/processed/assemblies/train/SRR2976834.fasta,missing
training,SRR2976835,data/camda_amr_2025/processed/assemblies/train/SRR2976835.fasta,missing
training,SRR2976836,data/camda_amr_2025/processed/assemblies/train/SRR2976836.fasta,missing
training,SRR2982345,data/camda_amr_2025/processed/assemblies/train/SRR2982345.fasta,missing
training,SRR2982350,data/camda_amr_2025/processed/assemblies/train/SRR2982350.fasta,missing
training,SRR2993932,data/camda_amr_2025/processed/assemblies/train/SRR2993932.fasta,missing
training,SRR2993935,data/camda_amr_2025/processed/assemblies/train/SRR2993935.fasta,missing
training,SRR3033302,data/camda_amr_2025/processed/assemblies/train/SRR3033302.fasta,missing
training,SRR3038514,data/camda_amr_2025/processed/assemblies/train/SRR3038514.fasta,missing
training,SRR3052027,data/camda_amr_2025/processed/assemblies/train/SRR3052027.fasta,missing
training,SRR3055294,data/camda_amr_2025/processed/assemblies/train/SRR3055294.fasta,missing
training,SRR3056893,data/camda_amr_2025/processed/assemblies/train/SRR3056893.fasta,missing
training,SRR3056894,data/camda_amr_2025/processed/assemblies/train/SRR3056894.fasta,missing
training,SRR3056908,data/camda_amr_2025/processed/assemblies/train/SRR3056908.fasta,missing
training,SRR3057118,data/camda_amr_2025/processed/assemblies/train/SRR3057118.fasta,missing
training,SRR3057119,data/camda_amr_2025/processed/assemblies/train/SRR3057119.fasta,missing
training,SRR3057120,data/camda_amr_2025/processed/assemblies/train/SRR3057120.fasta,missing
training,SRR3057121,data/camda_amr_2025/processed/assemblies/train/SRR3057121.fasta,missing
training,SRR3057122,data/camda_amr_2025/processed/assemblies/train/SRR3057122.fasta,missing
training,SRR3057123,data/camda_amr_2025/processed/assemblies/train/SRR3057123.fasta,missing
training,SRR3057124,data/camda_amr_2025/processed/assemblies/train/SRR3057124.fasta,missing
training,SRR3057125,data/camda_amr_2025/processed/assemblies/train/SRR3057125.fasta,missing
training,SRR3057126,data/camda_amr_2025/processed/assemblies/train/SRR3057126.fasta,missing
training,SRR3057131,data/camda_amr_2025/processed/assemblies/train/SRR3057131.fasta,missing
training,SRR3057133,data/camda_amr_2025/processed/assemblies/train/SRR3057133.fasta,missing
training,SRR3057134,data/camda_amr_2025/processed/assemblies/train/SRR3057134.fasta,missing
training,SRR3057135,data/camda_amr_2025/processed/assemblies/train/SRR3057135.fasta,missing
training,SRR3057227,data/camda_amr_2025/processed/assemblies/train/SRR3057227.fasta,missing
training,SRR3062665,data/camda_amr_2025/processed/assemblies/train/SRR3062665.fasta,missing
training,SRR3062669,data/camda_amr_2025/processed/assemblies/train/SRR3062669.fasta,missing
training,SRR307140,data/camda_amr_2025/processed/assemblies/train/SRR307140.fasta,missing
training,SRR307595,data/camda_amr_2025/processed/assemblies/train/SRR307595.fasta,missing
training,SRR307597,data/camda_amr_2025/processed/assemblies/train/SRR307597.fasta,missing
training,SRR307602,data/camda_amr_2025/processed/assemblies/train/SRR307602.fasta,missing
training,SRR307607,data/camda_amr_2025/processed/assemblies/train/SRR307607.fasta,missing
training,SRR307616,data/camda_amr_2025/processed/assemblies/train/SRR307616.fasta,missing
training,SRR307618,data/camda_amr_2025/processed/assemblies/train/SRR307618.fasta,missing
training,SRR307620,data/camda_amr_2025/processed/assemblies/train/SRR307620.fasta,missing
training,SRR307622,data/camda_amr_2025/processed/assemblies/train/SRR307622.fasta,missing
training,SRR3085525,data/camda_amr_2025/processed/assemblies/train/SRR3085525.fasta,missing
training,SRR3085620,data/camda_amr_2025/processed/assemblies/train/SRR3085620.fasta,missing
training,SRR3085621,data/camda_amr_2025/processed/assemblies/train/SRR3085621.fasta,missing
training,SRR308719,data/camda_amr_2025/processed/assemblies/train/SRR308719.fasta,missing
training,SRR3091334,data/camda_amr_2025/processed/assemblies/train/SRR3091334.fasta,missing
training,SRR3091342,data/camda_amr_2025/processed/assemblies/train/SRR3091342.fasta,missing
training,SRR3091348,data/camda_amr_2025/processed/assemblies/train/SRR3091348.fasta,missing
training,SRR3091418,data/camda_amr_2025/processed/assemblies/train/SRR3091418.fasta,missing
training,SRR3095378,data/camda_amr_2025/processed/assemblies/train/SRR3095378.fasta,missing
training,SRR3095379,data/camda_amr_2025/processed/assemblies/train/SRR3095379.fasta,missing
training,SRR3095380,data/camda_amr_2025/processed/assemblies/train/SRR3095380.fasta,missing
training,SRR3095381,data/camda_amr_2025/processed/assemblies/train/SRR3095381.fasta,missing
training,SRR3095382,data/camda_amr_2025/processed/assemblies/train/SRR3095382.fasta,missing
training,SRR3095384,data/camda_amr_2025/processed/assemblies/train/SRR3095384.fasta,missing
training,SRR3095385,data/camda_amr_2025/processed/assemblies/train/SRR3095385.fasta,missing
training,SRR3095387,data/camda_amr_2025/processed/assemblies/train/SRR3095387.fasta,missing
training,SRR3095388,data/camda_amr_2025/processed/assemblies/train/SRR3095388.fasta,missing
training,SRR3095389,data/camda_amr_2025/processed/assemblies/train/SRR3095389.fasta,missing
training,SRR3095391,data/camda_amr_2025/processed/assemblies/train/SRR3095391.fasta,missing
training,SRR3096028,data/camda_amr_2025/processed/assemblies/train/SRR3096028.fasta,missing
training,SRR3096080,data/camda_amr_2025/processed/assemblies/train/SRR3096080.fasta,missing
training,SRR3098266,data/camda_amr_2025/processed/assemblies/train/SRR3098266.fasta,missing
training,SRR3098270,data/camda_amr_2025/processed/assemblies/train/SRR3098270.fasta,missing
training,SRR3099653,data/camda_amr_2025/processed/assemblies/train/SRR3099653.fasta,missing
training,SRR3110299,data/camda_amr_2025/processed/assemblies/train/SRR3110299.fasta,missing
training,SRR3110475,data/camda_amr_2025/processed/assemblies/train/SRR3110475.fasta,missing
training,SRR3111262,data/camda_amr_2025/processed/assemblies/train/SRR3111262.fasta,missing
training,SRR3111268,data/camda_amr_2025/processed/assemblies/train/SRR3111268.fasta,missing
training,SRR3112206,data/camda_amr_2025/processed/assemblies/train/SRR3112206.fasta,missing
training,SRR3115200,data/camda_amr_2025/processed/assemblies/train/SRR3115200.fasta,missing
training,SRR3115221,data/camda_amr_2025/processed/assemblies/train/SRR3115221.fasta,missing
training,SRR3115231,data/camda_amr_2025/processed/assemblies/train/SRR3115231.fasta,missing
training,SRR3115236,data/camda_amr_2025/processed/assemblies/train/SRR3115236.fasta,missing
training,SRR3115237,data/camda_amr_2025/processed/assemblies/train/SRR3115237.fasta,missing
training,SRR3115243,data/camda_amr_2025/processed/assemblies/train/SRR3115243.fasta,missing
training,SRR3116161,data/camda_amr_2025/processed/assemblies/train/SRR3116161.fasta,missing
training,SRR3116163,data/camda_amr_2025/processed/assemblies/train/SRR3116163.fasta,missing
training,SRR3130307,data/camda_amr_2025/processed/assemblies/train/SRR3130307.fasta,missing
training,SRR3130308,data/camda_amr_2025/processed/assemblies/train/SRR3130308.fasta,missing
training,SRR3130309,data/camda_amr_2025/processed/assemblies/train/SRR3130309.fasta,missing
training,SRR3130311,data/camda_amr_2025/processed/assemblies/train/SRR3130311.fasta,missing
training,SRR3131127,data/camda_amr_2025/processed/assemblies/train/SRR3131127.fasta,missing
training,SRR3131130,data/camda_amr_2025/processed/assemblies/train/SRR3131130.fasta,missing
training,SRR3131131,data/camda_amr_2025/processed/assemblies/train/SRR3131131.fasta,missing
training,SRR3131144,data/camda_amr_2025/processed/assemblies/train/SRR3131144.fasta,missing
training,SRR3131146,data/camda_amr_2025/processed/assemblies/train/SRR3131146.fasta,missing
training,SRR3131148,data/camda_amr_2025/processed/assemblies/train/SRR3131148.fasta,missing
training,SRR3131149,data/camda_amr_2025/processed/assemblies/train/SRR3131149.fasta,missing
training,SRR3131150,data/camda_amr_2025/processed/assemblies/train/SRR3131150.fasta,missing
training,SRR3131154,data/camda_amr_2025/processed/assemblies/train/SRR3131154.fasta,missing
training,SRR3131155,data/camda_amr_2025/processed/assemblies/train/SRR3131155.fasta,missing
training,SRR3131157,data/camda_amr_2025/processed/assemblies/train/SRR3131157.fasta,missing
training,SRR3131158,data/camda_amr_2025/processed/assemblies/train/SRR3131158.fasta,missing
training,SRR3131159,data/camda_amr_2025/processed/assemblies/train/SRR3131159.fasta,missing
training,SRR3131163,data/camda_amr_2025/processed/assemblies/train/SRR3131163.fasta,missing
training,SRR3131164,data/camda_amr_2025/processed/assemblies/train/SRR3131164.fasta,missing
training,SRR3131166,data/camda_amr_2025/processed/assemblies/train/SRR3131166.fasta,missing
training,SRR3131167,data/camda_amr_2025/processed/assemblies/train/SRR3131167.fasta,missing
training,SRR3131168,data/camda_amr_2025/processed/assemblies/train/SRR3131168.fasta,missing
training,SRR3131169,data/camda_amr_2025/processed/assemblies/train/SRR3131169.fasta,missing
training,SRR3131170,data/camda_amr_2025/processed/assemblies/train/SRR3131170.fasta,missing
training,SRR3131171,data/camda_amr_2025/processed/assemblies/train/SRR3131171.fasta,missing
training,SRR3131172,data/camda_amr_2025/processed/assemblies/train/SRR3131172.fasta,missing
training,SRR3131173,data/camda_amr_2025/processed/assemblies/train/SRR3131173.fasta,missing
training,SRR3131208,data/camda_amr_2025/processed/assemblies/train/SRR3131208.fasta,missing
training,SRR3131210,data/camda_amr_2025/processed/assemblies/train/SRR3131210.fasta,missing
training,SRR3131211,data/camda_amr_2025/processed/assemblies/train/SRR3131211.fasta,missing
training,SRR3131212,data/camda_amr_2025/processed/assemblies/train/SRR3131212.fasta,missing
training,SRR3131213,data/camda_amr_2025/processed/assemblies/train/SRR3131213.fasta,missing
training,SRR3131214,data/camda_amr_2025/processed/assemblies/train/SRR3131214.fasta,missing
training,SRR3131215,data/camda_amr_2025/processed/assemblies/train/SRR3131215.fasta,missing
training,SRR3131217,data/camda_amr_2025/processed/assemblies/train/SRR3131217.fasta,missing
training,SRR3131221,data/camda_amr_2025/processed/assemblies/train/SRR3131221.fasta,missing
training,SRR3131222,data/camda_amr_2025/processed/assemblies/train/SRR3131222.fasta,missing
training,SRR3131223,data/camda_amr_2025/processed/assemblies/train/SRR3131223.fasta,missing
training,SRR3131224,data/camda_amr_2025/processed/assemblies/train/SRR3131224.fasta,missing
training,SRR3131225,data/camda_amr_2025/processed/assemblies/train/SRR3131225.fasta,missing
training,SRR3131227,data/camda_amr_2025/processed/assemblies/train/SRR3131227.fasta,missing
training,SRR3131230,data/camda_amr_2025/processed/assemblies/train/SRR3131230.fasta,missing
training,SRR3131235,data/camda_amr_2025/processed/assemblies/train/SRR3131235.fasta,missing
training,SRR3131237,data/camda_amr_2025/processed/assemblies/train/SRR3131237.fasta,missing
training,SRR3131238,data/camda_amr_2025/processed/assemblies/train/SRR3131238.fasta,missing
training,SRR3131239,data/camda_amr_2025/processed/assemblies/train/SRR3131239.fasta,missing
training,SRR3131240,data/camda_amr_2025/processed/assemblies/train/SRR3131240.fasta,missing
training,SRR3133086,data/camda_amr_2025/processed/assemblies/train/SRR3133086.fasta,missing
training,SRR3133087,data/camda_amr_2025/processed/assemblies/train/SRR3133087.fasta,missing
training,SRR3133089,data/camda_amr_2025/processed/assemblies/train/SRR3133089.fasta,missing
training,SRR3133091,data/camda_amr_2025/processed/assemblies/train/SRR3133091.fasta,missing
training,SRR3133092,data/camda_amr_2025/processed/assemblies/train/SRR3133092.fasta,missing
training,SRR3133093,data/camda_amr_2025/processed/assemblies/train/SRR3133093.fasta,missing
training,SRR3133096,data/camda_amr_2025/processed/assemblies/train/SRR3133096.fasta,missing
training,SRR3133097,data/camda_amr_2025/processed/assemblies/train/SRR3133097.fasta,missing
training,SRR3133100,data/camda_amr_2025/processed/assemblies/train/SRR3133100.fasta,missing
training,SRR3133101,data/camda_amr_2025/processed/assemblies/train/SRR3133101.fasta,missing
training,SRR3133103,data/camda_amr_2025/processed/assemblies/train/SRR3133103.fasta,missing
training,SRR3133105,data/camda_amr_2025/processed/assemblies/train/SRR3133105.fasta,missing
training,SRR3133106,data/camda_amr_2025/processed/assemblies/train/SRR3133106.fasta,missing
training,SRR3135171,data/camda_amr_2025/processed/assemblies/train/SRR3135171.fasta,missing
training,SRR3135275,data/camda_amr_2025/processed/assemblies/train/SRR3135275.fasta,missing
training,SRR3137567,data/camda_amr_2025/processed/assemblies/train/SRR3137567.fasta,missing
training,SRR3137568,data/camda_amr_2025/processed/assemblies/train/SRR3137568.fasta,missing
training,SRR3137569,data/camda_amr_2025/processed/assemblies/train/SRR3137569.fasta,missing
training,SRR3137570,data/camda_amr_2025/processed/assemblies/train/SRR3137570.fasta,missing
training,SRR3137571,data/camda_amr_2025/processed/assemblies/train/SRR3137571.fasta,missing
training,SRR3137574,data/camda_amr_2025/processed/assemblies/train/SRR3137574.fasta,missing
training,SRR3137575,data/camda_amr_2025/processed/assemblies/train/SRR3137575.fasta,missing
training,SRR3137579,data/camda_amr_2025/processed/assemblies/train/SRR3137579.fasta,missing
training,SRR3137580,data/camda_amr_2025/processed/assemblies/train/SRR3137580.fasta,missing
training,SRR3137582,data/camda_amr_2025/processed/assemblies/train/SRR3137582.fasta,missing
training,SRR3137583,data/camda_amr_2025/processed/assemblies/train/SRR3137583.fasta,missing
training,SRR3137584,data/camda_amr_2025/processed/assemblies/train/SRR3137584.fasta,missing
training,SRR3137585,data/camda_amr_2025/processed/assemblies/train/SRR3137585.fasta,missing
training,SRR3137586,data/camda_amr_2025/processed/assemblies/train/SRR3137586.fasta,missing
training,SRR3137590,data/camda_amr_2025/processed/assemblies/train/SRR3137590.fasta,missing
training,SRR3138666,data/camda_amr_2025/processed/assemblies/train/SRR3138666.fasta,missing
training,SRR3138667,data/camda_amr_2025/processed/assemblies/train/SRR3138667.fasta,missing
training,SRR3138668,data/camda_amr_2025/processed/assemblies/train/SRR3138668.fasta,missing
training,SRR3138669,data/camda_amr_2025/processed/assemblies/train/SRR3138669.fasta,missing
training,SRR3138670,data/camda_amr_2025/processed/assemblies/train/SRR3138670.fasta,missing
training,SRR3138671,data/camda_amr_2025/processed/assemblies/train/SRR3138671.fasta,missing
training,SRR3138672,data/camda_amr_2025/processed/assemblies/train/SRR3138672.fasta,missing
training,SRR3138673,data/camda_amr_2025/processed/assemblies/train/SRR3138673.fasta,missing
training,SRR3138675,data/camda_amr_2025/processed/assemblies/train/SRR3138675.fasta,missing
training,SRR3138676,data/camda_amr_2025/processed/assemblies/train/SRR3138676.fasta,missing
training,SRR3138681,data/camda_amr_2025/processed/assemblies/train/SRR3138681.fasta,missing
training,SRR3138683,data/camda_amr_2025/processed/assemblies/train/SRR3138683.fasta,missing
training,SRR3138686,data/camda_amr_2025/processed/assemblies/train/SRR3138686.fasta,missing
training,SRR3146381,data/camda_amr_2025/processed/assemblies/train/SRR3146381.fasta,missing
training,SRR3146382,data/camda_amr_2025/processed/assemblies/train/SRR3146382.fasta,missing
training,SRR3146383,data/camda_amr_2025/processed/assemblies/train/SRR3146383.fasta,missing
training,SRR3146385,data/camda_amr_2025/processed/assemblies/train/SRR3146385.fasta,missing
training,SRR3147787,data/camda_amr_2025/processed/assemblies/train/SRR3147787.fasta,missing
training,SRR3147788,data/camda_amr_2025/processed/assemblies/train/SRR3147788.fasta,missing
training,SRR3147790,data/camda_amr_2025/processed/assemblies/train/SRR3147790.fasta,missing
training,SRR3147791,data/camda_amr_2025/processed/assemblies/train/SRR3147791.fasta,missing
training,SRR3147931,data/camda_amr_2025/processed/assemblies/train/SRR3147931.fasta,missing
training,SRR3148205,data/camda_amr_2025/processed/assemblies/train/SRR3148205.fasta,missing
training,SRR3148208,data/camda_amr_2025/processed/assemblies/train/SRR3148208.fasta,missing
training,SRR3148212,data/camda_amr_2025/processed/assemblies/train/SRR3148212.fasta,missing
training,SRR3148213,data/camda_amr_2025/processed/assemblies/train/SRR3148213.fasta,missing
training,SRR3148215,data/camda_amr_2025/processed/assemblies/train/SRR3148215.fasta,missing
training,SRR3148216,data/camda_amr_2025/processed/assemblies/train/SRR3148216.fasta,missing
training,SRR3148242,data/camda_amr_2025/processed/assemblies/train/SRR3148242.fasta,missing
training,SRR3148243,data/camda_amr_2025/processed/assemblies/train/SRR3148243.fasta,missing
training,SRR3148303,data/camda_amr_2025/processed/assemblies/train/SRR3148303.fasta,missing
training,SRR3148313,data/camda_amr_2025/processed/assemblies/train/SRR3148313.fasta,missing
training,SRR3148323,data/camda_amr_2025/processed/assemblies/train/SRR3148323.fasta,missing
training,SRR3148332,data/camda_amr_2025/processed/assemblies/train/SRR3148332.fasta,missing
training,SRR3151888,data/camda_amr_2025/processed/assemblies/train/SRR3151888.fasta,missing
training,SRR3151890,data/camda_amr_2025/processed/assemblies/train/SRR3151890.fasta,missing
training,SRR3152492,data/camda_amr_2025/processed/assemblies/train/SRR3152492.fasta,missing
training,SRR3152496,data/camda_amr_2025/processed/assemblies/train/SRR3152496.fasta,missing
training,SRR3152498,data/camda_amr_2025/processed/assemblies/train/SRR3152498.fasta,missing
training,SRR3152499,data/camda_amr_2025/processed/assemblies/train/SRR3152499.fasta,missing
training,SRR3152500,data/camda_amr_2025/processed/assemblies/train/SRR3152500.fasta,missing
training,SRR3152502,data/camda_amr_2025/processed/assemblies/train/SRR3152502.fasta,missing
training,SRR3152503,data/camda_amr_2025/processed/assemblies/train/SRR3152503.fasta,missing
training,SRR3152504,data/camda_amr_2025/processed/assemblies/train/SRR3152504.fasta,missing
training,SRR3152507,data/camda_amr_2025/processed/assemblies/train/SRR3152507.fasta,missing
training,SRR3152508,data/camda_amr_2025/processed/assemblies/train/SRR3152508.fasta,missing
training,SRR3156383,data/camda_amr_2025/processed/assemblies/train/SRR3156383.fasta,missing
training,SRR3159147,data/camda_amr_2025/processed/assemblies/train/SRR3159147.fasta,missing
training,SRR3159150,data/camda_amr_2025/processed/assemblies/train/SRR3159150.fasta,missing
training,SRR3159151,data/camda_amr_2025/processed/assemblies/train/SRR3159151.fasta,missing
training,SRR3159153,data/camda_amr_2025/processed/assemblies/train/SRR3159153.fasta,missing
training,SRR3159154,data/camda_amr_2025/processed/assemblies/train/SRR3159154.fasta,missing
training,SRR3159159,data/camda_amr_2025/processed/assemblies/train/SRR3159159.fasta,missing
training,SRR3159160,data/camda_amr_2025/processed/assemblies/train/SRR3159160.fasta,missing
training,SRR3159162,data/camda_amr_2025/processed/assemblies/train/SRR3159162.fasta,missing
training,SRR3159163,data/camda_amr_2025/processed/assemblies/train/SRR3159163.fasta,missing
training,SRR3159167,data/camda_amr_2025/processed/assemblies/train/SRR3159167.fasta,missing
training,SRR3159168,data/camda_amr_2025/processed/assemblies/train/SRR3159168.fasta,missing
training,SRR3159169,data/camda_amr_2025/processed/assemblies/train/SRR3159169.fasta,missing
training,SRR3168634,data/camda_amr_2025/processed/assemblies/train/SRR3168634.fasta,missing
training,SRR3168638,data/camda_amr_2025/processed/assemblies/train/SRR3168638.fasta,missing
training,SRR3168639,data/camda_amr_2025/processed/assemblies/train/SRR3168639.fasta,missing
training,SRR3168640,data/camda_amr_2025/processed/assemblies/train/SRR3168640.fasta,missing
training,SRR3168641,data/camda_amr_2025/processed/assemblies/train/SRR3168641.fasta,missing
training,SRR3168642,data/camda_amr_2025/processed/assemblies/train/SRR3168642.fasta,missing
training,SRR3168643,data/camda_amr_2025/processed/assemblies/train/SRR3168643.fasta,missing
training,SRR3168648,data/camda_amr_2025/processed/assemblies/train/SRR3168648.fasta,missing
training,SRR3170230,data/camda_amr_2025/processed/assemblies/train/SRR3170230.fasta,missing
training,SRR3170232,data/camda_amr_2025/processed/assemblies/train/SRR3170232.fasta,missing
training,SRR3170234,data/camda_amr_2025/processed/assemblies/train/SRR3170234.fasta,missing
training,SRR3170235,data/camda_amr_2025/processed/assemblies/train/SRR3170235.fasta,missing
training,SRR3170237,data/camda_amr_2025/processed/assemblies/train/SRR3170237.fasta,missing
training,SRR3170240,data/camda_amr_2025/processed/assemblies/train/SRR3170240.fasta,missing
training,SRR3170241,data/camda_amr_2025/processed/assemblies/train/SRR3170241.fasta,missing
training,SRR3170244,data/camda_amr_2025/processed/assemblies/train/SRR3170244.fasta,missing
training,SRR3170246,data/camda_amr_2025/processed/assemblies/train/SRR3170246.fasta,missing
training,SRR3170254,data/camda_amr_2025/processed/assemblies/train/SRR3170254.fasta,missing
training,SRR3170256,data/camda_amr_2025/processed/assemblies/train/SRR3170256.fasta,missing
training,SRR3170260,data/camda_amr_2025/processed/assemblies/train/SRR3170260.fasta,missing
training,SRR3170262,data/camda_amr_2025/processed/assemblies/train/SRR3170262.fasta,missing
training,SRR3170264,data/camda_amr_2025/processed/assemblies/train/SRR3170264.fasta,missing
training,SRR3170266,data/camda_amr_2025/processed/assemblies/train/SRR3170266.fasta,missing
training,SRR3170267,data/camda_amr_2025/processed/assemblies/train/SRR3170267.fasta,missing
training,SRR3170587,data/camda_amr_2025/processed/assemblies/train/SRR3170587.fasta,missing
training,SRR3170588,data/camda_amr_2025/processed/assemblies/train/SRR3170588.fasta,missing
training,SRR3170591,data/camda_amr_2025/processed/assemblies/train/SRR3170591.fasta,missing
training,SRR3170594,data/camda_amr_2025/processed/assemblies/train/SRR3170594.fasta,missing
training,SRR3170595,data/camda_amr_2025/processed/assemblies/train/SRR3170595.fasta,missing
training,SRR3170598,data/camda_amr_2025/processed/assemblies/train/SRR3170598.fasta,missing
training,SRR3170599,data/camda_amr_2025/processed/assemblies/train/SRR3170599.fasta,missing
training,SRR3170600,data/camda_amr_2025/processed/assemblies/train/SRR3170600.fasta,missing
training,SRR3170601,data/camda_amr_2025/processed/assemblies/train/SRR3170601.fasta,missing
training,SRR3170602,data/camda_amr_2025/processed/assemblies/train/SRR3170602.fasta,missing
training,SRR3170603,data/camda_amr_2025/processed/assemblies/train/SRR3170603.fasta,missing
training,SRR3170604,data/camda_amr_2025/processed/assemblies/train/SRR3170604.fasta,missing
training,SRR3170605,data/camda_amr_2025/processed/assemblies/train/SRR3170605.fasta,missing
training,SRR3170606,data/camda_amr_2025/processed/assemblies/train/SRR3170606.fasta,missing
training,SRR3170733,data/camda_amr_2025/processed/assemblies/train/SRR3170733.fasta,missing
training,SRR3170734,data/camda_amr_2025/processed/assemblies/train/SRR3170734.fasta,missing
training,SRR3170737,data/camda_amr_2025/processed/assemblies/train/SRR3170737.fasta,missing
training,SRR3170739,data/camda_amr_2025/processed/assemblies/train/SRR3170739.fasta,missing
training,SRR3170740,data/camda_amr_2025/processed/assemblies/train/SRR3170740.fasta,missing
training,SRR3170768,data/camda_amr_2025/processed/assemblies/train/SRR3170768.fasta,missing
training,SRR3170770,data/camda_amr_2025/processed/assemblies/train/SRR3170770.fasta,missing
training,SRR3170771,data/camda_amr_2025/processed/assemblies/train/SRR3170771.fasta,missing
training,SRR3170775,data/camda_amr_2025/processed/assemblies/train/SRR3170775.fasta,missing
training,SRR3170776,data/camda_amr_2025/processed/assemblies/train/SRR3170776.fasta,missing
training,SRR3170778,data/camda_amr_2025/processed/assemblies/train/SRR3170778.fasta,missing
training,SRR3170780,data/camda_amr_2025/processed/assemblies/train/SRR3170780.fasta,missing
training,SRR3170781,data/camda_amr_2025/processed/assemblies/train/SRR3170781.fasta,missing
training,SRR3170786,data/camda_amr_2025/processed/assemblies/train/SRR3170786.fasta,missing
training,SRR3170788,data/camda_amr_2025/processed/assemblies/train/SRR3170788.fasta,missing
training,SRR3171747,data/camda_amr_2025/processed/assemblies/train/SRR3171747.fasta,missing
training,SRR3171748,data/camda_amr_2025/processed/assemblies/train/SRR3171748.fasta,missing
training,SRR3171750,data/camda_amr_2025/processed/assemblies/train/SRR3171750.fasta,missing
training,SRR3171757,data/camda_amr_2025/processed/assemblies/train/SRR3171757.fasta,missing
training,SRR3171758,data/camda_amr_2025/processed/assemblies/train/SRR3171758.fasta,missing
training,SRR3171761,data/camda_amr_2025/processed/assemblies/train/SRR3171761.fasta,missing
training,SRR3171764,data/camda_amr_2025/processed/assemblies/train/SRR3171764.fasta,missing
training,SRR3173688,data/camda_amr_2025/processed/assemblies/train/SRR3173688.fasta,missing
training,SRR3173704,data/camda_amr_2025/processed/assemblies/train/SRR3173704.fasta,missing
training,SRR3180038,data/camda_amr_2025/processed/assemblies/train/SRR3180038.fasta,missing
training,SRR3182556,data/camda_amr_2025/processed/assemblies/train/SRR3182556.fasta,missing
training,SRR3183448,data/camda_amr_2025/processed/assemblies/train/SRR3183448.fasta,missing
training,SRR3183449,data/camda_amr_2025/processed/assemblies/train/SRR3183449.fasta,missing
training,SRR3183451,data/camda_amr_2025/processed/assemblies/train/SRR3183451.fasta,missing
training,SRR3183453,data/camda_amr_2025/processed/assemblies/train/SRR3183453.fasta,missing
training,SRR3183457,data/camda_amr_2025/processed/assemblies/train/SRR3183457.fasta,missing
training,SRR3183458,data/camda_amr_2025/processed/assemblies/train/SRR3183458.fasta,missing
training,SRR3183459,data/camda_amr_2025/processed/assemblies/train/SRR3183459.fasta,missing
training,SRR3183462,data/camda_amr_2025/processed/assemblies/train/SRR3183462.fasta,missing
training,SRR3183463,data/camda_amr_2025/processed/assemblies/train/SRR3183463.fasta,missing
training,SRR3183467,data/camda_amr_2025/processed/assemblies/train/SRR3183467.fasta,missing
training,SRR3183468,data/camda_amr_2025/processed/assemblies/train/SRR3183468.fasta,missing
training,SRR3183471,data/camda_amr_2025/processed/assemblies/train/SRR3183471.fasta,missing
training,SRR3183472,data/camda_amr_2025/processed/assemblies/train/SRR3183472.fasta,missing
training,SRR3183476,data/camda_amr_2025/processed/assemblies/train/SRR3183476.fasta,missing
training,SRR3183477,data/camda_amr_2025/processed/assemblies/train/SRR3183477.fasta,missing
training,SRR3183478,data/camda_amr_2025/processed/assemblies/train/SRR3183478.fasta,missing
training,SRR3183479,data/camda_amr_2025/processed/assemblies/train/SRR3183479.fasta,missing
training,SRR3183481,data/camda_amr_2025/processed/assemblies/train/SRR3183481.fasta,missing
training,SRR3183482,data/camda_amr_2025/processed/assemblies/train/SRR3183482.fasta,missing
training,SRR3183483,data/camda_amr_2025/processed/assemblies/train/SRR3183483.fasta,missing
training,SRR3184114,data/camda_amr_2025/processed/assemblies/train/SRR3184114.fasta,missing
training,SRR3184159,data/camda_amr_2025/processed/assemblies/train/SRR3184159.fasta,missing
training,SRR3184167,data/camda_amr_2025/processed/assemblies/train/SRR3184167.fasta,missing
training,SRR3185255,data/camda_amr_2025/processed/assemblies/train/SRR3185255.fasta,missing
training,SRR3185256,data/camda_amr_2025/processed/assemblies/train/SRR3185256.fasta,missing
training,SRR3185258,data/camda_amr_2025/processed/assemblies/train/SRR3185258.fasta,missing
training,SRR3185260,data/camda_amr_2025/processed/assemblies/train/SRR3185260.fasta,missing
training,SRR3185263,data/camda_amr_2025/processed/assemblies/train/SRR3185263.fasta,missing
training,SRR3185902,data/camda_amr_2025/processed/assemblies/train/SRR3185902.fasta,missing
training,SRR3185903,data/camda_amr_2025/processed/assemblies/train/SRR3185903.fasta,missing
training,SRR3185904,data/camda_amr_2025/processed/assemblies/train/SRR3185904.fasta,missing
training,SRR3185905,data/camda_amr_2025/processed/assemblies/train/SRR3185905.fasta,missing
training,SRR3185979,data/camda_amr_2025/processed/assemblies/train/SRR3185979.fasta,missing
training,SRR3185980,data/camda_amr_2025/processed/assemblies/train/SRR3185980.fasta,missing
training,SRR3185981,data/camda_amr_2025/processed/assemblies/train/SRR3185981.fasta,missing
training,SRR3188261,data/camda_amr_2025/processed/assemblies/train/SRR3188261.fasta,missing
training,SRR3191434,data/camda_amr_2025/processed/assemblies/train/SRR3191434.fasta,missing
training,SRR3191437,data/camda_amr_2025/processed/assemblies/train/SRR3191437.fasta,missing
training,SRR3194380,data/camda_amr_2025/processed/assemblies/train/SRR3194380.fasta,missing
training,SRR3194381,data/camda_amr_2025/processed/assemblies/train/SRR3194381.fasta,missing
training,SRR3194383,data/camda_amr_2025/processed/assemblies/train/SRR3194383.fasta,missing
training,SRR3196126,data/camda_amr_2025/processed/assemblies/train/SRR3196126.fasta,missing
training,SRR3196127,data/camda_amr_2025/processed/assemblies/train/SRR3196127.fasta,missing
training,SRR3196128,data/camda_amr_2025/processed/assemblies/train/SRR3196128.fasta,missing
training,SRR3196129,data/camda_amr_2025/processed/assemblies/train/SRR3196129.fasta,missing
training,SRR3196130,data/camda_amr_2025/processed/assemblies/train/SRR3196130.fasta,missing
training,SRR3196132,data/camda_amr_2025/processed/assemblies/train/SRR3196132.fasta,missing
training,SRR3196133,data/camda_amr_2025/processed/assemblies/train/SRR3196133.fasta,missing
training,SRR3196134,data/camda_amr_2025/processed/assemblies/train/SRR3196134.fasta,missing
training,SRR3196135,data/camda_amr_2025/processed/assemblies/train/SRR3196135.fasta,missing
training,SRR3196141,data/camda_amr_2025/processed/assemblies/train/SRR3196141.fasta,missing
training,SRR3196142,data/camda_amr_2025/processed/assemblies/train/SRR3196142.fasta,missing
training,SRR3196143,data/camda_amr_2025/processed/assemblies/train/SRR3196143.fasta,missing
training,SRR3196446,data/camda_amr_2025/processed/assemblies/train/SRR3196446.fasta,missing
training,SRR3196679,data/camda_amr_2025/processed/assemblies/train/SRR3196679.fasta,missing
training,SRR3196683,data/camda_amr_2025/processed/assemblies/train/SRR3196683.fasta,missing
training,SRR3196686,data/camda_amr_2025/processed/assemblies/train/SRR3196686.fasta,missing
training,SRR3196687,data/camda_amr_2025/processed/assemblies/train/SRR3196687.fasta,missing
training,SRR3197175,data/camda_amr_2025/processed/assemblies/train/SRR3197175.fasta,missing
training,SRR3197589,data/camda_amr_2025/processed/assemblies/train/SRR3197589.fasta,missing
training,SRR3197590,data/camda_amr_2025/processed/assemblies/train/SRR3197590.fasta,missing
training,SRR3197591,data/camda_amr_2025/processed/assemblies/train/SRR3197591.fasta,missing
training,SRR3197595,data/camda_amr_2025/processed/assemblies/train/SRR3197595.fasta,missing
training,SRR3197603,data/camda_amr_2025/processed/assemblies/train/SRR3197603.fasta,missing
training,SRR3197606,data/camda_amr_2025/processed/assemblies/train/SRR3197606.fasta,missing
training,SRR3197607,data/camda_amr_2025/processed/assemblies/train/SRR3197607.fasta,missing
training,SRR3197608,data/camda_amr_2025/processed/assemblies/train/SRR3197608.fasta,missing
training,SRR3198626,data/camda_amr_2025/processed/assemblies/train/SRR3198626.fasta,missing
training,SRR3199489,data/camda_amr_2025/processed/assemblies/train/SRR3199489.fasta,missing
training,SRR3199584,data/camda_amr_2025/processed/assemblies/train/SRR3199584.fasta,missing
training,SRR3199585,data/camda_amr_2025/processed/assemblies/train/SRR3199585.fasta,missing
training,SRR3201098,data/camda_amr_2025/processed/assemblies/train/SRR3201098.fasta,missing
training,SRR3201099,data/camda_amr_2025/processed/assemblies/train/SRR3201099.fasta,missing
training,SRR3201100,data/camda_amr_2025/processed/assemblies/train/SRR3201100.fasta,missing
training,SRR3201101,data/camda_amr_2025/processed/assemblies/train/SRR3201101.fasta,missing
training,SRR3201102,data/camda_amr_2025/processed/assemblies/train/SRR3201102.fasta,missing
training,SRR3201105,data/camda_amr_2025/processed/assemblies/train/SRR3201105.fasta,missing
training,SRR3201106,data/camda_amr_2025/processed/assemblies/train/SRR3201106.fasta,missing
training,SRR3201107,data/camda_amr_2025/processed/assemblies/train/SRR3201107.fasta,missing
training,SRR3201108,data/camda_amr_2025/processed/assemblies/train/SRR3201108.fasta,missing
training,SRR3201110,data/camda_amr_2025/processed/assemblies/train/SRR3201110.fasta,missing
training,SRR3201111,data/camda_amr_2025/processed/assemblies/train/SRR3201111.fasta,missing
training,SRR3201112,data/camda_amr_2025/processed/assemblies/train/SRR3201112.fasta,missing
training,SRR3201116,data/camda_amr_2025/processed/assemblies/train/SRR3201116.fasta,missing
training,SRR3201117,data/camda_amr_2025/processed/assemblies/train/SRR3201117.fasta,missing
training,SRR3201119,data/camda_amr_2025/processed/assemblies/train/SRR3201119.fasta,missing
training,SRR3201120,data/camda_amr_2025/processed/assemblies/train/SRR3201120.fasta,missing
training,SRR3201121,data/camda_amr_2025/processed/assemblies/train/SRR3201121.fasta,missing
training,SRR3201123,data/camda_amr_2025/processed/assemblies/train/SRR3201123.fasta,missing
training,SRR3201124,data/camda_amr_2025/processed/assemblies/train/SRR3201124.fasta,missing
training,SRR3201125,data/camda_amr_2025/processed/assemblies/train/SRR3201125.fasta,missing
training,SRR3209757,data/camda_amr_2025/processed/assemblies/train/SRR3209757.fasta,missing
training,SRR3209758,data/camda_amr_2025/processed/assemblies/train/SRR3209758.fasta,missing
training,SRR3209759,data/camda_amr_2025/processed/assemblies/train/SRR3209759.fasta,missing
training,SRR3209760,data/camda_amr_2025/processed/assemblies/train/SRR3209760.fasta,missing
training,SRR3209763,data/camda_amr_2025/processed/assemblies/train/SRR3209763.fasta,missing
training,SRR3209766,data/camda_amr_2025/processed/assemblies/train/SRR3209766.fasta,missing
training,SRR3209797,data/camda_amr_2025/processed/assemblies/train/SRR3209797.fasta,missing
training,SRR3209814,data/camda_amr_2025/processed/assemblies/train/SRR3209814.fasta,missing
training,SRR3210384,data/camda_amr_2025/processed/assemblies/train/SRR3210384.fasta,missing
training,SRR3214702,data/camda_amr_2025/processed/assemblies/train/SRR3214702.fasta,missing
training,SRR3214704,data/camda_amr_2025/processed/assemblies/train/SRR3214704.fasta,missing
training,SRR3214705,data/camda_amr_2025/processed/assemblies/train/SRR3214705.fasta,missing
training,SRR3214706,data/camda_amr_2025/processed/assemblies/train/SRR3214706.fasta,missing
training,SRR3214707,data/camda_amr_2025/processed/assemblies/train/SRR3214707.fasta,missing
training,SRR3214710,data/camda_amr_2025/processed/assemblies/train/SRR3214710.fasta,missing
training,SRR3214711,data/camda_amr_2025/processed/assemblies/train/SRR3214711.fasta,missing
training,SRR3214714,data/camda_amr_2025/processed/assemblies/train/SRR3214714.fasta,missing
training,SRR3215109,data/camda_amr_2025/processed/assemblies/train/SRR3215109.fasta,missing
training,SRR3215111,data/camda_amr_2025/processed/assemblies/train/SRR3215111.fasta,missing
training,SRR3215112,data/camda_amr_2025/processed/assemblies/train/SRR3215112.fasta,missing
training,SRR3215113,data/camda_amr_2025/processed/assemblies/train/SRR3215113.fasta,missing
training,SRR3215116,data/camda_amr_2025/processed/assemblies/train/SRR3215116.fasta,missing
training,SRR3215117,data/camda_amr_2025/processed/assemblies/train/SRR3215117.fasta,missing
training,SRR3215118,data/camda_amr_2025/processed/assemblies/train/SRR3215118.fasta,missing
training,SRR3215120,data/camda_amr_2025/processed/assemblies/train/SRR3215120.fasta,missing
training,SRR3215121,data/camda_amr_2025/processed/assemblies/train/SRR3215121.fasta,missing
training,SRR3215125,data/camda_amr_2025/processed/assemblies/train/SRR3215125.fasta,missing
training,SRR3215127,data/camda_amr_2025/processed/assemblies/train/SRR3215127.fasta,missing
training,SRR3215128,data/camda_amr_2025/processed/assemblies/train/SRR3215128.fasta,missing
training,SRR3215131,data/camda_amr_2025/processed/assemblies/train/SRR3215131.fasta,missing
training,SRR3215132,data/camda_amr_2025/processed/assemblies/train/SRR3215132.fasta,missing
training,SRR3215134,data/camda_amr_2025/processed/assemblies/train/SRR3215134.fasta,missing
training,SRR3216437,data/camda_amr_2025/processed/assemblies/train/SRR3216437.fasta,missing
training,SRR3217267,data/camda_amr_2025/processed/assemblies/train/SRR3217267.fasta,missing
training,SRR3217272,data/camda_amr_2025/processed/assemblies/train/SRR3217272.fasta,missing
training,SRR3217324,data/camda_amr_2025/processed/assemblies/train/SRR3217324.fasta,missing
training,SRR3217328,data/camda_amr_2025/processed/assemblies/train/SRR3217328.fasta,missing
training,SRR3217329,data/camda_amr_2025/processed/assemblies/train/SRR3217329.fasta,missing
training,SRR3217390,data/camda_amr_2025/processed/assemblies/train/SRR3217390.fasta,missing
training,SRR3217394,data/camda_amr_2025/processed/assemblies/train/SRR3217394.fasta,missing
training,SRR3217399,data/camda_amr_2025/processed/assemblies/train/SRR3217399.fasta,missing
training,SRR3217405,data/camda_amr_2025/processed/assemblies/train/SRR3217405.fasta,missing
training,SRR3217406,data/camda_amr_2025/processed/assemblies/train/SRR3217406.fasta,missing
training,SRR3217407,data/camda_amr_2025/processed/assemblies/train/SRR3217407.fasta,missing
training,SRR3218383,data/camda_amr_2025/processed/assemblies/train/SRR3218383.fasta,missing
training,SRR3218389,data/camda_amr_2025/processed/assemblies/train/SRR3218389.fasta,missing
training,SRR3218394,data/camda_amr_2025/processed/assemblies/train/SRR3218394.fasta,missing
training,SRR3218397,data/camda_amr_2025/processed/assemblies/train/SRR3218397.fasta,missing
training,SRR3218399,data/camda_amr_2025/processed/assemblies/train/SRR3218399.fasta,missing
training,SRR3219142,data/camda_amr_2025/processed/assemblies/train/SRR3219142.fasta,missing
training,SRR3219831,data/camda_amr_2025/processed/assemblies/train/SRR3219831.fasta,missing
training,SRR3219834,data/camda_amr_2025/processed/assemblies/train/SRR3219834.fasta,missing
training,SRR3219835,data/camda_amr_2025/processed/assemblies/train/SRR3219835.fasta,missing
training,SRR3221668,data/camda_amr_2025/processed/assemblies/train/SRR3221668.fasta,missing
training,SRR3221676,data/camda_amr_2025/processed/assemblies/train/SRR3221676.fasta,missing
training,SRR3221942,data/camda_amr_2025/processed/assemblies/train/SRR3221942.fasta,missing
training,SRR3222075,data/camda_amr_2025/processed/assemblies/train/SRR3222075.fasta,missing
training,SRR3222121,data/camda_amr_2025/processed/assemblies/train/SRR3222121.fasta,missing
training,SRR3222296,data/camda_amr_2025/processed/assemblies/train/SRR3222296.fasta,missing
training,SRR3222390,data/camda_amr_2025/processed/assemblies/train/SRR3222390.fasta,missing
training,SRR3222406,data/camda_amr_2025/processed/assemblies/train/SRR3222406.fasta,missing
training,SRR3222408,data/camda_amr_2025/processed/assemblies/train/SRR3222408.fasta,missing
training,SRR3222424,data/camda_amr_2025/processed/assemblies/train/SRR3222424.fasta,missing
training,SRR3222486,data/camda_amr_2025/processed/assemblies/train/SRR3222486.fasta,missing
training,SRR3222487,data/camda_amr_2025/processed/assemblies/train/SRR3222487.fasta,missing
training,SRR3222489,data/camda_amr_2025/processed/assemblies/train/SRR3222489.fasta,missing
training,SRR3222491,data/camda_amr_2025/processed/assemblies/train/SRR3222491.fasta,missing
training,SRR3223097,data/camda_amr_2025/processed/assemblies/train/SRR3223097.fasta,missing
training,SRR3223161,data/camda_amr_2025/processed/assemblies/train/SRR3223161.fasta,missing
training,SRR3223164,data/camda_amr_2025/processed/assemblies/train/SRR3223164.fasta,missing
training,SRR3223165,data/camda_amr_2025/processed/assemblies/train/SRR3223165.fasta,missing
training,SRR3223167,data/camda_amr_2025/processed/assemblies/train/SRR3223167.fasta,missing
training,SRR3223170,data/camda_amr_2025/processed/assemblies/train/SRR3223170.fasta,missing
training,SRR3223172,data/camda_amr_2025/processed/assemblies/train/SRR3223172.fasta,missing
training,SRR3223173,data/camda_amr_2025/processed/assemblies/train/SRR3223173.fasta,missing
training,SRR3223469,data/camda_amr_2025/processed/assemblies/train/SRR3223469.fasta,missing
training,SRR3223470,data/camda_amr_2025/processed/assemblies/train/SRR3223470.fasta,missing
training,SRR3223472,data/camda_amr_2025/processed/assemblies/train/SRR3223472.fasta,missing
training,SRR3223479,data/camda_amr_2025/processed/assemblies/train/SRR3223479.fasta,missing
training,SRR3223481,data/camda_amr_2025/processed/assemblies/train/SRR3223481.fasta,missing
training,SRR3223482,data/camda_amr_2025/processed/assemblies/train/SRR3223482.fasta,missing
training,SRR3223485,data/camda_amr_2025/processed/assemblies/train/SRR3223485.fasta,missing
training,SRR3223552,data/camda_amr_2025/processed/assemblies/train/SRR3223552.fasta,missing
training,SRR3223554,data/camda_amr_2025/processed/assemblies/train/SRR3223554.fasta,missing
training,SRR3223557,data/camda_amr_2025/processed/assemblies/train/SRR3223557.fasta,missing
training,SRR3223558,data/camda_amr_2025/processed/assemblies/train/SRR3223558.fasta,missing
training,SRR3223560,data/camda_amr_2025/processed/assemblies/train/SRR3223560.fasta,missing
training,SRR3223562,data/camda_amr_2025/processed/assemblies/train/SRR3223562.fasta,missing
training,SRR3223751,data/camda_amr_2025/processed/assemblies/train/SRR3223751.fasta,missing
training,SRR3223752,data/camda_amr_2025/processed/assemblies/train/SRR3223752.fasta,missing
training,SRR3223911,data/camda_amr_2025/processed/assemblies/train/SRR3223911.fasta,missing
training,SRR3223912,data/camda_amr_2025/processed/assemblies/train/SRR3223912.fasta,missing
training,SRR3223913,data/camda_amr_2025/processed/assemblies/train/SRR3223913.fasta,missing
training,SRR3223915,data/camda_amr_2025/processed/assemblies/train/SRR3223915.fasta,missing
training,SRR3223919,data/camda_amr_2025/processed/assemblies/train/SRR3223919.fasta,missing
training,SRR3223920,data/camda_amr_2025/processed/assemblies/train/SRR3223920.fasta,missing
training,SRR3223924,data/camda_amr_2025/processed/assemblies/train/SRR3223924.fasta,missing
training,SRR3224230,data/camda_amr_2025/processed/assemblies/train/SRR3224230.fasta,missing
training,SRR3224233,data/camda_amr_2025/processed/assemblies/train/SRR3224233.fasta,missing
training,SRR3224234,data/camda_amr_2025/processed/assemblies/train/SRR3224234.fasta,missing
training,SRR3224235,data/camda_amr_2025/processed/assemblies/train/SRR3224235.fasta,missing
training,SRR3224236,data/camda_amr_2025/processed/assemblies/train/SRR3224236.fasta,missing
training,SRR3224237,data/camda_amr_2025/processed/assemblies/train/SRR3224237.fasta,missing
training,SRR3224240,data/camda_amr_2025/processed/assemblies/train/SRR3224240.fasta,missing
training,SRR3224796,data/camda_amr_2025/processed/assemblies/train/SRR3224796.fasta,missing
training,SRR3224798,data/camda_amr_2025/processed/assemblies/train/SRR3224798.fasta,missing
training,SRR3224801,data/camda_amr_2025/processed/assemblies/train/SRR3224801.fasta,missing
training,SRR3224803,data/camda_amr_2025/processed/assemblies/train/SRR3224803.fasta,missing
training,SRR3224808,data/camda_amr_2025/processed/assemblies/train/SRR3224808.fasta,missing
training,SRR3224984,data/camda_amr_2025/processed/assemblies/train/SRR3224984.fasta,missing
training,SRR3224988,data/camda_amr_2025/processed/assemblies/train/SRR3224988.fasta,missing
training,SRR3224989,data/camda_amr_2025/processed/assemblies/train/SRR3224989.fasta,missing
training,SRR3224993,data/camda_amr_2025/processed/assemblies/train/SRR3224993.fasta,missing
training,SRR3224994,data/camda_amr_2025/processed/assemblies/train/SRR3224994.fasta,missing
training,SRR3224996,data/camda_amr_2025/processed/assemblies/train/SRR3224996.fasta,missing
training,SRR3225003,data/camda_amr_2025/processed/assemblies/train/SRR3225003.fasta,missing
training,SRR3225042,data/camda_amr_2025/processed/assemblies/train/SRR3225042.fasta,missing
training,SRR3225043,data/camda_amr_2025/processed/assemblies/train/SRR3225043.fasta,missing
training,SRR3225044,data/camda_amr_2025/processed/assemblies/train/SRR3225044.fasta,missing
training,SRR3225046,data/camda_amr_2025/processed/assemblies/train/SRR3225046.fasta,missing
training,SRR3225048,data/camda_amr_2025/processed/assemblies/train/SRR3225048.fasta,missing
training,SRR3225049,data/camda_amr_2025/processed/assemblies/train/SRR3225049.fasta,missing
training,SRR3225059,data/camda_amr_2025/processed/assemblies/train/SRR3225059.fasta,missing
training,SRR3225230,data/camda_amr_2025/processed/assemblies/train/SRR3225230.fasta,missing
training,SRR3225231,data/camda_amr_2025/processed/assemblies/train/SRR3225231.fasta,missing
training,SRR3225233,data/camda_amr_2025/processed/assemblies/train/SRR3225233.fasta,missing
training,SRR3225236,data/camda_amr_2025/processed/assemblies/train/SRR3225236.fasta,missing
training,SRR3225238,data/camda_amr_2025/processed/assemblies/train/SRR3225238.fasta,missing
training,SRR3225241,data/camda_amr_2025/processed/assemblies/train/SRR3225241.fasta,missing
training,SRR3225242,data/camda_amr_2025/processed/assemblies/train/SRR3225242.fasta,missing
training,SRR3225244,data/camda_amr_2025/processed/assemblies/train/SRR3225244.fasta,missing
training,SRR3225248,data/camda_amr_2025/processed/assemblies/train/SRR3225248.fasta,missing
training,SRR3225369,data/camda_amr_2025/processed/assemblies/train/SRR3225369.fasta,missing
training,SRR3226989,data/camda_amr_2025/processed/assemblies/train/SRR3226989.fasta,missing
training,SRR3227002,data/camda_amr_2025/processed/assemblies/train/SRR3227002.fasta,missing
training,SRR3227004,data/camda_amr_2025/processed/assemblies/train/SRR3227004.fasta,missing
training,SRR3227005,data/camda_amr_2025/processed/assemblies/train/SRR3227005.fasta,missing
training,SRR3227007,data/camda_amr_2025/processed/assemblies/train/SRR3227007.fasta,missing
training,SRR3227008,data/camda_amr_2025/processed/assemblies/train/SRR3227008.fasta,missing
training,SRR3227011,data/camda_amr_2025/processed/assemblies/train/SRR3227011.fasta,missing
training,SRR3227028,data/camda_amr_2025/processed/assemblies/train/SRR3227028.fasta,missing
training,SRR3227030,data/camda_amr_2025/processed/assemblies/train/SRR3227030.fasta,missing
training,SRR3227031,data/camda_amr_2025/processed/assemblies/train/SRR3227031.fasta,missing
training,SRR3227037,data/camda_amr_2025/processed/assemblies/train/SRR3227037.fasta,missing
training,SRR3227045,data/camda_amr_2025/processed/assemblies/train/SRR3227045.fasta,missing
training,SRR3227048,data/camda_amr_2025/processed/assemblies/train/SRR3227048.fasta,missing
training,SRR3228479,data/camda_amr_2025/processed/assemblies/train/SRR3228479.fasta,missing
training,SRR3228491,data/camda_amr_2025/processed/assemblies/train/SRR3228491.fasta,missing
training,SRR3228493,data/camda_amr_2025/processed/assemblies/train/SRR3228493.fasta,missing
training,SRR3228534,data/camda_amr_2025/processed/assemblies/train/SRR3228534.fasta,missing
training,SRR3228537,data/camda_amr_2025/processed/assemblies/train/SRR3228537.fasta,missing
training,SRR3228538,data/camda_amr_2025/processed/assemblies/train/SRR3228538.fasta,missing
training,SRR3228539,data/camda_amr_2025/processed/assemblies/train/SRR3228539.fasta,missing
training,SRR3228544,data/camda_amr_2025/processed/assemblies/train/SRR3228544.fasta,missing
training,SRR3228549,data/camda_amr_2025/processed/assemblies/train/SRR3228549.fasta,missing
training,SRR3228557,data/camda_amr_2025/processed/assemblies/train/SRR3228557.fasta,missing
training,SRR3228559,data/camda_amr_2025/processed/assemblies/train/SRR3228559.fasta,missing
training,SRR3228561,data/camda_amr_2025/processed/assemblies/train/SRR3228561.fasta,missing
training,SRR3228563,data/camda_amr_2025/processed/assemblies/train/SRR3228563.fasta,missing
training,SRR3228564,data/camda_amr_2025/processed/assemblies/train/SRR3228564.fasta,missing
training,SRR3228569,data/camda_amr_2025/processed/assemblies/train/SRR3228569.fasta,missing
training,SRR3228575,data/camda_amr_2025/processed/assemblies/train/SRR3228575.fasta,missing
training,SRR3241809,data/camda_amr_2025/processed/assemblies/train/SRR3241809.fasta,missing
training,SRR3242018,data/camda_amr_2025/processed/assemblies/train/SRR3242018.fasta,missing
training,SRR3242034,data/camda_amr_2025/processed/assemblies/train/SRR3242034.fasta,missing
training,SRR3242039,data/camda_amr_2025/processed/assemblies/train/SRR3242039.fasta,missing
training,SRR3242044,data/camda_amr_2025/processed/assemblies/train/SRR3242044.fasta,missing
training,SRR3242051,data/camda_amr_2025/processed/assemblies/train/SRR3242051.fasta,missing
training,SRR3242213,data/camda_amr_2025/processed/assemblies/train/SRR3242213.fasta,missing
training,SRR3242326,data/camda_amr_2025/processed/assemblies/train/SRR3242326.fasta,missing
training,SRR3242342,data/camda_amr_2025/processed/assemblies/train/SRR3242342.fasta,missing
training,SRR3242354,data/camda_amr_2025/processed/assemblies/train/SRR3242354.fasta,missing
training,SRR325169,data/camda_amr_2025/processed/assemblies/train/SRR325169.fasta,missing
training,SRR325171,data/camda_amr_2025/processed/assemblies/train/SRR325171.fasta,missing
training,SRR325175,data/camda_amr_2025/processed/assemblies/train/SRR325175.fasta,missing
training,SRR327027,data/camda_amr_2025/processed/assemblies/train/SRR327027.fasta,missing
training,SRR3271883,data/camda_amr_2025/processed/assemblies/train/SRR3271883.fasta,missing
training,SRR3271890,data/camda_amr_2025/processed/assemblies/train/SRR3271890.fasta,missing
training,SRR3289784,data/camda_amr_2025/processed/assemblies/train/SRR3289784.fasta,missing
training,SRR3289805,data/camda_amr_2025/processed/assemblies/train/SRR3289805.fasta,missing
training,SRR3289806,data/camda_amr_2025/processed/assemblies/train/SRR3289806.fasta,missing
training,SRR3290089,data/camda_amr_2025/processed/assemblies/train/SRR3290089.fasta,missing
training,SRR3290090,data/camda_amr_2025/processed/assemblies/train/SRR3290090.fasta,missing
training,SRR3290091,data/camda_amr_2025/processed/assemblies/train/SRR3290091.fasta,missing
training,SRR3294534,data/camda_amr_2025/processed/assemblies/train/SRR3294534.fasta,missing
training,SRR3295506,data/camda_amr_2025/processed/assemblies/train/SRR3295506.fasta,missing
training,SRR3295527,data/camda_amr_2025/processed/assemblies/train/SRR3295527.fasta,missing
training,SRR3295538,data/camda_amr_2025/processed/assemblies/train/SRR3295538.fasta,missing
training,SRR3295552,data/camda_amr_2025/processed/assemblies/train/SRR3295552.fasta,missing
training,SRR3295556,data/camda_amr_2025/processed/assemblies/train/SRR3295556.fasta,missing
training,SRR3295576,data/camda_amr_2025/processed/assemblies/train/SRR3295576.fasta,missing
training,SRR3295584,data/camda_amr_2025/processed/assemblies/train/SRR3295584.fasta,missing
training,SRR3295590,data/camda_amr_2025/processed/assemblies/train/SRR3295590.fasta,missing
training,SRR3295594,data/camda_amr_2025/processed/assemblies/train/SRR3295594.fasta,missing
training,SRR3295608,data/camda_amr_2025/processed/assemblies/train/SRR3295608.fasta,missing
training,SRR3295612,data/camda_amr_2025/processed/assemblies/train/SRR3295612.fasta,missing
training,SRR3295634,data/camda_amr_2025/processed/assemblies/train/SRR3295634.fasta,missing
training,SRR3295642,data/camda_amr_2025/processed/assemblies/train/SRR3295642.fasta,missing
training,SRR3295643,data/camda_amr_2025/processed/assemblies/train/SRR3295643.fasta,missing
training,SRR3295657,data/camda_amr_2025/processed/assemblies/train/SRR3295657.fasta,missing
training,SRR3295659,data/camda_amr_2025/processed/assemblies/train/SRR3295659.fasta,missing
training,SRR3295674,data/camda_amr_2025/processed/assemblies/train/SRR3295674.fasta,missing
training,SRR3295677,data/camda_amr_2025/processed/assemblies/train/SRR3295677.fasta,missing
training,SRR3295681,data/camda_amr_2025/processed/assemblies/train/SRR3295681.fasta,missing
training,SRR3295705,data/camda_amr_2025/processed/assemblies/train/SRR3295705.fasta,missing
training,SRR3295709,data/camda_amr_2025/processed/assemblies/train/SRR3295709.fasta,missing
training,SRR3295718,data/camda_amr_2025/processed/assemblies/train/SRR3295718.fasta,missing
training,SRR3295733,data/camda_amr_2025/processed/assemblies/train/SRR3295733.fasta,missing
training,SRR3295735,data/camda_amr_2025/processed/assemblies/train/SRR3295735.fasta,missing
training,SRR3295747,data/camda_amr_2025/processed/assemblies/train/SRR3295747.fasta,missing
training,SRR3295754,data/camda_amr_2025/processed/assemblies/train/SRR3295754.fasta,missing
training,SRR3295765,data/camda_amr_2025/processed/assemblies/train/SRR3295765.fasta,missing
training,SRR3295766,data/camda_amr_2025/processed/assemblies/train/SRR3295766.fasta,missing
training,SRR3295792,data/camda_amr_2025/processed/assemblies/train/SRR3295792.fasta,missing
training,SRR3295801,data/camda_amr_2025/processed/assemblies/train/SRR3295801.fasta,missing
training,SRR3295822,data/camda_amr_2025/processed/assemblies/train/SRR3295822.fasta,missing
training,SRR3295830,data/camda_amr_2025/processed/assemblies/train/SRR3295830.fasta,missing
training,SRR3295833,data/camda_amr_2025/processed/assemblies/train/SRR3295833.fasta,missing
training,SRR3295840,data/camda_amr_2025/processed/assemblies/train/SRR3295840.fasta,missing
training,SRR3295860,data/camda_amr_2025/processed/assemblies/train/SRR3295860.fasta,missing
training,SRR3295861,data/camda_amr_2025/processed/assemblies/train/SRR3295861.fasta,missing
training,SRR3295873,data/camda_amr_2025/processed/assemblies/train/SRR3295873.fasta,missing
training,SRR3295877,data/camda_amr_2025/processed/assemblies/train/SRR3295877.fasta,missing
training,SRR3295880,data/camda_amr_2025/processed/assemblies/train/SRR3295880.fasta,missing
training,SRR3295903,data/camda_amr_2025/processed/assemblies/train/SRR3295903.fasta,missing
training,SRR3295905,data/camda_amr_2025/processed/assemblies/train/SRR3295905.fasta,missing
training,SRR3295916,data/camda_amr_2025/processed/assemblies/train/SRR3295916.fasta,missing
training,SRR3295921,data/camda_amr_2025/processed/assemblies/train/SRR3295921.fasta,missing
training,SRR3295936,data/camda_amr_2025/processed/assemblies/train/SRR3295936.fasta,missing
training,SRR3295952,data/camda_amr_2025/processed/assemblies/train/SRR3295952.fasta,missing
training,SRR3297723,data/camda_amr_2025/processed/assemblies/train/SRR3297723.fasta,missing
training,SRR3297731,data/camda_amr_2025/processed/assemblies/train/SRR3297731.fasta,missing
training,SRR3297732,data/camda_amr_2025/processed/assemblies/train/SRR3297732.fasta,missing
training,SRR3297734,data/camda_amr_2025/processed/assemblies/train/SRR3297734.fasta,missing
training,SRR3297737,data/camda_amr_2025/processed/assemblies/train/SRR3297737.fasta,missing
training,SRR3297742,data/camda_amr_2025/processed/assemblies/train/SRR3297742.fasta,missing
training,SRR3306283,data/camda_amr_2025/processed/assemblies/train/SRR3306283.fasta,missing
training,SRR3319956,data/camda_amr_2025/processed/assemblies/train/SRR3319956.fasta,missing
training,SRR3319968,data/camda_amr_2025/processed/assemblies/train/SRR3319968.fasta,missing
training,SRR3319969,data/camda_amr_2025/processed/assemblies/train/SRR3319969.fasta,missing
training,SRR3319970,data/camda_amr_2025/processed/assemblies/train/SRR3319970.fasta,missing
training,SRR3319973,data/camda_amr_2025/processed/assemblies/train/SRR3319973.fasta,missing
training,SRR3319975,data/camda_amr_2025/processed/assemblies/train/SRR3319975.fasta,missing
training,SRR3319977,data/camda_amr_2025/processed/assemblies/train/SRR3319977.fasta,missing
training,SRR3319978,data/camda_amr_2025/processed/assemblies/train/SRR3319978.fasta,missing
training,SRR3319983,data/camda_amr_2025/processed/assemblies/train/SRR3319983.fasta,missing
training,SRR3319985,data/camda_amr_2025/processed/assemblies/train/SRR3319985.fasta,missing
training,SRR3319986,data/camda_amr_2025/processed/assemblies/train/SRR3319986.fasta,missing
training,SRR3319987,data/camda_amr_2025/processed/assemblies/train/SRR3319987.fasta,missing
training,SRR3319988,data/camda_amr_2025/processed/assemblies/train/SRR3319988.fasta,missing
training,SRR3319990,data/camda_amr_2025/processed/assemblies/train/SRR3319990.fasta,missing
training,SRR3319992,data/camda_amr_2025/processed/assemblies/train/SRR3319992.fasta,missing
training,SRR3319993,data/camda_amr_2025/processed/assemblies/train/SRR3319993.fasta,missing
training,SRR3319994,data/camda_amr_2025/processed/assemblies/train/SRR3319994.fasta,missing
training,SRR3319995,data/camda_amr_2025/processed/assemblies/train/SRR3319995.fasta,missing
training,SRR3320062,data/camda_amr_2025/processed/assemblies/train/SRR3320062.fasta,missing
training,SRR3321616,data/camda_amr_2025/processed/assemblies/train/SRR3321616.fasta,missing
training,SRR3321620,data/camda_amr_2025/processed/assemblies/train/SRR3321620.fasta,missing
training,SRR3321622,data/camda_amr_2025/processed/assemblies/train/SRR3321622.fasta,missing
training,SRR3321623,data/camda_amr_2025/processed/assemblies/train/SRR3321623.fasta,missing
training,SRR3321624,data/camda_amr_2025/processed/assemblies/train/SRR3321624.fasta,missing
training,SRR3321626,data/camda_amr_2025/processed/assemblies/train/SRR3321626.fasta,missing
training,SRR3321628,data/camda_amr_2025/processed/assemblies/train/SRR3321628.fasta,missing
training,SRR3321631,data/camda_amr_2025/processed/assemblies/train/SRR3321631.fasta,missing
training,SRR3321632,data/camda_amr_2025/processed/assemblies/train/SRR3321632.fasta,missing
training,SRR3321633,data/camda_amr_2025/processed/assemblies/train/SRR3321633.fasta,missing
training,SRR3321635,data/camda_amr_2025/processed/assemblies/train/SRR3321635.fasta,missing
training,SRR3321639,data/camda_amr_2025/processed/assemblies/train/SRR3321639.fasta,missing
training,SRR3321641,data/camda_amr_2025/processed/assemblies/train/SRR3321641.fasta,missing
training,SRR3321642,data/camda_amr_2025/processed/assemblies/train/SRR3321642.fasta,missing
training,SRR3321643,data/camda_amr_2025/processed/assemblies/train/SRR3321643.fasta,missing
training,SRR3321647,data/camda_amr_2025/processed/assemblies/train/SRR3321647.fasta,missing
training,SRR3321648,data/camda_amr_2025/processed/assemblies/train/SRR3321648.fasta,missing
training,SRR3321651,data/camda_amr_2025/processed/assemblies/train/SRR3321651.fasta,missing
training,SRR3321655,data/camda_amr_2025/processed/assemblies/train/SRR3321655.fasta,missing
training,SRR3330383,data/camda_amr_2025/processed/assemblies/train/SRR3330383.fasta,missing
training,SRR3330384,data/camda_amr_2025/processed/assemblies/train/SRR3330384.fasta,missing
training,SRR3330385,data/camda_amr_2025/processed/assemblies/train/SRR3330385.fasta,missing
training,SRR3330386,data/camda_amr_2025/processed/assemblies/train/SRR3330386.fasta,missing
training,SRR3330602,data/camda_amr_2025/processed/assemblies/train/SRR3330602.fasta,missing
training,SRR3344472,data/camda_amr_2025/processed/assemblies/train/SRR3344472.fasta,missing
training,SRR3345825,data/camda_amr_2025/processed/assemblies/train/SRR3345825.fasta,missing
training,SRR3345826,data/camda_amr_2025/processed/assemblies/train/SRR3345826.fasta,missing
training,SRR3345827,data/camda_amr_2025/processed/assemblies/train/SRR3345827.fasta,missing
training,SRR3345828,data/camda_amr_2025/processed/assemblies/train/SRR3345828.fasta,missing
training,SRR3345829,data/camda_amr_2025/processed/assemblies/train/SRR3345829.fasta,missing
training,SRR3345830,data/camda_amr_2025/processed/assemblies/train/SRR3345830.fasta,missing
training,SRR3345831,data/camda_amr_2025/processed/assemblies/train/SRR3345831.fasta,missing
training,SRR3345832,data/camda_amr_2025/processed/assemblies/train/SRR3345832.fasta,missing
training,SRR3345833,data/camda_amr_2025/processed/assemblies/train/SRR3345833.fasta,missing
training,SRR3345834,data/camda_amr_2025/processed/assemblies/train/SRR3345834.fasta,missing
training,SRR3350788,data/camda_amr_2025/processed/assemblies/train/SRR3350788.fasta,missing
training,SRR3350799,data/camda_amr_2025/processed/assemblies/train/SRR3350799.fasta,missing
training,SRR3350801,data/camda_amr_2025/processed/assemblies/train/SRR3350801.fasta,missing
training,SRR3350802,data/camda_amr_2025/processed/assemblies/train/SRR3350802.fasta,missing
training,SRR3350808,data/camda_amr_2025/processed/assemblies/train/SRR3350808.fasta,missing
training,SRR3350809,data/camda_amr_2025/processed/assemblies/train/SRR3350809.fasta,missing
training,SRR3350811,data/camda_amr_2025/processed/assemblies/train/SRR3350811.fasta,missing
training,SRR3350812,data/camda_amr_2025/processed/assemblies/train/SRR3350812.fasta,missing
training,SRR3350813,data/camda_amr_2025/processed/assemblies/train/SRR3350813.fasta,missing
training,SRR3350814,data/camda_amr_2025/processed/assemblies/train/SRR3350814.fasta,missing
training,SRR3350821,data/camda_amr_2025/processed/assemblies/train/SRR3350821.fasta,missing
training,SRR3350833,data/camda_amr_2025/processed/assemblies/train/SRR3350833.fasta,missing
training,SRR3350834,data/camda_amr_2025/processed/assemblies/train/SRR3350834.fasta,missing
training,SRR3350836,data/camda_amr_2025/processed/assemblies/train/SRR3350836.fasta,missing
training,SRR3350838,data/camda_amr_2025/processed/assemblies/train/SRR3350838.fasta,missing
training,SRR3350839,data/camda_amr_2025/processed/assemblies/train/SRR3350839.fasta,missing
training,SRR3350850,data/camda_amr_2025/processed/assemblies/train/SRR3350850.fasta,missing
training,SRR3350852,data/camda_amr_2025/processed/assemblies/train/SRR3350852.fasta,missing
training,SRR3350887,data/camda_amr_2025/processed/assemblies/train/SRR3350887.fasta,missing
training,SRR3350889,data/camda_amr_2025/processed/assemblies/train/SRR3350889.fasta,missing
training,SRR3350890,data/camda_amr_2025/processed/assemblies/train/SRR3350890.fasta,missing
training,SRR3350891,data/camda_amr_2025/processed/assemblies/train/SRR3350891.fasta,missing
training,SRR3350892,data/camda_amr_2025/processed/assemblies/train/SRR3350892.fasta,missing
training,SRR3350893,data/camda_amr_2025/processed/assemblies/train/SRR3350893.fasta,missing
training,SRR3350897,data/camda_amr_2025/processed/assemblies/train/SRR3350897.fasta,missing
training,SRR3350898,data/camda_amr_2025/processed/assemblies/train/SRR3350898.fasta,missing
training,SRR3350904,data/camda_amr_2025/processed/assemblies/train/SRR3350904.fasta,missing
training,SRR3350905,data/camda_amr_2025/processed/assemblies/train/SRR3350905.fasta,missing
training,SRR3350906,data/camda_amr_2025/processed/assemblies/train/SRR3350906.fasta,missing
training,SRR3402079,data/camda_amr_2025/processed/assemblies/train/SRR3402079.fasta,missing
training,SRR3402080,data/camda_amr_2025/processed/assemblies/train/SRR3402080.fasta,missing
training,SRR3402082,data/camda_amr_2025/processed/assemblies/train/SRR3402082.fasta,missing
training,SRR3402085,data/camda_amr_2025/processed/assemblies/train/SRR3402085.fasta,missing
training,SRR3402091,data/camda_amr_2025/processed/assemblies/train/SRR3402091.fasta,missing
training,SRR3402092,data/camda_amr_2025/processed/assemblies/train/SRR3402092.fasta,missing
training,SRR3402093,data/camda_amr_2025/processed/assemblies/train/SRR3402093.fasta,missing
training,SRR3402095,data/camda_amr_2025/processed/assemblies/train/SRR3402095.fasta,missing
training,SRR3402096,data/camda_amr_2025/processed/assemblies/train/SRR3402096.fasta,missing
training,SRR3402097,data/camda_amr_2025/processed/assemblies/train/SRR3402097.fasta,missing
training,SRR3402101,data/camda_amr_2025/processed/assemblies/train/SRR3402101.fasta,missing
training,SRR3402105,data/camda_amr_2025/processed/assemblies/train/SRR3402105.fasta,missing
training,SRR345192,data/camda_amr_2025/processed/assemblies/train/SRR345192.fasta,missing
training,SRR345210,data/camda_amr_2025/processed/assemblies/train/SRR345210.fasta,missing
training,SRR345241,data/camda_amr_2025/processed/assemblies/train/SRR345241.fasta,missing
training,SRR345251,data/camda_amr_2025/processed/assemblies/train/SRR345251.fasta,missing
training,SRR345258,data/camda_amr_2025/processed/assemblies/train/SRR345258.fasta,missing
training,SRR346335,data/camda_amr_2025/processed/assemblies/train/SRR346335.fasta,missing
training,SRR346337,data/camda_amr_2025/processed/assemblies/train/SRR346337.fasta,missing
training,SRR3475824,data/camda_amr_2025/processed/assemblies/train/SRR3475824.fasta,missing
training,SRR3475830,data/camda_amr_2025/processed/assemblies/train/SRR3475830.fasta,missing
training,SRR3475854,data/camda_amr_2025/processed/assemblies/train/SRR3475854.fasta,missing
training,SRR3475856,data/camda_amr_2025/processed/assemblies/train/SRR3475856.fasta,missing
training,SRR3475873,data/camda_amr_2025/processed/assemblies/train/SRR3475873.fasta,missing
training,SRR3479923,data/camda_amr_2025/processed/assemblies/train/SRR3479923.fasta,missing
training,SRR3479925,data/camda_amr_2025/processed/assemblies/train/SRR3479925.fasta,missing
training,SRR3479926,data/camda_amr_2025/processed/assemblies/train/SRR3479926.fasta,missing
training,SRR3479932,data/camda_amr_2025/processed/assemblies/train/SRR3479932.fasta,missing
training,SRR3479989,data/camda_amr_2025/processed/assemblies/train/SRR3479989.fasta,missing
training,SRR3479992,data/camda_amr_2025/processed/assemblies/train/SRR3479992.fasta,missing
training,SRR3479993,data/camda_amr_2025/processed/assemblies/train/SRR3479993.fasta,missing
training,SRR3479996,data/camda_amr_2025/processed/assemblies/train/SRR3479996.fasta,missing
training,SRR3479997,data/camda_amr_2025/processed/assemblies/train/SRR3479997.fasta,missing
training,SRR3479998,data/camda_amr_2025/processed/assemblies/train/SRR3479998.fasta,missing
training,SRR3479999,data/camda_amr_2025/processed/assemblies/train/SRR3479999.fasta,missing
training,SRR3480023,data/camda_amr_2025/processed/assemblies/train/SRR3480023.fasta,missing
training,SRR3480035,data/camda_amr_2025/processed/assemblies/train/SRR3480035.fasta,missing
training,SRR3502988,data/camda_amr_2025/processed/assemblies/train/SRR3502988.fasta,missing
training,SRR3502996,data/camda_amr_2025/processed/assemblies/train/SRR3502996.fasta,missing
training,SRR3503026,data/camda_amr_2025/processed/assemblies/train/SRR3503026.fasta,missing
training,SRR3503028,data/camda_amr_2025/processed/assemblies/train/SRR3503028.fasta,missing
training,SRR3503035,data/camda_amr_2025/processed/assemblies/train/SRR3503035.fasta,missing
training,SRR3503038,data/camda_amr_2025/processed/assemblies/train/SRR3503038.fasta,missing
training,SRR3503443,data/camda_amr_2025/processed/assemblies/train/SRR3503443.fasta,missing
training,SRR3503444,data/camda_amr_2025/processed/assemblies/train/SRR3503444.fasta,missing
training,SRR3503451,data/camda_amr_2025/processed/assemblies/train/SRR3503451.fasta,missing
training,SRR3503456,data/camda_amr_2025/processed/assemblies/train/SRR3503456.fasta,missing
training,SRR3503459,data/camda_amr_2025/processed/assemblies/train/SRR3503459.fasta,missing
training,SRR3503476,data/camda_amr_2025/processed/assemblies/train/SRR3503476.fasta,missing
training,SRR3503602,data/camda_amr_2025/processed/assemblies/train/SRR3503602.fasta,missing
training,SRR3503603,data/camda_amr_2025/processed/assemblies/train/SRR3503603.fasta,missing
training,SRR3503610,data/camda_amr_2025/processed/assemblies/train/SRR3503610.fasta,missing
training,SRR3503615,data/camda_amr_2025/processed/assemblies/train/SRR3503615.fasta,missing
training,SRR3503622,data/camda_amr_2025/processed/assemblies/train/SRR3503622.fasta,missing
training,SRR3503626,data/camda_amr_2025/processed/assemblies/train/SRR3503626.fasta,missing
training,SRR3503631,data/camda_amr_2025/processed/assemblies/train/SRR3503631.fasta,missing
training,SRR3503820,data/camda_amr_2025/processed/assemblies/train/SRR3503820.fasta,missing
training,SRR3503822,data/camda_amr_2025/processed/assemblies/train/SRR3503822.fasta,missing
training,SRR3503825,data/camda_amr_2025/processed/assemblies/train/SRR3503825.fasta,missing
training,SRR3503827,data/camda_amr_2025/processed/assemblies/train/SRR3503827.fasta,missing
training,SRR3503830,data/camda_amr_2025/processed/assemblies/train/SRR3503830.fasta,missing
training,SRR3503836,data/camda_amr_2025/processed/assemblies/train/SRR3503836.fasta,missing
training,SRR3503841,data/camda_amr_2025/processed/assemblies/train/SRR3503841.fasta,missing
training,SRR3503843,data/camda_amr_2025/processed/assemblies/train/SRR3503843.fasta,missing
training,SRR3503900,data/camda_amr_2025/processed/assemblies/train/SRR3503900.fasta,missing
training,SRR3503903,data/camda_amr_2025/processed/assemblies/train/SRR3503903.fasta,missing
training,SRR3503907,data/camda_amr_2025/processed/assemblies/train/SRR3503907.fasta,missing
training,SRR3503909,data/camda_amr_2025/processed/assemblies/train/SRR3503909.fasta,missing
training,SRR3503910,data/camda_amr_2025/processed/assemblies/train/SRR3503910.fasta,missing
training,SRR3503911,data/camda_amr_2025/processed/assemblies/train/SRR3503911.fasta,missing
training,SRR3503913,data/camda_amr_2025/processed/assemblies/train/SRR3503913.fasta,missing
training,SRR3504013,data/camda_amr_2025/processed/assemblies/train/SRR3504013.fasta,missing
training,SRR3504014,data/camda_amr_2025/processed/assemblies/train/SRR3504014.fasta,missing
training,SRR3504016,data/camda_amr_2025/processed/assemblies/train/SRR3504016.fasta,missing
training,SRR3504095,data/camda_amr_2025/processed/assemblies/train/SRR3504095.fasta,missing
training,SRR3504097,data/camda_amr_2025/processed/assemblies/train/SRR3504097.fasta,missing
training,SRR3504099,data/camda_amr_2025/processed/assemblies/train/SRR3504099.fasta,missing
training,SRR3504218,data/camda_amr_2025/processed/assemblies/train/SRR3504218.fasta,missing
training,SRR3509861,data/camda_amr_2025/processed/assemblies/train/SRR3509861.fasta,missing
training,SRR3509890,data/camda_amr_2025/processed/assemblies/train/SRR3509890.fasta,missing
training,SRR3509891,data/camda_amr_2025/processed/assemblies/train/SRR3509891.fasta,missing
training,SRR351246,data/camda_amr_2025/processed/assemblies/train/SRR351246.fasta,missing
training,SRR351488,data/camda_amr_2025/processed/assemblies/train/SRR351488.fasta,missing
training,SRR3536229,data/camda_amr_2025/processed/assemblies/train/SRR3536229.fasta,missing
training,SRR3543479,data/camda_amr_2025/processed/assemblies/train/SRR3543479.fasta,missing
training,SRR3543480,data/camda_amr_2025/processed/assemblies/train/SRR3543480.fasta,missing
training,SRR3543481,data/camda_amr_2025/processed/assemblies/train/SRR3543481.fasta,missing
training,SRR3543484,data/camda_amr_2025/processed/assemblies/train/SRR3543484.fasta,missing
training,SRR3543485,data/camda_amr_2025/processed/assemblies/train/SRR3543485.fasta,missing
training,SRR3543486,data/camda_amr_2025/processed/assemblies/train/SRR3543486.fasta,missing
training,SRR3543487,data/camda_amr_2025/processed/assemblies/train/SRR3543487.fasta,missing
training,SRR3543488,data/camda_amr_2025/processed/assemblies/train/SRR3543488.fasta,missing
training,SRR3543491,data/camda_amr_2025/processed/assemblies/train/SRR3543491.fasta,missing
training,SRR3543492,data/camda_amr_2025/processed/assemblies/train/SRR3543492.fasta,missing
training,SRR3543493,data/camda_amr_2025/processed/assemblies/train/SRR3543493.fasta,missing
training,SRR3543495,data/camda_amr_2025/processed/assemblies/train/SRR3543495.fasta,missing
training,SRR3543496,data/camda_amr_2025/processed/assemblies/train/SRR3543496.fasta,missing
training,SRR3543498,data/camda_amr_2025/processed/assemblies/train/SRR3543498.fasta,missing
training,SRR3543499,data/camda_amr_2025/processed/assemblies/train/SRR3543499.fasta,missing
training,SRR3543501,data/camda_amr_2025/processed/assemblies/train/SRR3543501.fasta,missing
training,SRR3543503,data/camda_amr_2025/processed/assemblies/train/SRR3543503.fasta,missing
training,SRR3543504,data/camda_amr_2025/processed/assemblies/train/SRR3543504.fasta,missing
training,SRR3543505,data/camda_amr_2025/processed/assemblies/train/SRR3543505.fasta,missing
training,SRR3543506,data/camda_amr_2025/processed/assemblies/train/SRR3543506.fasta,missing
training,SRR3543507,data/camda_amr_2025/processed/assemblies/train/SRR3543507.fasta,missing
training,SRR3543509,data/camda_amr_2025/processed/assemblies/train/SRR3543509.fasta,missing
training,SRR3543510,data/camda_amr_2025/processed/assemblies/train/SRR3543510.fasta,missing
training,SRR3545750,data/camda_amr_2025/processed/assemblies/train/SRR3545750.fasta,missing
training,SRR3545759,data/camda_amr_2025/processed/assemblies/train/SRR3545759.fasta,missing
training,SRR3545856,data/camda_amr_2025/processed/assemblies/train/SRR3545856.fasta,missing
training,SRR3545861,data/camda_amr_2025/processed/assemblies/train/SRR3545861.fasta,missing
training,SRR3545862,data/camda_amr_2025/processed/assemblies/train/SRR3545862.fasta,missing
training,SRR3545864,data/camda_amr_2025/processed/assemblies/train/SRR3545864.fasta,missing
training,SRR3545867,data/camda_amr_2025/processed/assemblies/train/SRR3545867.fasta,missing
training,SRR3545868,data/camda_amr_2025/processed/assemblies/train/SRR3545868.fasta,missing
training,SRR3545870,data/camda_amr_2025/processed/assemblies/train/SRR3545870.fasta,missing
training,SRR3545871,data/camda_amr_2025/processed/assemblies/train/SRR3545871.fasta,missing
training,SRR3545872,data/camda_amr_2025/processed/assemblies/train/SRR3545872.fasta,missing
training,SRR3545883,data/camda_amr_2025/processed/assemblies/train/SRR3545883.fasta,missing
training,SRR3545886,data/camda_amr_2025/processed/assemblies/train/SRR3545886.fasta,missing
training,SRR3545893,data/camda_amr_2025/processed/assemblies/train/SRR3545893.fasta,missing
training,SRR3545907,data/camda_amr_2025/processed/assemblies/train/SRR3545907.fasta,missing
training,SRR3545908,data/camda_amr_2025/processed/assemblies/train/SRR3545908.fasta,missing
training,SRR3545921,data/camda_amr_2025/processed/assemblies/train/SRR3545921.fasta,missing
training,SRR3545923,data/camda_amr_2025/processed/assemblies/train/SRR3545923.fasta,missing
training,SRR3545924,data/camda_amr_2025/processed/assemblies/train/SRR3545924.fasta,missing
training,SRR3545936,data/camda_amr_2025/processed/assemblies/train/SRR3545936.fasta,missing
training,SRR3575110,data/camda_amr_2025/processed/assemblies/train/SRR3575110.fasta,missing
training,SRR3575114,data/camda_amr_2025/processed/assemblies/train/SRR3575114.fasta,missing
training,SRR3575117,data/camda_amr_2025/processed/assemblies/train/SRR3575117.fasta,missing
training,SRR3575121,data/camda_amr_2025/processed/assemblies/train/SRR3575121.fasta,missing
training,SRR3583301,data/camda_amr_2025/processed/assemblies/train/SRR3583301.fasta,missing
training,SRR3583302,data/camda_amr_2025/processed/assemblies/train/SRR3583302.fasta,missing
training,SRR3583303,data/camda_amr_2025/processed/assemblies/train/SRR3583303.fasta,missing
training,SRR3583304,data/camda_amr_2025/processed/assemblies/train/SRR3583304.fasta,missing
training,SRR3583305,data/camda_amr_2025/processed/assemblies/train/SRR3583305.fasta,missing
training,SRR3583307,data/camda_amr_2025/processed/assemblies/train/SRR3583307.fasta,missing
training,SRR3583309,data/camda_amr_2025/processed/assemblies/train/SRR3583309.fasta,missing
training,SRR3583311,data/camda_amr_2025/processed/assemblies/train/SRR3583311.fasta,missing
training,SRR3583312,data/camda_amr_2025/processed/assemblies/train/SRR3583312.fasta,missing
training,SRR3583315,data/camda_amr_2025/processed/assemblies/train/SRR3583315.fasta,missing
training,SRR3583317,data/camda_amr_2025/processed/assemblies/train/SRR3583317.fasta,missing
training,SRR3583318,data/camda_amr_2025/processed/assemblies/train/SRR3583318.fasta,missing
training,SRR3583321,data/camda_amr_2025/processed/assemblies/train/SRR3583321.fasta,missing
training,SRR3583322,data/camda_amr_2025/processed/assemblies/train/SRR3583322.fasta,missing
training,SRR3583323,data/camda_amr_2025/processed/assemblies/train/SRR3583323.fasta,missing
training,SRR3588895,data/camda_amr_2025/processed/assemblies/train/SRR3588895.fasta,missing
training,SRR3588896,data/camda_amr_2025/processed/assemblies/train/SRR3588896.fasta,missing
training,SRR3588897,data/camda_amr_2025/processed/assemblies/train/SRR3588897.fasta,missing
training,SRR3611597,data/camda_amr_2025/processed/assemblies/train/SRR3611597.fasta,missing
training,SRR3611598,data/camda_amr_2025/processed/assemblies/train/SRR3611598.fasta,missing
training,SRR3611607,data/camda_amr_2025/processed/assemblies/train/SRR3611607.fasta,missing
training,SRR3611608,data/camda_amr_2025/processed/assemblies/train/SRR3611608.fasta,missing
training,SRR3611610,data/camda_amr_2025/processed/assemblies/train/SRR3611610.fasta,missing
training,SRR3611611,data/camda_amr_2025/processed/assemblies/train/SRR3611611.fasta,missing
training,SRR3611618,data/camda_amr_2025/processed/assemblies/train/SRR3611618.fasta,missing
training,SRR3611637,data/camda_amr_2025/processed/assemblies/train/SRR3611637.fasta,missing
training,SRR3611687,data/camda_amr_2025/processed/assemblies/train/SRR3611687.fasta,missing
training,SRR3611703,data/camda_amr_2025/processed/assemblies/train/SRR3611703.fasta,missing
training,SRR3611705,data/camda_amr_2025/processed/assemblies/train/SRR3611705.fasta,missing
training,SRR3611721,data/camda_amr_2025/processed/assemblies/train/SRR3611721.fasta,missing
training,SRR3611725,data/camda_amr_2025/processed/assemblies/train/SRR3611725.fasta,missing
training,SRR3611727,data/camda_amr_2025/processed/assemblies/train/SRR3611727.fasta,missing
training,SRR3611728,data/camda_amr_2025/processed/assemblies/train/SRR3611728.fasta,missing
training,SRR3611730,data/camda_amr_2025/processed/assemblies/train/SRR3611730.fasta,missing
training,SRR3611732,data/camda_amr_2025/processed/assemblies/train/SRR3611732.fasta,missing
training,SRR3611734,data/camda_amr_2025/processed/assemblies/train/SRR3611734.fasta,missing
training,SRR3611736,data/camda_amr_2025/processed/assemblies/train/SRR3611736.fasta,missing
training,SRR3611737,data/camda_amr_2025/processed/assemblies/train/SRR3611737.fasta,missing
training,SRR3611740,data/camda_amr_2025/processed/assemblies/train/SRR3611740.fasta,missing
training,SRR3611742,data/camda_amr_2025/processed/assemblies/train/SRR3611742.fasta,missing
training,SRR3611744,data/camda_amr_2025/processed/assemblies/train/SRR3611744.fasta,missing
training,SRR3611746,data/camda_amr_2025/processed/assemblies/train/SRR3611746.fasta,missing
training,SRR3611749,data/camda_amr_2025/processed/assemblies/train/SRR3611749.fasta,missing
training,SRR3611752,data/camda_amr_2025/processed/assemblies/train/SRR3611752.fasta,missing
training,SRR3611753,data/camda_amr_2025/processed/assemblies/train/SRR3611753.fasta,missing
training,SRR3611755,data/camda_amr_2025/processed/assemblies/train/SRR3611755.fasta,missing
training,SRR3611758,data/camda_amr_2025/processed/assemblies/train/SRR3611758.fasta,missing
training,SRR3611760,data/camda_amr_2025/processed/assemblies/train/SRR3611760.fasta,missing
training,SRR3611763,data/camda_amr_2025/processed/assemblies/train/SRR3611763.fasta,missing
training,SRR3611765,data/camda_amr_2025/processed/assemblies/train/SRR3611765.fasta,missing
training,SRR3611768,data/camda_amr_2025/processed/assemblies/train/SRR3611768.fasta,missing
training,SRR3615372,data/camda_amr_2025/processed/assemblies/train/SRR3615372.fasta,missing
training,SRR3615373,data/camda_amr_2025/processed/assemblies/train/SRR3615373.fasta,missing
training,SRR3618617,data/camda_amr_2025/processed/assemblies/train/SRR3618617.fasta,missing
training,SRR3618619,data/camda_amr_2025/processed/assemblies/train/SRR3618619.fasta,missing
training,SRR3618620,data/camda_amr_2025/processed/assemblies/train/SRR3618620.fasta,missing
training,SRR3618621,data/camda_amr_2025/processed/assemblies/train/SRR3618621.fasta,missing
training,SRR3618622,data/camda_amr_2025/processed/assemblies/train/SRR3618622.fasta,missing
training,SRR3618623,data/camda_amr_2025/processed/assemblies/train/SRR3618623.fasta,missing
training,SRR3618624,data/camda_amr_2025/processed/assemblies/train/SRR3618624.fasta,missing
training,SRR3618625,data/camda_amr_2025/processed/assemblies/train/SRR3618625.fasta,missing
training,SRR3618626,data/camda_amr_2025/processed/assemblies/train/SRR3618626.fasta,missing
training,SRR3618630,data/camda_amr_2025/processed/assemblies/train/SRR3618630.fasta,missing
training,SRR3618631,data/camda_amr_2025/processed/assemblies/train/SRR3618631.fasta,missing
training,SRR3618632,data/camda_amr_2025/processed/assemblies/train/SRR3618632.fasta,missing
training,SRR3618633,data/camda_amr_2025/processed/assemblies/train/SRR3618633.fasta,missing
training,SRR3618634,data/camda_amr_2025/processed/assemblies/train/SRR3618634.fasta,missing
training,SRR3649788,data/camda_amr_2025/processed/assemblies/train/SRR3649788.fasta,missing
training,SRR3664610,data/camda_amr_2025/processed/assemblies/train/SRR3664610.fasta,missing
training,SRR3664616,data/camda_amr_2025/processed/assemblies/train/SRR3664616.fasta,missing
training,SRR3664628,data/camda_amr_2025/processed/assemblies/train/SRR3664628.fasta,missing
training,SRR3664631,data/camda_amr_2025/processed/assemblies/train/SRR3664631.fasta,missing
training,SRR3664633,data/camda_amr_2025/processed/assemblies/train/SRR3664633.fasta,missing
training,SRR3664650,data/camda_amr_2025/processed/assemblies/train/SRR3664650.fasta,missing
training,SRR3664653,data/camda_amr_2025/processed/assemblies/train/SRR3664653.fasta,missing
training,SRR3664666,data/camda_amr_2025/processed/assemblies/train/SRR3664666.fasta,missing
training,SRR3664667,data/camda_amr_2025/processed/assemblies/train/SRR3664667.fasta,missing
training,SRR3664678,data/camda_amr_2025/processed/assemblies/train/SRR3664678.fasta,missing
training,SRR3664682,data/camda_amr_2025/processed/assemblies/train/SRR3664682.fasta,missing
training,SRR3664701,data/camda_amr_2025/processed/assemblies/train/SRR3664701.fasta,missing
training,SRR3664704,data/camda_amr_2025/processed/assemblies/train/SRR3664704.fasta,missing
training,SRR3664709,data/camda_amr_2025/processed/assemblies/train/SRR3664709.fasta,missing
training,SRR3664717,data/camda_amr_2025/processed/assemblies/train/SRR3664717.fasta,missing
training,SRR3664726,data/camda_amr_2025/processed/assemblies/train/SRR3664726.fasta,missing
training,SRR3664734,data/camda_amr_2025/processed/assemblies/train/SRR3664734.fasta,missing
training,SRR3664752,data/camda_amr_2025/processed/assemblies/train/SRR3664752.fasta,missing
training,SRR3664762,data/camda_amr_2025/processed/assemblies/train/SRR3664762.fasta,missing
training,SRR3664763,data/camda_amr_2025/processed/assemblies/train/SRR3664763.fasta,missing
training,SRR3664767,data/camda_amr_2025/processed/assemblies/train/SRR3664767.fasta,missing
training,SRR3664772,data/camda_amr_2025/processed/assemblies/train/SRR3664772.fasta,missing
training,SRR3664782,data/camda_amr_2025/processed/assemblies/train/SRR3664782.fasta,missing
training,SRR3664788,data/camda_amr_2025/processed/assemblies/train/SRR3664788.fasta,missing
training,SRR3664790,data/camda_amr_2025/processed/assemblies/train/SRR3664790.fasta,missing
training,SRR3664791,data/camda_amr_2025/processed/assemblies/train/SRR3664791.fasta,missing
training,SRR3664794,data/camda_amr_2025/processed/assemblies/train/SRR3664794.fasta,missing
training,SRR3664800,data/camda_amr_2025/processed/assemblies/train/SRR3664800.fasta,missing
training,SRR3664807,data/camda_amr_2025/processed/assemblies/train/SRR3664807.fasta,missing
training,SRR3664813,data/camda_amr_2025/processed/assemblies/train/SRR3664813.fasta,missing
training,SRR3664815,data/camda_amr_2025/processed/assemblies/train/SRR3664815.fasta,missing
training,SRR3664816,data/camda_amr_2025/processed/assemblies/train/SRR3664816.fasta,missing
training,SRR3664820,data/camda_amr_2025/processed/assemblies/train/SRR3664820.fasta,missing
training,SRR3664823,data/camda_amr_2025/processed/assemblies/train/SRR3664823.fasta,missing
training,SRR3664829,data/camda_amr_2025/processed/assemblies/train/SRR3664829.fasta,missing
training,SRR3664831,data/camda_amr_2025/processed/assemblies/train/SRR3664831.fasta,missing
training,SRR3664833,data/camda_amr_2025/processed/assemblies/train/SRR3664833.fasta,missing
training,SRR3664838,data/camda_amr_2025/processed/assemblies/train/SRR3664838.fasta,missing
training,SRR3664839,data/camda_amr_2025/processed/assemblies/train/SRR3664839.fasta,missing
training,SRR3664842,data/camda_amr_2025/processed/assemblies/train/SRR3664842.fasta,missing
training,SRR3664844,data/camda_amr_2025/processed/assemblies/train/SRR3664844.fasta,missing
training,SRR3664850,data/camda_amr_2025/processed/assemblies/train/SRR3664850.fasta,missing
training,SRR3664862,data/camda_amr_2025/processed/assemblies/train/SRR3664862.fasta,missing
training,SRR3664873,data/camda_amr_2025/processed/assemblies/train/SRR3664873.fasta,missing
training,SRR3664878,data/camda_amr_2025/processed/assemblies/train/SRR3664878.fasta,missing
training,SRR3664880,data/camda_amr_2025/processed/assemblies/train/SRR3664880.fasta,missing
training,SRR3664882,data/camda_amr_2025/processed/assemblies/train/SRR3664882.fasta,missing
training,SRR3664883,data/camda_amr_2025/processed/assemblies/train/SRR3664883.fasta,missing
training,SRR3664887,data/camda_amr_2025/processed/assemblies/train/SRR3664887.fasta,missing
training,SRR3664891,data/camda_amr_2025/processed/assemblies/train/SRR3664891.fasta,missing
training,SRR3664897,data/camda_amr_2025/processed/assemblies/train/SRR3664897.fasta,missing
training,SRR3664900,data/camda_amr_2025/processed/assemblies/train/SRR3664900.fasta,missing
training,SRR3664901,data/camda_amr_2025/processed/assemblies/train/SRR3664901.fasta,missing
training,SRR3664909,data/camda_amr_2025/processed/assemblies/train/SRR3664909.fasta,missing
training,SRR3664914,data/camda_amr_2025/processed/assemblies/train/SRR3664914.fasta,missing
training,SRR3664919,data/camda_amr_2025/processed/assemblies/train/SRR3664919.fasta,missing
training,SRR3664927,data/camda_amr_2025/processed/assemblies/train/SRR3664927.fasta,missing
training,SRR3664928,data/camda_amr_2025/processed/assemblies/train/SRR3664928.fasta,missing
training,SRR3664931,data/camda_amr_2025/processed/assemblies/train/SRR3664931.fasta,missing
training,SRR3664932,data/camda_amr_2025/processed/assemblies/train/SRR3664932.fasta,missing
training,SRR3664949,data/camda_amr_2025/processed/assemblies/train/SRR3664949.fasta,missing
training,SRR3664961,data/camda_amr_2025/processed/assemblies/train/SRR3664961.fasta,missing
training,SRR3664962,data/camda_amr_2025/processed/assemblies/train/SRR3664962.fasta,missing
training,SRR3664978,data/camda_amr_2025/processed/assemblies/train/SRR3664978.fasta,missing
training,SRR3664982,data/camda_amr_2025/processed/assemblies/train/SRR3664982.fasta,missing
training,SRR3664998,data/camda_amr_2025/processed/assemblies/train/SRR3664998.fasta,missing
training,SRR3664999,data/camda_amr_2025/processed/assemblies/train/SRR3664999.fasta,missing
training,SRR3665012,data/camda_amr_2025/processed/assemblies/train/SRR3665012.fasta,missing
training,SRR3665021,data/camda_amr_2025/processed/assemblies/train/SRR3665021.fasta,missing
training,SRR3665023,data/camda_amr_2025/processed/assemblies/train/SRR3665023.fasta,missing
training,SRR3665032,data/camda_amr_2025/processed/assemblies/train/SRR3665032.fasta,missing
training,SRR3665037,data/camda_amr_2025/processed/assemblies/train/SRR3665037.fasta,missing
training,SRR3665059,data/camda_amr_2025/processed/assemblies/train/SRR3665059.fasta,missing
training,SRR3665061,data/camda_amr_2025/processed/assemblies/train/SRR3665061.fasta,missing
training,SRR3665072,data/camda_amr_2025/processed/assemblies/train/SRR3665072.fasta,missing
training,SRR3665074,data/camda_amr_2025/processed/assemblies/train/SRR3665074.fasta,missing
training,SRR3665076,data/camda_amr_2025/processed/assemblies/train/SRR3665076.fasta,missing
training,SRR3665078,data/camda_amr_2025/processed/assemblies/train/SRR3665078.fasta,missing
training,SRR3665084,data/camda_amr_2025/processed/assemblies/train/SRR3665084.fasta,missing
training,SRR3665086,data/camda_amr_2025/processed/assemblies/train/SRR3665086.fasta,missing
training,SRR3665087,data/camda_amr_2025/processed/assemblies/train/SRR3665087.fasta,missing
training,SRR3665091,data/camda_amr_2025/processed/assemblies/train/SRR3665091.fasta,missing
training,SRR3665094,data/camda_amr_2025/processed/assemblies/train/SRR3665094.fasta,missing
training,SRR3665099,data/camda_amr_2025/processed/assemblies/train/SRR3665099.fasta,missing
training,SRR3665114,data/camda_amr_2025/processed/assemblies/train/SRR3665114.fasta,missing
training,SRR3665115,data/camda_amr_2025/processed/assemblies/train/SRR3665115.fasta,missing
training,SRR3665123,data/camda_amr_2025/processed/assemblies/train/SRR3665123.fasta,missing
training,SRR3665129,data/camda_amr_2025/processed/assemblies/train/SRR3665129.fasta,missing
training,SRR3665130,data/camda_amr_2025/processed/assemblies/train/SRR3665130.fasta,missing
training,SRR3665132,data/camda_amr_2025/processed/assemblies/train/SRR3665132.fasta,missing
training,SRR3665145,data/camda_amr_2025/processed/assemblies/train/SRR3665145.fasta,missing
training,SRR3665148,data/camda_amr_2025/processed/assemblies/train/SRR3665148.fasta,missing
training,SRR3665149,data/camda_amr_2025/processed/assemblies/train/SRR3665149.fasta,missing
training,SRR3665152,data/camda_amr_2025/processed/assemblies/train/SRR3665152.fasta,missing
training,SRR3665171,data/camda_amr_2025/processed/assemblies/train/SRR3665171.fasta,missing
training,SRR3665173,data/camda_amr_2025/processed/assemblies/train/SRR3665173.fasta,missing
training,SRR3665187,data/camda_amr_2025/processed/assemblies/train/SRR3665187.fasta,missing
training,SRR3665188,data/camda_amr_2025/processed/assemblies/train/SRR3665188.fasta,missing
training,SRR3665198,data/camda_amr_2025/processed/assemblies/train/SRR3665198.fasta,missing
training,SRR3665202,data/camda_amr_2025/processed/assemblies/train/SRR3665202.fasta,missing
training,SRR3665208,data/camda_amr_2025/processed/assemblies/train/SRR3665208.fasta,missing
training,SRR3665209,data/camda_amr_2025/processed/assemblies/train/SRR3665209.fasta,missing
training,SRR3665223,data/camda_amr_2025/processed/assemblies/train/SRR3665223.fasta,missing
training,SRR3665228,data/camda_amr_2025/processed/assemblies/train/SRR3665228.fasta,missing
training,SRR3665260,data/camda_amr_2025/processed/assemblies/train/SRR3665260.fasta,missing
training,SRR3665263,data/camda_amr_2025/processed/assemblies/train/SRR3665263.fasta,missing
training,SRR3665276,data/camda_amr_2025/processed/assemblies/train/SRR3665276.fasta,missing
training,SRR3665288,data/camda_amr_2025/processed/assemblies/train/SRR3665288.fasta,missing
training,SRR3665306,data/camda_amr_2025/processed/assemblies/train/SRR3665306.fasta,missing
training,SRR3665313,data/camda_amr_2025/processed/assemblies/train/SRR3665313.fasta,missing
training,SRR3666031,data/camda_amr_2025/processed/assemblies/train/SRR3666031.fasta,missing
training,SRR3666032,data/camda_amr_2025/processed/assemblies/train/SRR3666032.fasta,missing
training,SRR3666035,data/camda_amr_2025/processed/assemblies/train/SRR3666035.fasta,missing
training,SRR3666044,data/camda_amr_2025/processed/assemblies/train/SRR3666044.fasta,missing
training,SRR3666049,data/camda_amr_2025/processed/assemblies/train/SRR3666049.fasta,missing
training,SRR3666066,data/camda_amr_2025/processed/assemblies/train/SRR3666066.fasta,missing
training,SRR3666068,data/camda_amr_2025/processed/assemblies/train/SRR3666068.fasta,missing
training,SRR3666069,data/camda_amr_2025/processed/assemblies/train/SRR3666069.fasta,missing
training,SRR3666070,data/camda_amr_2025/processed/assemblies/train/SRR3666070.fasta,missing
training,SRR3666075,data/camda_amr_2025/processed/assemblies/train/SRR3666075.fasta,missing
training,SRR3666076,data/camda_amr_2025/processed/assemblies/train/SRR3666076.fasta,missing
training,SRR3666077,data/camda_amr_2025/processed/assemblies/train/SRR3666077.fasta,missing
training,SRR3666677,data/camda_amr_2025/processed/assemblies/train/SRR3666677.fasta,missing
training,SRR3666678,data/camda_amr_2025/processed/assemblies/train/SRR3666678.fasta,missing
training,SRR3666679,data/camda_amr_2025/processed/assemblies/train/SRR3666679.fasta,missing
training,SRR3666681,data/camda_amr_2025/processed/assemblies/train/SRR3666681.fasta,missing
training,SRR3666710,data/camda_amr_2025/processed/assemblies/train/SRR3666710.fasta,missing
training,SRR3666711,data/camda_amr_2025/processed/assemblies/train/SRR3666711.fasta,missing
training,SRR3666712,data/camda_amr_2025/processed/assemblies/train/SRR3666712.fasta,missing
training,SRR3666713,data/camda_amr_2025/processed/assemblies/train/SRR3666713.fasta,missing
training,SRR3666715,data/camda_amr_2025/processed/assemblies/train/SRR3666715.fasta,missing
training,SRR3666717,data/camda_amr_2025/processed/assemblies/train/SRR3666717.fasta,missing
training,SRR3666718,data/camda_amr_2025/processed/assemblies/train/SRR3666718.fasta,missing
training,SRR3666721,data/camda_amr_2025/processed/assemblies/train/SRR3666721.fasta,missing
training,SRR3666740,data/camda_amr_2025/processed/assemblies/train/SRR3666740.fasta,missing
training,SRR3666741,data/camda_amr_2025/processed/assemblies/train/SRR3666741.fasta,missing
training,SRR3710035,data/camda_amr_2025/processed/assemblies/train/SRR3710035.fasta,missing
training,SRR3710221,data/camda_amr_2025/processed/assemblies/train/SRR3710221.fasta,missing
training,SRR3726334,data/camda_amr_2025/processed/assemblies/train/SRR3726334.fasta,missing
training,SRR3726391,data/camda_amr_2025/processed/assemblies/train/SRR3726391.fasta,missing
training,SRR3726393,data/camda_amr_2025/processed/assemblies/train/SRR3726393.fasta,missing
training,SRR3726394,data/camda_amr_2025/processed/assemblies/train/SRR3726394.fasta,missing
training,SRR3726395,data/camda_amr_2025/processed/assemblies/train/SRR3726395.fasta,missing
training,SRR3726397,data/camda_amr_2025/processed/assemblies/train/SRR3726397.fasta,missing
training,SRR3726398,data/camda_amr_2025/processed/assemblies/train/SRR3726398.fasta,missing
training,SRR3726400,data/camda_amr_2025/processed/assemblies/train/SRR3726400.fasta,missing
training,SRR3726402,data/camda_amr_2025/processed/assemblies/train/SRR3726402.fasta,missing
training,SRR3726425,data/camda_amr_2025/processed/assemblies/train/SRR3726425.fasta,missing
training,SRR3726428,data/camda_amr_2025/processed/assemblies/train/SRR3726428.fasta,missing
training,SRR3726429,data/camda_amr_2025/processed/assemblies/train/SRR3726429.fasta,missing
training,SRR3726432,data/camda_amr_2025/processed/assemblies/train/SRR3726432.fasta,missing
training,SRR3726436,data/camda_amr_2025/processed/assemblies/train/SRR3726436.fasta,missing
training,SRR3726437,data/camda_amr_2025/processed/assemblies/train/SRR3726437.fasta,missing
training,SRR3726438,data/camda_amr_2025/processed/assemblies/train/SRR3726438.fasta,missing
training,SRR3726439,data/camda_amr_2025/processed/assemblies/train/SRR3726439.fasta,missing
training,SRR3726440,data/camda_amr_2025/processed/assemblies/train/SRR3726440.fasta,missing
training,SRR3726441,data/camda_amr_2025/processed/assemblies/train/SRR3726441.fasta,missing
training,SRR3765052,data/camda_amr_2025/processed/assemblies/train/SRR3765052.fasta,missing
training,SRR3765054,data/camda_amr_2025/processed/assemblies/train/SRR3765054.fasta,missing
training,SRR3771471,data/camda_amr_2025/processed/assemblies/train/SRR3771471.fasta,missing
training,SRR3771472,data/camda_amr_2025/processed/assemblies/train/SRR3771472.fasta,missing
training,SRR3774210,data/camda_amr_2025/processed/assemblies/train/SRR3774210.fasta,missing
training,SRR3774212,data/camda_amr_2025/processed/assemblies/train/SRR3774212.fasta,missing
training,SRR3774213,data/camda_amr_2025/processed/assemblies/train/SRR3774213.fasta,missing
training,SRR3774215,data/camda_amr_2025/processed/assemblies/train/SRR3774215.fasta,missing
training,SRR3774251,data/camda_amr_2025/processed/assemblies/train/SRR3774251.fasta,missing
training,SRR3774252,data/camda_amr_2025/processed/assemblies/train/SRR3774252.fasta,missing
training,SRR3774322,data/camda_amr_2025/processed/assemblies/train/SRR3774322.fasta,missing
training,SRR3774323,data/camda_amr_2025/processed/assemblies/train/SRR3774323.fasta,missing
training,SRR3774324,data/camda_amr_2025/processed/assemblies/train/SRR3774324.fasta,missing
training,SRR3774325,data/camda_amr_2025/processed/assemblies/train/SRR3774325.fasta,missing
training,SRR3774326,data/camda_amr_2025/processed/assemblies/train/SRR3774326.fasta,missing
training,SRR3774341,data/camda_amr_2025/processed/assemblies/train/SRR3774341.fasta,missing
training,SRR3774343,data/camda_amr_2025/processed/assemblies/train/SRR3774343.fasta,missing
training,SRR3774344,data/camda_amr_2025/processed/assemblies/train/SRR3774344.fasta,missing
training,SRR3774368,data/camda_amr_2025/processed/assemblies/train/SRR3774368.fasta,missing
training,SRR3774374,data/camda_amr_2025/processed/assemblies/train/SRR3774374.fasta,missing
training,SRR3779203,data/camda_amr_2025/processed/assemblies/train/SRR3779203.fasta,missing
training,SRR3878674,data/camda_amr_2025/processed/assemblies/train/SRR3878674.fasta,missing
training,SRR3886565,data/camda_amr_2025/processed/assemblies/train/SRR3886565.fasta,missing
training,SRR3886579,data/camda_amr_2025/processed/assemblies/train/SRR3886579.fasta,missing
training,SRR3886583,data/camda_amr_2025/processed/assemblies/train/SRR3886583.fasta,missing
training,SRR3886584,data/camda_amr_2025/processed/assemblies/train/SRR3886584.fasta,missing
training,SRR3925096,data/camda_amr_2025/processed/assemblies/train/SRR3925096.fasta,missing
training,SRR3925104,data/camda_amr_2025/processed/assemblies/train/SRR3925104.fasta,missing
training,SRR3928599,data/camda_amr_2025/processed/assemblies/train/SRR3928599.fasta,missing
training,SRR3928600,data/camda_amr_2025/processed/assemblies/train/SRR3928600.fasta,missing
training,SRR3928601,data/camda_amr_2025/processed/assemblies/train/SRR3928601.fasta,missing
training,SRR3928602,data/camda_amr_2025/processed/assemblies/train/SRR3928602.fasta,missing
training,SRR3928603,data/camda_amr_2025/processed/assemblies/train/SRR3928603.fasta,missing
training,SRR3928604,data/camda_amr_2025/processed/assemblies/train/SRR3928604.fasta,missing
training,SRR3928605,data/camda_amr_2025/processed/assemblies/train/SRR3928605.fasta,missing
training,SRR3928606,data/camda_amr_2025/processed/assemblies/train/SRR3928606.fasta,missing
training,SRR3928608,data/camda_amr_2025/processed/assemblies/train/SRR3928608.fasta,missing
training,SRR3928610,data/camda_amr_2025/processed/assemblies/train/SRR3928610.fasta,missing
training,SRR3928611,data/camda_amr_2025/processed/assemblies/train/SRR3928611.fasta,missing
training,SRR3928612,data/camda_amr_2025/processed/assemblies/train/SRR3928612.fasta,missing
training,SRR3928614,data/camda_amr_2025/processed/assemblies/train/SRR3928614.fasta,missing
training,SRR3928616,data/camda_amr_2025/processed/assemblies/train/SRR3928616.fasta,missing
training,SRR3928619,data/camda_amr_2025/processed/assemblies/train/SRR3928619.fasta,missing
training,SRR3928620,data/camda_amr_2025/processed/assemblies/train/SRR3928620.fasta,missing
training,SRR3928674,data/camda_amr_2025/processed/assemblies/train/SRR3928674.fasta,missing
training,SRR3928679,data/camda_amr_2025/processed/assemblies/train/SRR3928679.fasta,missing
training,SRR3928681,data/camda_amr_2025/processed/assemblies/train/SRR3928681.fasta,missing
training,SRR3928684,data/camda_amr_2025/processed/assemblies/train/SRR3928684.fasta,missing
training,SRR3932416,data/camda_amr_2025/processed/assemblies/train/SRR3932416.fasta,missing
training,SRR3932418,data/camda_amr_2025/processed/assemblies/train/SRR3932418.fasta,missing
training,SRR3932419,data/camda_amr_2025/processed/assemblies/train/SRR3932419.fasta,missing
training,SRR3932420,data/camda_amr_2025/processed/assemblies/train/SRR3932420.fasta,missing
training,SRR3932421,data/camda_amr_2025/processed/assemblies/train/SRR3932421.fasta,missing
training,SRR3932425,data/camda_amr_2025/processed/assemblies/train/SRR3932425.fasta,missing
training,SRR3932426,data/camda_amr_2025/processed/assemblies/train/SRR3932426.fasta,missing
training,SRR3932427,data/camda_amr_2025/processed/assemblies/train/SRR3932427.fasta,missing
training,SRR3932428,data/camda_amr_2025/processed/assemblies/train/SRR3932428.fasta,missing
training,SRR3932429,data/camda_amr_2025/processed/assemblies/train/SRR3932429.fasta,missing
training,SRR3932890,data/camda_amr_2025/processed/assemblies/train/SRR3932890.fasta,missing
training,SRR3932893,data/camda_amr_2025/processed/assemblies/train/SRR3932893.fasta,missing
training,SRR3932905,data/camda_amr_2025/processed/assemblies/train/SRR3932905.fasta,missing
training,SRR3932907,data/camda_amr_2025/processed/assemblies/train/SRR3932907.fasta,missing
training,SRR3932924,data/camda_amr_2025/processed/assemblies/train/SRR3932924.fasta,missing
training,SRR3932927,data/camda_amr_2025/processed/assemblies/train/SRR3932927.fasta,missing
training,SRR3932930,data/camda_amr_2025/processed/assemblies/train/SRR3932930.fasta,missing
training,SRR3932939,data/camda_amr_2025/processed/assemblies/train/SRR3932939.fasta,missing
training,SRR3932945,data/camda_amr_2025/processed/assemblies/train/SRR3932945.fasta,missing
training,SRR3932946,data/camda_amr_2025/processed/assemblies/train/SRR3932946.fasta,missing
training,SRR3932953,data/camda_amr_2025/processed/assemblies/train/SRR3932953.fasta,missing
training,SRR3932960,data/camda_amr_2025/processed/assemblies/train/SRR3932960.fasta,missing
training,SRR3932977,data/camda_amr_2025/processed/assemblies/train/SRR3932977.fasta,missing
training,SRR3932980,data/camda_amr_2025/processed/assemblies/train/SRR3932980.fasta,missing
training,SRR3932995,data/camda_amr_2025/processed/assemblies/train/SRR3932995.fasta,missing
training,SRR3932999,data/camda_amr_2025/processed/assemblies/train/SRR3932999.fasta,missing
training,SRR3933012,data/camda_amr_2025/processed/assemblies/train/SRR3933012.fasta,missing
training,SRR3933015,data/camda_amr_2025/processed/assemblies/train/SRR3933015.fasta,missing
training,SRR3933022,data/camda_amr_2025/processed/assemblies/train/SRR3933022.fasta,missing
training,SRR3933025,data/camda_amr_2025/processed/assemblies/train/SRR3933025.fasta,missing
training,SRR3933029,data/camda_amr_2025/processed/assemblies/train/SRR3933029.fasta,missing
training,SRR3933042,data/camda_amr_2025/processed/assemblies/train/SRR3933042.fasta,missing
training,SRR3933052,data/camda_amr_2025/processed/assemblies/train/SRR3933052.fasta,missing
training,SRR3933055,data/camda_amr_2025/processed/assemblies/train/SRR3933055.fasta,missing
training,SRR3933057,data/camda_amr_2025/processed/assemblies/train/SRR3933057.fasta,missing
training,SRR3933059,data/camda_amr_2025/processed/assemblies/train/SRR3933059.fasta,missing
training,SRR3933072,data/camda_amr_2025/processed/assemblies/train/SRR3933072.fasta,missing
training,SRR3933078,data/camda_amr_2025/processed/assemblies/train/SRR3933078.fasta,missing
training,SRR3953090,data/camda_amr_2025/processed/assemblies/train/SRR3953090.fasta,missing
training,SRR3953095,data/camda_amr_2025/processed/assemblies/train/SRR3953095.fasta,missing
training,SRR3953096,data/camda_amr_2025/processed/assemblies/train/SRR3953096.fasta,missing
training,SRR3953098,data/camda_amr_2025/processed/assemblies/train/SRR3953098.fasta,missing
training,SRR3953105,data/camda_amr_2025/processed/assemblies/train/SRR3953105.fasta,missing
training,SRR3953109,data/camda_amr_2025/processed/assemblies/train/SRR3953109.fasta,missing
training,SRR3953110,data/camda_amr_2025/processed/assemblies/train/SRR3953110.fasta,missing
training,SRR3953113,data/camda_amr_2025/processed/assemblies/train/SRR3953113.fasta,missing
training,SRR3953114,data/camda_amr_2025/processed/assemblies/train/SRR3953114.fasta,missing
training,SRR3953115,data/camda_amr_2025/processed/assemblies/train/SRR3953115.fasta,missing
training,SRR3953116,data/camda_amr_2025/processed/assemblies/train/SRR3953116.fasta,missing
training,SRR3953117,data/camda_amr_2025/processed/assemblies/train/SRR3953117.fasta,missing
training,SRR3982097,data/camda_amr_2025/processed/assemblies/train/SRR3982097.fasta,missing
training,SRR3982099,data/camda_amr_2025/processed/assemblies/train/SRR3982099.fasta,missing
training,SRR3982152,data/camda_amr_2025/processed/assemblies/train/SRR3982152.fasta,missing
training,SRR3982153,data/camda_amr_2025/processed/assemblies/train/SRR3982153.fasta,missing
training,SRR3982177,data/camda_amr_2025/processed/assemblies/train/SRR3982177.fasta,missing
training,SRR3982215,data/camda_amr_2025/processed/assemblies/train/SRR3982215.fasta,missing
training,SRR3982316,data/camda_amr_2025/processed/assemblies/train/SRR3982316.fasta,missing
training,SRR3982317,data/camda_amr_2025/processed/assemblies/train/SRR3982317.fasta,missing
training,SRR3982375,data/camda_amr_2025/processed/assemblies/train/SRR3982375.fasta,missing
training,SRR3982376,data/camda_amr_2025/processed/assemblies/train/SRR3982376.fasta,missing
training,SRR3982377,data/camda_amr_2025/processed/assemblies/train/SRR3982377.fasta,missing
training,SRR3987112,data/camda_amr_2025/processed/assemblies/train/SRR3987112.fasta,missing
training,SRR3987118,data/camda_amr_2025/processed/assemblies/train/SRR3987118.fasta,missing
training,SRR3987122,data/camda_amr_2025/processed/assemblies/train/SRR3987122.fasta,missing
training,SRR3987126,data/camda_amr_2025/processed/assemblies/train/SRR3987126.fasta,missing
training,SRR3987128,data/camda_amr_2025/processed/assemblies/train/SRR3987128.fasta,missing
training,SRR3987130,data/camda_amr_2025/processed/assemblies/train/SRR3987130.fasta,missing
training,SRR3987135,data/camda_amr_2025/processed/assemblies/train/SRR3987135.fasta,missing
training,SRR398894,data/camda_amr_2025/processed/assemblies/train/SRR398894.fasta,missing
training,SRR398901,data/camda_amr_2025/processed/assemblies/train/SRR398901.fasta,missing
training,SRR398905,data/camda_amr_2025/processed/assemblies/train/SRR398905.fasta,missing
training,SRR398907,data/camda_amr_2025/processed/assemblies/train/SRR398907.fasta,missing
training,SRR3995455,data/camda_amr_2025/processed/assemblies/train/SRR3995455.fasta,missing
training,SRR3995456,data/camda_amr_2025/processed/assemblies/train/SRR3995456.fasta,missing
training,SRR3995457,data/camda_amr_2025/processed/assemblies/train/SRR3995457.fasta,missing
training,SRR3995955,data/camda_amr_2025/processed/assemblies/train/SRR3995955.fasta,missing
training,SRR3995959,data/camda_amr_2025/processed/assemblies/train/SRR3995959.fasta,missing
training,SRR3995960,data/camda_amr_2025/processed/assemblies/train/SRR3995960.fasta,missing
training,SRR3995962,data/camda_amr_2025/processed/assemblies/train/SRR3995962.fasta,missing
training,SRR3995963,data/camda_amr_2025/processed/assemblies/train/SRR3995963.fasta,missing
training,SRR3995964,data/camda_amr_2025/processed/assemblies/train/SRR3995964.fasta,missing
training,SRR3995965,data/camda_amr_2025/processed/assemblies/train/SRR3995965.fasta,missing
training,SRR3995966,data/camda_amr_2025/processed/assemblies/train/SRR3995966.fasta,missing
training,SRR3995967,data/camda_amr_2025/processed/assemblies/train/SRR3995967.fasta,missing
training,SRR3995968,data/camda_amr_2025/processed/assemblies/train/SRR3995968.fasta,missing
training,SRR3995969,data/camda_amr_2025/processed/assemblies/train/SRR3995969.fasta,missing
training,SRR3995970,data/camda_amr_2025/processed/assemblies/train/SRR3995970.fasta,missing
training,SRR3995971,data/camda_amr_2025/processed/assemblies/train/SRR3995971.fasta,missing
training,SRR3995973,data/camda_amr_2025/processed/assemblies/train/SRR3995973.fasta,missing
training,SRR3995974,data/camda_amr_2025/processed/assemblies/train/SRR3995974.fasta,missing
training,SRR3995975,data/camda_amr_2025/processed/assemblies/train/SRR3995975.fasta,missing
training,SRR3995976,data/camda_amr_2025/processed/assemblies/train/SRR3995976.fasta,missing
training,SRR3995977,data/camda_amr_2025/processed/assemblies/train/SRR3995977.fasta,missing
training,SRR3995979,data/camda_amr_2025/processed/assemblies/train/SRR3995979.fasta,missing
training,SRR3995980,data/camda_amr_2025/processed/assemblies/train/SRR3995980.fasta,missing
training,SRR3995981,data/camda_amr_2025/processed/assemblies/train/SRR3995981.fasta,missing
training,SRR3995982,data/camda_amr_2025/processed/assemblies/train/SRR3995982.fasta,missing
training,SRR3995983,data/camda_amr_2025/processed/assemblies/train/SRR3995983.fasta,missing
training,SRR3995984,data/camda_amr_2025/processed/assemblies/train/SRR3995984.fasta,missing
training,SRR3996236,data/camda_amr_2025/processed/assemblies/train/SRR3996236.fasta,missing
training,SRR3996237,data/camda_amr_2025/processed/assemblies/train/SRR3996237.fasta,missing
training,SRR3996241,data/camda_amr_2025/processed/assemblies/train/SRR3996241.fasta,missing
training,SRR3996243,data/camda_amr_2025/processed/assemblies/train/SRR3996243.fasta,missing
training,SRR3996244,data/camda_amr_2025/processed/assemblies/train/SRR3996244.fasta,missing
training,SRR3996246,data/camda_amr_2025/processed/assemblies/train/SRR3996246.fasta,missing
training,SRR3996249,data/camda_amr_2025/processed/assemblies/train/SRR3996249.fasta,missing
training,SRR3996254,data/camda_amr_2025/processed/assemblies/train/SRR3996254.fasta,missing
training,SRR3996255,data/camda_amr_2025/processed/assemblies/train/SRR3996255.fasta,missing
training,SRR3996259,data/camda_amr_2025/processed/assemblies/train/SRR3996259.fasta,missing
training,SRR3996260,data/camda_amr_2025/processed/assemblies/train/SRR3996260.fasta,missing
training,SRR4005443,data/camda_amr_2025/processed/assemblies/train/SRR4005443.fasta,missing
training,SRR4017813,data/camda_amr_2025/processed/assemblies/train/SRR4017813.fasta,missing
training,SRR4017814,data/camda_amr_2025/processed/assemblies/train/SRR4017814.fasta,missing
training,SRR4017827,data/camda_amr_2025/processed/assemblies/train/SRR4017827.fasta,missing
training,SRR4017832,data/camda_amr_2025/processed/assemblies/train/SRR4017832.fasta,missing
training,SRR4017837,data/camda_amr_2025/processed/assemblies/train/SRR4017837.fasta,missing
training,SRR4017838,data/camda_amr_2025/processed/assemblies/train/SRR4017838.fasta,missing
training,SRR4017839,data/camda_amr_2025/processed/assemblies/train/SRR4017839.fasta,missing
training,SRR4017840,data/camda_amr_2025/processed/assemblies/train/SRR4017840.fasta,missing
training,SRR4017842,data/camda_amr_2025/processed/assemblies/train/SRR4017842.fasta,missing
training,SRR4017845,data/camda_amr_2025/processed/assemblies/train/SRR4017845.fasta,missing
training,SRR4017851,data/camda_amr_2025/processed/assemblies/train/SRR4017851.fasta,missing
training,SRR4017853,data/camda_amr_2025/processed/assemblies/train/SRR4017853.fasta,missing
training,SRR4017854,data/camda_amr_2025/processed/assemblies/train/SRR4017854.fasta,missing
training,SRR4017857,data/camda_amr_2025/processed/assemblies/train/SRR4017857.fasta,missing
training,SRR4017886,data/camda_amr_2025/processed/assemblies/train/SRR4017886.fasta,missing
training,SRR4017887,data/camda_amr_2025/processed/assemblies/train/SRR4017887.fasta,missing
training,SRR4017888,data/camda_amr_2025/processed/assemblies/train/SRR4017888.fasta,missing
training,SRR4017889,data/camda_amr_2025/processed/assemblies/train/SRR4017889.fasta,missing
training,SRR4017891,data/camda_amr_2025/processed/assemblies/train/SRR4017891.fasta,missing
training,SRR4017896,data/camda_amr_2025/processed/assemblies/train/SRR4017896.fasta,missing
training,SRR4017897,data/camda_amr_2025/processed/assemblies/train/SRR4017897.fasta,missing
training,SRR4017898,data/camda_amr_2025/processed/assemblies/train/SRR4017898.fasta,missing
training,SRR4017899,data/camda_amr_2025/processed/assemblies/train/SRR4017899.fasta,missing
training,SRR4017900,data/camda_amr_2025/processed/assemblies/train/SRR4017900.fasta,missing
training,SRR4017901,data/camda_amr_2025/processed/assemblies/train/SRR4017901.fasta,missing
training,SRR4017903,data/camda_amr_2025/processed/assemblies/train/SRR4017903.fasta,missing
training,SRR4017904,data/camda_amr_2025/processed/assemblies/train/SRR4017904.fasta,missing
training,SRR4017905,data/camda_amr_2025/processed/assemblies/train/SRR4017905.fasta,missing
training,SRR4017915,data/camda_amr_2025/processed/assemblies/train/SRR4017915.fasta,missing
training,SRR4017921,data/camda_amr_2025/processed/assemblies/train/SRR4017921.fasta,missing
training,SRR4017923,data/camda_amr_2025/processed/assemblies/train/SRR4017923.fasta,missing
training,SRR4017926,data/camda_amr_2025/processed/assemblies/train/SRR4017926.fasta,missing
training,SRR4017929,data/camda_amr_2025/processed/assemblies/train/SRR4017929.fasta,missing
training,SRR4018124,data/camda_amr_2025/processed/assemblies/train/SRR4018124.fasta,missing
training,SRR4018125,data/camda_amr_2025/processed/assemblies/train/SRR4018125.fasta,missing
training,SRR4018126,data/camda_amr_2025/processed/assemblies/train/SRR4018126.fasta,missing
training,SRR4018127,data/camda_amr_2025/processed/assemblies/train/SRR4018127.fasta,missing
training,SRR4018128,data/camda_amr_2025/processed/assemblies/train/SRR4018128.fasta,missing
training,SRR4018129,data/camda_amr_2025/processed/assemblies/train/SRR4018129.fasta,missing
training,SRR4018133,data/camda_amr_2025/processed/assemblies/train/SRR4018133.fasta,missing
training,SRR4018136,data/camda_amr_2025/processed/assemblies/train/SRR4018136.fasta,missing
training,SRR4018137,data/camda_amr_2025/processed/assemblies/train/SRR4018137.fasta,missing
training,SRR4018323,data/camda_amr_2025/processed/assemblies/train/SRR4018323.fasta,missing
training,SRR4018331,data/camda_amr_2025/processed/assemblies/train/SRR4018331.fasta,missing
training,SRR4018333,data/camda_amr_2025/processed/assemblies/train/SRR4018333.fasta,missing
training,SRR4018335,data/camda_amr_2025/processed/assemblies/train/SRR4018335.fasta,missing
training,SRR4018336,data/camda_amr_2025/processed/assemblies/train/SRR4018336.fasta,missing
training,SRR4018337,data/camda_amr_2025/processed/assemblies/train/SRR4018337.fasta,missing
training,SRR4018338,data/camda_amr_2025/processed/assemblies/train/SRR4018338.fasta,missing
training,SRR4018341,data/camda_amr_2025/processed/assemblies/train/SRR4018341.fasta,missing
training,SRR4018358,data/camda_amr_2025/processed/assemblies/train/SRR4018358.fasta,missing
training,SRR4019213,data/camda_amr_2025/processed/assemblies/train/SRR4019213.fasta,missing
training,SRR4019388,data/camda_amr_2025/processed/assemblies/train/SRR4019388.fasta,missing
training,SRR4019400,data/camda_amr_2025/processed/assemblies/train/SRR4019400.fasta,missing
training,SRR4019403,data/camda_amr_2025/processed/assemblies/train/SRR4019403.fasta,missing
training,SRR4019404,data/camda_amr_2025/processed/assemblies/train/SRR4019404.fasta,missing
training,SRR4019413,data/camda_amr_2025/processed/assemblies/train/SRR4019413.fasta,missing
training,SRR4019414,data/camda_amr_2025/processed/assemblies/train/SRR4019414.fasta,missing
training,SRR4025843,data/camda_amr_2025/processed/assemblies/train/SRR4025843.fasta,missing
training,SRR4025938,data/camda_amr_2025/processed/assemblies/train/SRR4025938.fasta,missing
training,SRR4035114,data/camda_amr_2025/processed/assemblies/train/SRR4035114.fasta,missing
training,SRR4035116,data/camda_amr_2025/processed/assemblies/train/SRR4035116.fasta,missing
training,SRR4035117,data/camda_amr_2025/processed/assemblies/train/SRR4035117.fasta,missing
training,SRR4035118,data/camda_amr_2025/processed/assemblies/train/SRR4035118.fasta,missing
training,SRR4035119,data/camda_amr_2025/processed/assemblies/train/SRR4035119.fasta,missing
training,SRR4035120,data/camda_amr_2025/processed/assemblies/train/SRR4035120.fasta,missing
training,SRR4035121,data/camda_amr_2025/processed/assemblies/train/SRR4035121.fasta,missing
training,SRR4035122,data/camda_amr_2025/processed/assemblies/train/SRR4035122.fasta,missing
training,SRR4035123,data/camda_amr_2025/processed/assemblies/train/SRR4035123.fasta,missing
training,SRR4044381,data/camda_amr_2025/processed/assemblies/train/SRR4044381.fasta,missing
training,SRR4044420,data/camda_amr_2025/processed/assemblies/train/SRR4044420.fasta,missing
training,SRR4044442,data/camda_amr_2025/processed/assemblies/train/SRR4044442.fasta,missing
training,SRR4044538,data/camda_amr_2025/processed/assemblies/train/SRR4044538.fasta,missing
training,SRR4044576,data/camda_amr_2025/processed/assemblies/train/SRR4044576.fasta,missing
training,SRR4044587,data/camda_amr_2025/processed/assemblies/train/SRR4044587.fasta,missing
training,SRR4044661,data/camda_amr_2025/processed/assemblies/train/SRR4044661.fasta,missing
training,SRR4044662,data/camda_amr_2025/processed/assemblies/train/SRR4044662.fasta,missing
training,SRR4044682,data/camda_amr_2025/processed/assemblies/train/SRR4044682.fasta,missing
training,SRR4065637,data/camda_amr_2025/processed/assemblies/train/SRR4065637.fasta,missing
training,SRR4065638,data/camda_amr_2025/processed/assemblies/train/SRR4065638.fasta,missing
training,SRR4065641,data/camda_amr_2025/processed/assemblies/train/SRR4065641.fasta,missing
training,SRR4065642,data/camda_amr_2025/processed/assemblies/train/SRR4065642.fasta,missing
training,SRR4065643,data/camda_amr_2025/processed/assemblies/train/SRR4065643.fasta,missing
training,SRR4065644,data/camda_amr_2025/processed/assemblies/train/SRR4065644.fasta,missing
training,SRR4065649,data/camda_amr_2025/processed/assemblies/train/SRR4065649.fasta,missing
training,SRR4065650,data/camda_amr_2025/processed/assemblies/train/SRR4065650.fasta,missing
training,SRR4065662,data/camda_amr_2025/processed/assemblies/train/SRR4065662.fasta,missing
training,SRR4065666,data/camda_amr_2025/processed/assemblies/train/SRR4065666.fasta,missing
training,SRR4065675,data/camda_amr_2025/processed/assemblies/train/SRR4065675.fasta,missing
training,SRR4065676,data/camda_amr_2025/processed/assemblies/train/SRR4065676.fasta,missing
training,SRR4065679,data/camda_amr_2025/processed/assemblies/train/SRR4065679.fasta,missing
training,SRR4065680,data/camda_amr_2025/processed/assemblies/train/SRR4065680.fasta,missing
training,SRR4065703,data/camda_amr_2025/processed/assemblies/train/SRR4065703.fasta,missing
training,SRR4065704,data/camda_amr_2025/processed/assemblies/train/SRR4065704.fasta,missing
training,SRR4065706,data/camda_amr_2025/processed/assemblies/train/SRR4065706.fasta,missing
training,SRR4065708,data/camda_amr_2025/processed/assemblies/train/SRR4065708.fasta,missing
training,SRR4069212,data/camda_amr_2025/processed/assemblies/train/SRR4069212.fasta,missing
training,SRR4069214,data/camda_amr_2025/processed/assemblies/train/SRR4069214.fasta,missing
training,SRR413939,data/camda_amr_2025/processed/assemblies/train/SRR413939.fasta,missing
training,SRR413948,data/camda_amr_2025/processed/assemblies/train/SRR413948.fasta,missing
training,SRR413966,data/camda_amr_2025/processed/assemblies/train/SRR413966.fasta,missing
training,SRR4245474,data/camda_amr_2025/processed/assemblies/train/SRR4245474.fasta,missing
training,SRR4245475,data/camda_amr_2025/processed/assemblies/train/SRR4245475.fasta,missing
training,SRR4245477,data/camda_amr_2025/processed/assemblies/train/SRR4245477.fasta,missing
training,SRR4245478,data/camda_amr_2025/processed/assemblies/train/SRR4245478.fasta,missing
training,SRR4245479,data/camda_amr_2025/processed/assemblies/train/SRR4245479.fasta,missing
training,SRR4245480,data/camda_amr_2025/processed/assemblies/train/SRR4245480.fasta,missing
training,SRR4245481,data/camda_amr_2025/processed/assemblies/train/SRR4245481.fasta,missing
training,SRR4245482,data/camda_amr_2025/processed/assemblies/train/SRR4245482.fasta,missing
training,SRR4245483,data/camda_amr_2025/processed/assemblies/train/SRR4245483.fasta,missing
training,SRR4245484,data/camda_amr_2025/processed/assemblies/train/SRR4245484.fasta,missing
training,SRR4245486,data/camda_amr_2025/processed/assemblies/train/SRR4245486.fasta,missing
training,SRR4280562,data/camda_amr_2025/processed/assemblies/train/SRR4280562.fasta,missing
training,SRR4280570,data/camda_amr_2025/processed/assemblies/train/SRR4280570.fasta,missing
training,SRR4280595,data/camda_amr_2025/processed/assemblies/train/SRR4280595.fasta,missing
training,SRR4280598,data/camda_amr_2025/processed/assemblies/train/SRR4280598.fasta,missing
training,SRR4280601,data/camda_amr_2025/processed/assemblies/train/SRR4280601.fasta,missing
training,SRR4280605,data/camda_amr_2025/processed/assemblies/train/SRR4280605.fasta,missing
training,SRR4280608,data/camda_amr_2025/processed/assemblies/train/SRR4280608.fasta,missing
training,SRR4280625,data/camda_amr_2025/processed/assemblies/train/SRR4280625.fasta,missing
training,SRR4280626,data/camda_amr_2025/processed/assemblies/train/SRR4280626.fasta,missing
training,SRR4280637,data/camda_amr_2025/processed/assemblies/train/SRR4280637.fasta,missing
training,SRR4280641,data/camda_amr_2025/processed/assemblies/train/SRR4280641.fasta,missing
training,SRR4294836,data/camda_amr_2025/processed/assemblies/train/SRR4294836.fasta,missing
training,SRR4294837,data/camda_amr_2025/processed/assemblies/train/SRR4294837.fasta,missing
training,SRR4294838,data/camda_amr_2025/processed/assemblies/train/SRR4294838.fasta,missing
training,SRR4294841,data/camda_amr_2025/processed/assemblies/train/SRR4294841.fasta,missing
training,SRR4294842,data/camda_amr_2025/processed/assemblies/train/SRR4294842.fasta,missing
training,SRR4294845,data/camda_amr_2025/processed/assemblies/train/SRR4294845.fasta,missing
training,SRR4294846,data/camda_amr_2025/processed/assemblies/train/SRR4294846.fasta,missing
training,SRR4294847,data/camda_amr_2025/processed/assemblies/train/SRR4294847.fasta,missing
training,SRR4294850,data/camda_amr_2025/processed/assemblies/train/SRR4294850.fasta,missing
training,SRR4294852,data/camda_amr_2025/processed/assemblies/train/SRR4294852.fasta,missing
training,SRR4417287,data/camda_amr_2025/processed/assemblies/train/SRR4417287.fasta,missing
training,SRR4417288,data/camda_amr_2025/processed/assemblies/train/SRR4417288.fasta,missing
training,SRR4417289,data/camda_amr_2025/processed/assemblies/train/SRR4417289.fasta,missing
training,SRR4417290,data/camda_amr_2025/processed/assemblies/train/SRR4417290.fasta,missing
training,SRR4417291,data/camda_amr_2025/processed/assemblies/train/SRR4417291.fasta,missing
training,SRR4417292,data/camda_amr_2025/processed/assemblies/train/SRR4417292.fasta,missing
training,SRR4417293,data/camda_amr_2025/processed/assemblies/train/SRR4417293.fasta,missing
training,SRR4417294,data/camda_amr_2025/processed/assemblies/train/SRR4417294.fasta,missing
training,SRR4417296,data/camda_amr_2025/processed/assemblies/train/SRR4417296.fasta,missing
training,SRR4417297,data/camda_amr_2025/processed/assemblies/train/SRR4417297.fasta,missing
training,SRR4417298,data/camda_amr_2025/processed/assemblies/train/SRR4417298.fasta,missing
training,SRR4417299,data/camda_amr_2025/processed/assemblies/train/SRR4417299.fasta,missing
training,SRR4417300,data/camda_amr_2025/processed/assemblies/train/SRR4417300.fasta,missing
training,SRR4417302,data/camda_amr_2025/processed/assemblies/train/SRR4417302.fasta,missing
training,SRR4417303,data/camda_amr_2025/processed/assemblies/train/SRR4417303.fasta,missing
training,SRR4417304,data/camda_amr_2025/processed/assemblies/train/SRR4417304.fasta,missing
training,SRR4417305,data/camda_amr_2025/processed/assemblies/train/SRR4417305.fasta,missing
training,SRR4417307,data/camda_amr_2025/processed/assemblies/train/SRR4417307.fasta,missing
training,SRR4417309,data/camda_amr_2025/processed/assemblies/train/SRR4417309.fasta,missing
training,SRR4417310,data/camda_amr_2025/processed/assemblies/train/SRR4417310.fasta,missing
training,SRR4417311,data/camda_amr_2025/processed/assemblies/train/SRR4417311.fasta,missing
training,SRR4417312,data/camda_amr_2025/processed/assemblies/train/SRR4417312.fasta,missing
training,SRR4417314,data/camda_amr_2025/processed/assemblies/train/SRR4417314.fasta,missing
training,SRR4417317,data/camda_amr_2025/processed/assemblies/train/SRR4417317.fasta,missing
training,SRR4417318,data/camda_amr_2025/processed/assemblies/train/SRR4417318.fasta,missing
training,SRR4417319,data/camda_amr_2025/processed/assemblies/train/SRR4417319.fasta,missing
training,SRR4417320,data/camda_amr_2025/processed/assemblies/train/SRR4417320.fasta,missing
training,SRR4417322,data/camda_amr_2025/processed/assemblies/train/SRR4417322.fasta,missing
training,SRR4417323,data/camda_amr_2025/processed/assemblies/train/SRR4417323.fasta,missing
training,SRR4417324,data/camda_amr_2025/processed/assemblies/train/SRR4417324.fasta,missing
training,SRR4417326,data/camda_amr_2025/processed/assemblies/train/SRR4417326.fasta,missing
training,SRR4417327,data/camda_amr_2025/processed/assemblies/train/SRR4417327.fasta,missing
training,SRR4417328,data/camda_amr_2025/processed/assemblies/train/SRR4417328.fasta,missing
training,SRR4417329,data/camda_amr_2025/processed/assemblies/train/SRR4417329.fasta,missing
training,SRR4417330,data/camda_amr_2025/processed/assemblies/train/SRR4417330.fasta,missing
training,SRR4417333,data/camda_amr_2025/processed/assemblies/train/SRR4417333.fasta,missing
training,SRR4417335,data/camda_amr_2025/processed/assemblies/train/SRR4417335.fasta,missing
training,SRR4417336,data/camda_amr_2025/processed/assemblies/train/SRR4417336.fasta,missing
training,SRR4417339,data/camda_amr_2025/processed/assemblies/train/SRR4417339.fasta,missing
training,SRR4417340,data/camda_amr_2025/processed/assemblies/train/SRR4417340.fasta,missing
training,SRR4417341,data/camda_amr_2025/processed/assemblies/train/SRR4417341.fasta,missing
training,SRR4417343,data/camda_amr_2025/processed/assemblies/train/SRR4417343.fasta,missing
training,SRR4417345,data/camda_amr_2025/processed/assemblies/train/SRR4417345.fasta,missing
training,SRR4417346,data/camda_amr_2025/processed/assemblies/train/SRR4417346.fasta,missing
training,SRR4417347,data/camda_amr_2025/processed/assemblies/train/SRR4417347.fasta,missing
training,SRR4417353,data/camda_amr_2025/processed/assemblies/train/SRR4417353.fasta,missing
training,SRR4417354,data/camda_amr_2025/processed/assemblies/train/SRR4417354.fasta,missing
training,SRR4417355,data/camda_amr_2025/processed/assemblies/train/SRR4417355.fasta,missing
training,SRR4417356,data/camda_amr_2025/processed/assemblies/train/SRR4417356.fasta,missing
training,SRR4417357,data/camda_amr_2025/processed/assemblies/train/SRR4417357.fasta,missing
training,SRR4417359,data/camda_amr_2025/processed/assemblies/train/SRR4417359.fasta,missing
training,SRR4417360,data/camda_amr_2025/processed/assemblies/train/SRR4417360.fasta,missing
training,SRR4417361,data/camda_amr_2025/processed/assemblies/train/SRR4417361.fasta,missing
training,SRR4417362,data/camda_amr_2025/processed/assemblies/train/SRR4417362.fasta,missing
training,SRR4417363,data/camda_amr_2025/processed/assemblies/train/SRR4417363.fasta,missing
training,SRR4417364,data/camda_amr_2025/processed/assemblies/train/SRR4417364.fasta,missing
training,SRR4417365,data/camda_amr_2025/processed/assemblies/train/SRR4417365.fasta,missing
training,SRR4417367,data/camda_amr_2025/processed/assemblies/train/SRR4417367.fasta,missing
training,SRR4417368,data/camda_amr_2025/processed/assemblies/train/SRR4417368.fasta,missing
training,SRR4417369,data/camda_amr_2025/processed/assemblies/train/SRR4417369.fasta,missing
training,SRR4417370,data/camda_amr_2025/processed/assemblies/train/SRR4417370.fasta,missing
training,SRR4417372,data/camda_amr_2025/processed/assemblies/train/SRR4417372.fasta,missing
training,SRR4417373,data/camda_amr_2025/processed/assemblies/train/SRR4417373.fasta,missing
training,SRR4417374,data/camda_amr_2025/processed/assemblies/train/SRR4417374.fasta,missing
training,SRR4417377,data/camda_amr_2025/processed/assemblies/train/SRR4417377.fasta,missing
training,SRR4417378,data/camda_amr_2025/processed/assemblies/train/SRR4417378.fasta,missing
training,SRR4417380,data/camda_amr_2025/processed/assemblies/train/SRR4417380.fasta,missing
training,SRR4417381,data/camda_amr_2025/processed/assemblies/train/SRR4417381.fasta,missing
training,SRR4417383,data/camda_amr_2025/processed/assemblies/train/SRR4417383.fasta,missing
training,SRR4417384,data/camda_amr_2025/processed/assemblies/train/SRR4417384.fasta,missing
training,SRR4417386,data/camda_amr_2025/processed/assemblies/train/SRR4417386.fasta,missing
training,SRR4417387,data/camda_amr_2025/processed/assemblies/train/SRR4417387.fasta,missing
training,SRR4417390,data/camda_amr_2025/processed/assemblies/train/SRR4417390.fasta,missing
training,SRR4417391,data/camda_amr_2025/processed/assemblies/train/SRR4417391.fasta,missing
training,SRR4417393,data/camda_amr_2025/processed/assemblies/train/SRR4417393.fasta,missing
training,SRR4417394,data/camda_amr_2025/processed/assemblies/train/SRR4417394.fasta,missing
training,SRR4417397,data/camda_amr_2025/processed/assemblies/train/SRR4417397.fasta,missing
training,SRR4417399,data/camda_amr_2025/processed/assemblies/train/SRR4417399.fasta,missing
training,SRR4417400,data/camda_amr_2025/processed/assemblies/train/SRR4417400.fasta,missing
training,SRR4417401,data/camda_amr_2025/processed/assemblies/train/SRR4417401.fasta,missing
training,SRR4417402,data/camda_amr_2025/processed/assemblies/train/SRR4417402.fasta,missing
training,SRR4417403,data/camda_amr_2025/processed/assemblies/train/SRR4417403.fasta,missing
training,SRR4417404,data/camda_amr_2025/processed/assemblies/train/SRR4417404.fasta,missing
training,SRR4417406,data/camda_amr_2025/processed/assemblies/train/SRR4417406.fasta,missing
training,SRR4417407,data/camda_amr_2025/processed/assemblies/train/SRR4417407.fasta,missing
training,SRR4417408,data/camda_amr_2025/processed/assemblies/train/SRR4417408.fasta,missing
training,SRR4417410,data/camda_amr_2025/processed/assemblies/train/SRR4417410.fasta,missing
training,SRR4417411,data/camda_amr_2025/processed/assemblies/train/SRR4417411.fasta,missing
training,SRR4417412,data/camda_amr_2025/processed/assemblies/train/SRR4417412.fasta,missing
training,SRR4417413,data/camda_amr_2025/processed/assemblies/train/SRR4417413.fasta,missing
training,SRR4417414,data/camda_amr_2025/processed/assemblies/train/SRR4417414.fasta,missing
training,SRR4417415,data/camda_amr_2025/processed/assemblies/train/SRR4417415.fasta,missing
training,SRR4417416,data/camda_amr_2025/processed/assemblies/train/SRR4417416.fasta,missing
training,SRR4417417,data/camda_amr_2025/processed/assemblies/train/SRR4417417.fasta,missing
training,SRR4417418,data/camda_amr_2025/processed/assemblies/train/SRR4417418.fasta,missing
training,SRR4417419,data/camda_amr_2025/processed/assemblies/train/SRR4417419.fasta,missing
training,SRR4417421,data/camda_amr_2025/processed/assemblies/train/SRR4417421.fasta,missing
training,SRR4417422,data/camda_amr_2025/processed/assemblies/train/SRR4417422.fasta,missing
training,SRR4417424,data/camda_amr_2025/processed/assemblies/train/SRR4417424.fasta,missing
training,SRR4417425,data/camda_amr_2025/processed/assemblies/train/SRR4417425.fasta,missing
training,SRR4417426,data/camda_amr_2025/processed/assemblies/train/SRR4417426.fasta,missing
training,SRR4417427,data/camda_amr_2025/processed/assemblies/train/SRR4417427.fasta,missing
training,SRR4417428,data/camda_amr_2025/processed/assemblies/train/SRR4417428.fasta,missing
training,SRR4417445,data/camda_amr_2025/processed/assemblies/train/SRR4417445.fasta,missing
training,SRR4417530,data/camda_amr_2025/processed/assemblies/train/SRR4417530.fasta,missing
training,SRR4417532,data/camda_amr_2025/processed/assemblies/train/SRR4417532.fasta,missing
training,SRR4417533,data/camda_amr_2025/processed/assemblies/train/SRR4417533.fasta,missing
training,SRR4417534,data/camda_amr_2025/processed/assemblies/train/SRR4417534.fasta,missing
training,SRR4417535,data/camda_amr_2025/processed/assemblies/train/SRR4417535.fasta,missing
training,SRR4417536,data/camda_amr_2025/processed/assemblies/train/SRR4417536.fasta,missing
training,SRR4417537,data/camda_amr_2025/processed/assemblies/train/SRR4417537.fasta,missing
training,SRR4417538,data/camda_amr_2025/processed/assemblies/train/SRR4417538.fasta,missing
training,SRR4417539,data/camda_amr_2025/processed/assemblies/train/SRR4417539.fasta,missing
training,SRR4417540,data/camda_amr_2025/processed/assemblies/train/SRR4417540.fasta,missing
training,SRR4417541,data/camda_amr_2025/processed/assemblies/train/SRR4417541.fasta,missing
training,SRR4417542,data/camda_amr_2025/processed/assemblies/train/SRR4417542.fasta,missing
training,SRR4417543,data/camda_amr_2025/processed/assemblies/train/SRR4417543.fasta,missing
training,SRR4417544,data/camda_amr_2025/processed/assemblies/train/SRR4417544.fasta,missing
training,SRR4417545,data/camda_amr_2025/processed/assemblies/train/SRR4417545.fasta,missing
training,SRR4417546,data/camda_amr_2025/processed/assemblies/train/SRR4417546.fasta,missing
training,SRR4417547,data/camda_amr_2025/processed/assemblies/train/SRR4417547.fasta,missing
training,SRR4417548,data/camda_amr_2025/processed/assemblies/train/SRR4417548.fasta,missing
training,SRR4417549,data/camda_amr_2025/processed/assemblies/train/SRR4417549.fasta,missing
training,SRR4417550,data/camda_amr_2025/processed/assemblies/train/SRR4417550.fasta,missing
training,SRR4417551,data/camda_amr_2025/processed/assemblies/train/SRR4417551.fasta,missing
training,SRR4417552,data/camda_amr_2025/processed/assemblies/train/SRR4417552.fasta,missing
training,SRR4417553,data/camda_amr_2025/processed/assemblies/train/SRR4417553.fasta,missing
training,SRR4417554,data/camda_amr_2025/processed/assemblies/train/SRR4417554.fasta,missing
training,SRR4417555,data/camda_amr_2025/processed/assemblies/train/SRR4417555.fasta,missing
training,SRR4417556,data/camda_amr_2025/processed/assemblies/train/SRR4417556.fasta,missing
training,SRR4417557,data/camda_amr_2025/processed/assemblies/train/SRR4417557.fasta,missing
training,SRR4417558,data/camda_amr_2025/processed/assemblies/train/SRR4417558.fasta,missing
training,SRR4417559,data/camda_amr_2025/processed/assemblies/train/SRR4417559.fasta,missing
training,SRR4417560,data/camda_amr_2025/processed/assemblies/train/SRR4417560.fasta,missing
training,SRR4417561,data/camda_amr_2025/processed/assemblies/train/SRR4417561.fasta,missing
training,SRR4417562,data/camda_amr_2025/processed/assemblies/train/SRR4417562.fasta,missing
training,SRR4417563,data/camda_amr_2025/processed/assemblies/train/SRR4417563.fasta,missing
training,SRR4417569,data/camda_amr_2025/processed/assemblies/train/SRR4417569.fasta,missing
training,SRR4417570,data/camda_amr_2025/processed/assemblies/train/SRR4417570.fasta,missing
training,SRR4417571,data/camda_amr_2025/processed/assemblies/train/SRR4417571.fasta,missing
training,SRR4417572,data/camda_amr_2025/processed/assemblies/train/SRR4417572.fasta,missing
training,SRR4417573,data/camda_amr_2025/processed/assemblies/train/SRR4417573.fasta,missing
training,SRR4417574,data/camda_amr_2025/processed/assemblies/train/SRR4417574.fasta,missing
training,SRR4417575,data/camda_amr_2025/processed/assemblies/train/SRR4417575.fasta,missing
training,SRR4417577,data/camda_amr_2025/processed/assemblies/train/SRR4417577.fasta,missing
training,SRR4417578,data/camda_amr_2025/processed/assemblies/train/SRR4417578.fasta,missing
training,SRR4417581,data/camda_amr_2025/processed/assemblies/train/SRR4417581.fasta,missing
training,SRR4417582,data/camda_amr_2025/processed/assemblies/train/SRR4417582.fasta,missing
training,SRR4417583,data/camda_amr_2025/processed/assemblies/train/SRR4417583.fasta,missing
training,SRR4417585,data/camda_amr_2025/processed/assemblies/train/SRR4417585.fasta,missing
training,SRR4417586,data/camda_amr_2025/processed/assemblies/train/SRR4417586.fasta,missing
training,SRR4417587,data/camda_amr_2025/processed/assemblies/train/SRR4417587.fasta,missing
training,SRR4417589,data/camda_amr_2025/processed/assemblies/train/SRR4417589.fasta,missing
training,SRR4417590,data/camda_amr_2025/processed/assemblies/train/SRR4417590.fasta,missing
training,SRR4417591,data/camda_amr_2025/processed/assemblies/train/SRR4417591.fasta,missing
training,SRR4417592,data/camda_amr_2025/processed/assemblies/train/SRR4417592.fasta,missing
training,SRR4417593,data/camda_amr_2025/processed/assemblies/train/SRR4417593.fasta,missing
training,SRR4417594,data/camda_amr_2025/processed/assemblies/train/SRR4417594.fasta,missing
training,SRR4417595,data/camda_amr_2025/processed/assemblies/train/SRR4417595.fasta,missing
training,SRR4417598,data/camda_amr_2025/processed/assemblies/train/SRR4417598.fasta,missing
training,SRR4417599,data/camda_amr_2025/processed/assemblies/train/SRR4417599.fasta,missing
training,SRR4417600,data/camda_amr_2025/processed/assemblies/train/SRR4417600.fasta,missing
training,SRR4417601,data/camda_amr_2025/processed/assemblies/train/SRR4417601.fasta,missing
training,SRR4417602,data/camda_amr_2025/processed/assemblies/train/SRR4417602.fasta,missing
training,SRR4417603,data/camda_amr_2025/processed/assemblies/train/SRR4417603.fasta,missing
training,SRR4417604,data/camda_amr_2025/processed/assemblies/train/SRR4417604.fasta,missing
training,SRR4417605,data/camda_amr_2025/processed/assemblies/train/SRR4417605.fasta,missing
training,SRR4417606,data/camda_amr_2025/processed/assemblies/train/SRR4417606.fasta,missing
training,SRR4417608,data/camda_amr_2025/processed/assemblies/train/SRR4417608.fasta,missing
training,SRR4417609,data/camda_amr_2025/processed/assemblies/train/SRR4417609.fasta,missing
training,SRR4417610,data/camda_amr_2025/processed/assemblies/train/SRR4417610.fasta,missing
training,SRR4417611,data/camda_amr_2025/processed/assemblies/train/SRR4417611.fasta,missing
training,SRR4417612,data/camda_amr_2025/processed/assemblies/train/SRR4417612.fasta,missing
training,SRR4417613,data/camda_amr_2025/processed/assemblies/train/SRR4417613.fasta,missing
training,SRR4417614,data/camda_amr_2025/processed/assemblies/train/SRR4417614.fasta,missing
training,SRR4420897,data/camda_amr_2025/processed/assemblies/train/SRR4420897.fasta,missing
training,SRR4420904,data/camda_amr_2025/processed/assemblies/train/SRR4420904.fasta,missing
training,SRR4420948,data/camda_amr_2025/processed/assemblies/train/SRR4420948.fasta,missing
training,SRR4449957,data/camda_amr_2025/processed/assemblies/train/SRR4449957.fasta,missing
training,SRR5093495,data/camda_amr_2025/processed/assemblies/train/SRR5093495.fasta,missing
training,SRR5093496,data/camda_amr_2025/processed/assemblies/train/SRR5093496.fasta,missing
training,SRR5093498,data/camda_amr_2025/processed/assemblies/train/SRR5093498.fasta,missing
training,SRR5093501,data/camda_amr_2025/processed/assemblies/train/SRR5093501.fasta,missing
training,SRR5093532,data/camda_amr_2025/processed/assemblies/train/SRR5093532.fasta,missing
training,SRR5093535,data/camda_amr_2025/processed/assemblies/train/SRR5093535.fasta,missing
training,SRR5093538,data/camda_amr_2025/processed/assemblies/train/SRR5093538.fasta,missing
training,SRR5093541,data/camda_amr_2025/processed/assemblies/train/SRR5093541.fasta,missing
training,SRR5093542,data/camda_amr_2025/processed/assemblies/train/SRR5093542.fasta,missing
training,SRR5093544,data/camda_amr_2025/processed/assemblies/train/SRR5093544.fasta,missing
training,SRR5093671,data/camda_amr_2025/processed/assemblies/train/SRR5093671.fasta,missing
training,SRR5093674,data/camda_amr_2025/processed/assemblies/train/SRR5093674.fasta,missing
training,SRR5093676,data/camda_amr_2025/processed/assemblies/train/SRR5093676.fasta,missing
training,SRR5093679,data/camda_amr_2025/processed/assemblies/train/SRR5093679.fasta,missing
training,SRR5093681,data/camda_amr_2025/processed/assemblies/train/SRR5093681.fasta,missing
training,SRR5093683,data/camda_amr_2025/processed/assemblies/train/SRR5093683.fasta,missing
training,SRR5093687,data/camda_amr_2025/processed/assemblies/train/SRR5093687.fasta,missing
training,SRR5093692,data/camda_amr_2025/processed/assemblies/train/SRR5093692.fasta,missing
training,SRR5093696,data/camda_amr_2025/processed/assemblies/train/SRR5093696.fasta,missing
training,SRR5093697,data/camda_amr_2025/processed/assemblies/train/SRR5093697.fasta,missing
training,SRR5093713,data/camda_amr_2025/processed/assemblies/train/SRR5093713.fasta,missing
training,SRR5093714,data/camda_amr_2025/processed/assemblies/train/SRR5093714.fasta,missing
training,SRR5093717,data/camda_amr_2025/processed/assemblies/train/SRR5093717.fasta,missing
training,SRR5093719,data/camda_amr_2025/processed/assemblies/train/SRR5093719.fasta,missing
training,SRR5093748,data/camda_amr_2025/processed/assemblies/train/SRR5093748.fasta,missing
training,SRR5093750,data/camda_amr_2025/processed/assemblies/train/SRR5093750.fasta,missing
training,SRR5093752,data/camda_amr_2025/processed/assemblies/train/SRR5093752.fasta,missing
training,SRR5093754,data/camda_amr_2025/processed/assemblies/train/SRR5093754.fasta,missing
training,SRR5093757,data/camda_amr_2025/processed/assemblies/train/SRR5093757.fasta,missing
training,SRR5120209,data/camda_amr_2025/processed/assemblies/train/SRR5120209.fasta,missing
training,SRR5120214,data/camda_amr_2025/processed/assemblies/train/SRR5120214.fasta,missing
training,SRR5120215,data/camda_amr_2025/processed/assemblies/train/SRR5120215.fasta,missing
training,SRR5120217,data/camda_amr_2025/processed/assemblies/train/SRR5120217.fasta,missing
training,SRR5120218,data/camda_amr_2025/processed/assemblies/train/SRR5120218.fasta,missing
training,SRR5120220,data/camda_amr_2025/processed/assemblies/train/SRR5120220.fasta,missing
training,SRR5120221,data/camda_amr_2025/processed/assemblies/train/SRR5120221.fasta,missing
training,SRR5120222,data/camda_amr_2025/processed/assemblies/train/SRR5120222.fasta,missing
training,SRR5120223,data/camda_amr_2025/processed/assemblies/train/SRR5120223.fasta,missing
training,SRR5120224,data/camda_amr_2025/processed/assemblies/train/SRR5120224.fasta,missing
training,SRR5120225,data/camda_amr_2025/processed/assemblies/train/SRR5120225.fasta,missing
training,SRR5120226,data/camda_amr_2025/processed/assemblies/train/SRR5120226.fasta,missing
training,SRR5120228,data/camda_amr_2025/processed/assemblies/train/SRR5120228.fasta,missing
training,SRR5120230,data/camda_amr_2025/processed/assemblies/train/SRR5120230.fasta,missing
training,SRR5120231,data/camda_amr_2025/processed/assemblies/train/SRR5120231.fasta,missing
training,SRR5120235,data/camda_amr_2025/processed/assemblies/train/SRR5120235.fasta,missing
training,SRR5120238,data/camda_amr_2025/processed/assemblies/train/SRR5120238.fasta,missing
training,SRR5122323,data/camda_amr_2025/processed/assemblies/train/SRR5122323.fasta,missing
training,SRR5122325,data/camda_amr_2025/processed/assemblies/train/SRR5122325.fasta,missing
training,SRR5122326,data/camda_amr_2025/processed/assemblies/train/SRR5122326.fasta,missing
training,SRR5122327,data/camda_amr_2025/processed/assemblies/train/SRR5122327.fasta,missing
training,SRR5122328,data/camda_amr_2025/processed/assemblies/train/SRR5122328.fasta,missing
training,SRR5122329,data/camda_amr_2025/processed/assemblies/train/SRR5122329.fasta,missing
training,SRR5122330,data/camda_amr_2025/processed/assemblies/train/SRR5122330.fasta,missing
training,SRR5122331,data/camda_amr_2025/processed/assemblies/train/SRR5122331.fasta,missing
training,SRR5122332,data/camda_amr_2025/processed/assemblies/train/SRR5122332.fasta,missing
training,SRR5140443,data/camda_amr_2025/processed/assemblies/train/SRR5140443.fasta,missing
training,SRR5146464,data/camda_amr_2025/processed/assemblies/train/SRR5146464.fasta,missing
training,SRR5149770,data/camda_amr_2025/processed/assemblies/train/SRR5149770.fasta,missing
training,SRR515506,data/camda_amr_2025/processed/assemblies/train/SRR515506.fasta,missing
training,SRR515586,data/camda_amr_2025/processed/assemblies/train/SRR515586.fasta,missing
training,SRR515629,data/camda_amr_2025/processed/assemblies/train/SRR515629.fasta,missing
training,SRR515906,data/camda_amr_2025/processed/assemblies/train/SRR515906.fasta,missing
training,SRR515971,data/camda_amr_2025/processed/assemblies/train/SRR515971.fasta,missing
training,SRR5237398,data/camda_amr_2025/processed/assemblies/train/SRR5237398.fasta,missing
training,SRR5237400,data/camda_amr_2025/processed/assemblies/train/SRR5237400.fasta,missing
training,SRR5237401,data/camda_amr_2025/processed/assemblies/train/SRR5237401.fasta,missing
training,SRR5237402,data/camda_amr_2025/processed/assemblies/train/SRR5237402.fasta,missing
training,SRR5237405,data/camda_amr_2025/processed/assemblies/train/SRR5237405.fasta,missing
training,SRR5237408,data/camda_amr_2025/processed/assemblies/train/SRR5237408.fasta,missing
training,SRR5341976,data/camda_amr_2025/processed/assemblies/train/SRR5341976.fasta,missing
training,SRR5341981,data/camda_amr_2025/processed/assemblies/train/SRR5341981.fasta,missing
training,SRR5341982,data/camda_amr_2025/processed/assemblies/train/SRR5341982.fasta,missing
training,SRR5385400,data/camda_amr_2025/processed/assemblies/train/SRR5385400.fasta,missing
training,SRR5385405,data/camda_amr_2025/processed/assemblies/train/SRR5385405.fasta,missing
training,SRR5385409,data/camda_amr_2025/processed/assemblies/train/SRR5385409.fasta,missing
training,SRR5385411,data/camda_amr_2025/processed/assemblies/train/SRR5385411.fasta,missing
training,SRR5385413,data/camda_amr_2025/processed/assemblies/train/SRR5385413.fasta,missing
training,SRR5385415,data/camda_amr_2025/processed/assemblies/train/SRR5385415.fasta,missing
training,SRR5385417,data/camda_amr_2025/processed/assemblies/train/SRR5385417.fasta,missing
training,SRR5385419,data/camda_amr_2025/processed/assemblies/train/SRR5385419.fasta,missing
training,SRR5385422,data/camda_amr_2025/processed/assemblies/train/SRR5385422.fasta,missing
training,SRR5385424,data/camda_amr_2025/processed/assemblies/train/SRR5385424.fasta,missing
training,SRR5385432,data/camda_amr_2025/processed/assemblies/train/SRR5385432.fasta,missing
training,SRR5385433,data/camda_amr_2025/processed/assemblies/train/SRR5385433.fasta,missing
training,SRR5385438,data/camda_amr_2025/processed/assemblies/train/SRR5385438.fasta,missing
training,SRR5385442,data/camda_amr_2025/processed/assemblies/train/SRR5385442.fasta,missing
training,SRR5385445,data/camda_amr_2025/processed/assemblies/train/SRR5385445.fasta,missing
training,SRR5385447,data/camda_amr_2025/processed/assemblies/train/SRR5385447.fasta,missing
training,SRR5385450,data/camda_amr_2025/processed/assemblies/train/SRR5385450.fasta,missing
training,SRR5385451,data/camda_amr_2025/processed/assemblies/train/SRR5385451.fasta,missing
training,SRR5385452,data/camda_amr_2025/processed/assemblies/train/SRR5385452.fasta,missing
training,SRR5385455,data/camda_amr_2025/processed/assemblies/train/SRR5385455.fasta,missing
training,SRR5385456,data/camda_amr_2025/processed/assemblies/train/SRR5385456.fasta,missing
training,SRR5385460,data/camda_amr_2025/processed/assemblies/train/SRR5385460.fasta,missing
training,SRR5385461,data/camda_amr_2025/processed/assemblies/train/SRR5385461.fasta,missing
training,SRR5385464,data/camda_amr_2025/processed/assemblies/train/SRR5385464.fasta,missing
training,SRR5385465,data/camda_amr_2025/processed/assemblies/train/SRR5385465.fasta,missing
training,SRR5385467,data/camda_amr_2025/processed/assemblies/train/SRR5385467.fasta,missing
training,SRR5385472,data/camda_amr_2025/processed/assemblies/train/SRR5385472.fasta,missing
training,SRR5385473,data/camda_amr_2025/processed/assemblies/train/SRR5385473.fasta,missing
training,SRR5385481,data/camda_amr_2025/processed/assemblies/train/SRR5385481.fasta,missing
training,SRR5385485,data/camda_amr_2025/processed/assemblies/train/SRR5385485.fasta,missing
training,SRR5385487,data/camda_amr_2025/processed/assemblies/train/SRR5385487.fasta,missing
training,SRR5385488,data/camda_amr_2025/processed/assemblies/train/SRR5385488.fasta,missing
training,SRR5385495,data/camda_amr_2025/processed/assemblies/train/SRR5385495.fasta,missing
training,SRR5385505,data/camda_amr_2025/processed/assemblies/train/SRR5385505.fasta,missing
training,SRR5385506,data/camda_amr_2025/processed/assemblies/train/SRR5385506.fasta,missing
training,SRR5385510,data/camda_amr_2025/processed/assemblies/train/SRR5385510.fasta,missing
training,SRR5385511,data/camda_amr_2025/processed/assemblies/train/SRR5385511.fasta,missing
training,SRR5385519,data/camda_amr_2025/processed/assemblies/train/SRR5385519.fasta,missing
training,SRR5385520,data/camda_amr_2025/processed/assemblies/train/SRR5385520.fasta,missing
training,SRR5385521,data/camda_amr_2025/processed/assemblies/train/SRR5385521.fasta,missing
training,SRR5385523,data/camda_amr_2025/processed/assemblies/train/SRR5385523.fasta,missing
training,SRR5385526,data/camda_amr_2025/processed/assemblies/train/SRR5385526.fasta,missing
training,SRR5385528,data/camda_amr_2025/processed/assemblies/train/SRR5385528.fasta,missing
training,SRR5385529,data/camda_amr_2025/processed/assemblies/train/SRR5385529.fasta,missing
training,SRR5385532,data/camda_amr_2025/processed/assemblies/train/SRR5385532.fasta,missing
training,SRR5385533,data/camda_amr_2025/processed/assemblies/train/SRR5385533.fasta,missing
training,SRR5385535,data/camda_amr_2025/processed/assemblies/train/SRR5385535.fasta,missing
training,SRR5385536,data/camda_amr_2025/processed/assemblies/train/SRR5385536.fasta,missing
training,SRR5385538,data/camda_amr_2025/processed/assemblies/train/SRR5385538.fasta,missing
training,SRR5385626,data/camda_amr_2025/processed/assemblies/train/SRR5385626.fasta,missing
training,SRR5385630,data/camda_amr_2025/processed/assemblies/train/SRR5385630.fasta,missing
training,SRR5385636,data/camda_amr_2025/processed/assemblies/train/SRR5385636.fasta,missing
training,SRR5385637,data/camda_amr_2025/processed/assemblies/train/SRR5385637.fasta,missing
training,SRR5385640,data/camda_amr_2025/processed/assemblies/train/SRR5385640.fasta,missing
training,SRR5385645,data/camda_amr_2025/processed/assemblies/train/SRR5385645.fasta,missing
training,SRR5385651,data/camda_amr_2025/processed/assemblies/train/SRR5385651.fasta,missing
training,SRR5385658,data/camda_amr_2025/processed/assemblies/train/SRR5385658.fasta,missing
training,SRR5385660,data/camda_amr_2025/processed/assemblies/train/SRR5385660.fasta,missing
training,SRR5385666,data/camda_amr_2025/processed/assemblies/train/SRR5385666.fasta,missing
training,SRR5385670,data/camda_amr_2025/processed/assemblies/train/SRR5385670.fasta,missing
training,SRR5385672,data/camda_amr_2025/processed/assemblies/train/SRR5385672.fasta,missing
training,SRR5385680,data/camda_amr_2025/processed/assemblies/train/SRR5385680.fasta,missing
training,SRR5385681,data/camda_amr_2025/processed/assemblies/train/SRR5385681.fasta,missing
training,SRR5385684,data/camda_amr_2025/processed/assemblies/train/SRR5385684.fasta,missing
training,SRR5385692,data/camda_amr_2025/processed/assemblies/train/SRR5385692.fasta,missing
training,SRR5385695,data/camda_amr_2025/processed/assemblies/train/SRR5385695.fasta,missing
training,SRR5385696,data/camda_amr_2025/processed/assemblies/train/SRR5385696.fasta,missing
training,SRR5385697,data/camda_amr_2025/processed/assemblies/train/SRR5385697.fasta,missing
training,SRR5385700,data/camda_amr_2025/processed/assemblies/train/SRR5385700.fasta,missing
training,SRR5385701,data/camda_amr_2025/processed/assemblies/train/SRR5385701.fasta,missing
training,SRR5385704,data/camda_amr_2025/processed/assemblies/train/SRR5385704.fasta,missing
training,SRR5385706,data/camda_amr_2025/processed/assemblies/train/SRR5385706.fasta,missing
training,SRR5385710,data/camda_amr_2025/processed/assemblies/train/SRR5385710.fasta,missing
training,SRR5385711,data/camda_amr_2025/processed/assemblies/train/SRR5385711.fasta,missing
training,SRR5385712,data/camda_amr_2025/processed/assemblies/train/SRR5385712.fasta,missing
training,SRR5385720,data/camda_amr_2025/processed/assemblies/train/SRR5385720.fasta,missing
training,SRR5385722,data/camda_amr_2025/processed/assemblies/train/SRR5385722.fasta,missing
training,SRR5385724,data/camda_amr_2025/processed/assemblies/train/SRR5385724.fasta,missing
training,SRR5385726,data/camda_amr_2025/processed/assemblies/train/SRR5385726.fasta,missing
training,SRR5385728,data/camda_amr_2025/processed/assemblies/train/SRR5385728.fasta,missing
training,SRR5385732,data/camda_amr_2025/processed/assemblies/train/SRR5385732.fasta,missing
training,SRR5385733,data/camda_amr_2025/processed/assemblies/train/SRR5385733.fasta,missing
training,SRR5385735,data/camda_amr_2025/processed/assemblies/train/SRR5385735.fasta,missing
training,SRR5385736,data/camda_amr_2025/processed/assemblies/train/SRR5385736.fasta,missing
training,SRR5385737,data/camda_amr_2025/processed/assemblies/train/SRR5385737.fasta,missing
training,SRR5385738,data/camda_amr_2025/processed/assemblies/train/SRR5385738.fasta,missing
training,SRR5385743,data/camda_amr_2025/processed/assemblies/train/SRR5385743.fasta,missing
training,SRR5385745,data/camda_amr_2025/processed/assemblies/train/SRR5385745.fasta,missing
training,SRR5385750,data/camda_amr_2025/processed/assemblies/train/SRR5385750.fasta,missing
training,SRR5385760,data/camda_amr_2025/processed/assemblies/train/SRR5385760.fasta,missing
training,SRR5385761,data/camda_amr_2025/processed/assemblies/train/SRR5385761.fasta,missing
training,SRR5385768,data/camda_amr_2025/processed/assemblies/train/SRR5385768.fasta,missing
training,SRR5385769,data/camda_amr_2025/processed/assemblies/train/SRR5385769.fasta,missing
training,SRR5385771,data/camda_amr_2025/processed/assemblies/train/SRR5385771.fasta,missing
training,SRR5385789,data/camda_amr_2025/processed/assemblies/train/SRR5385789.fasta,missing
training,SRR5385790,data/camda_amr_2025/processed/assemblies/train/SRR5385790.fasta,missing
training,SRR5385810,data/camda_amr_2025/processed/assemblies/train/SRR5385810.fasta,missing
training,SRR5385818,data/camda_amr_2025/processed/assemblies/train/SRR5385818.fasta,missing
training,SRR5385819,data/camda_amr_2025/processed/assemblies/train/SRR5385819.fasta,missing
training,SRR5385821,data/camda_amr_2025/processed/assemblies/train/SRR5385821.fasta,missing
training,SRR5385823,data/camda_amr_2025/processed/assemblies/train/SRR5385823.fasta,missing
training,SRR5385825,data/camda_amr_2025/processed/assemblies/train/SRR5385825.fasta,missing
training,SRR5385830,data/camda_amr_2025/processed/assemblies/train/SRR5385830.fasta,missing
training,SRR5385835,data/camda_amr_2025/processed/assemblies/train/SRR5385835.fasta,missing
training,SRR5385837,data/camda_amr_2025/processed/assemblies/train/SRR5385837.fasta,missing
training,SRR5385848,data/camda_amr_2025/processed/assemblies/train/SRR5385848.fasta,missing
training,SRR5385856,data/camda_amr_2025/processed/assemblies/train/SRR5385856.fasta,missing
training,SRR5385858,data/camda_amr_2025/processed/assemblies/train/SRR5385858.fasta,missing
training,SRR5385860,data/camda_amr_2025/processed/assemblies/train/SRR5385860.fasta,missing
training,SRR5385865,data/camda_amr_2025/processed/assemblies/train/SRR5385865.fasta,missing
training,SRR5385869,data/camda_amr_2025/processed/assemblies/train/SRR5385869.fasta,missing
training,SRR5385870,data/camda_amr_2025/processed/assemblies/train/SRR5385870.fasta,missing
training,SRR5385880,data/camda_amr_2025/processed/assemblies/train/SRR5385880.fasta,missing
training,SRR5385882,data/camda_amr_2025/processed/assemblies/train/SRR5385882.fasta,missing
training,SRR5385883,data/camda_amr_2025/processed/assemblies/train/SRR5385883.fasta,missing
training,SRR5385884,data/camda_amr_2025/processed/assemblies/train/SRR5385884.fasta,missing
training,SRR5385886,data/camda_amr_2025/processed/assemblies/train/SRR5385886.fasta,missing
training,SRR5385887,data/camda_amr_2025/processed/assemblies/train/SRR5385887.fasta,missing
training,SRR5385889,data/camda_amr_2025/processed/assemblies/train/SRR5385889.fasta,missing
training,SRR5385890,data/camda_amr_2025/processed/assemblies/train/SRR5385890.fasta,missing
training,SRR5385894,data/camda_amr_2025/processed/assemblies/train/SRR5385894.fasta,missing
training,SRR5385895,data/camda_amr_2025/processed/assemblies/train/SRR5385895.fasta,missing
training,SRR5385901,data/camda_amr_2025/processed/assemblies/train/SRR5385901.fasta,missing
training,SRR5385904,data/camda_amr_2025/processed/assemblies/train/SRR5385904.fasta,missing
training,SRR5385908,data/camda_amr_2025/processed/assemblies/train/SRR5385908.fasta,missing
training,SRR5385915,data/camda_amr_2025/processed/assemblies/train/SRR5385915.fasta,missing
training,SRR5385916,data/camda_amr_2025/processed/assemblies/train/SRR5385916.fasta,missing
training,SRR5385918,data/camda_amr_2025/processed/assemblies/train/SRR5385918.fasta,missing
training,SRR5385923,data/camda_amr_2025/processed/assemblies/train/SRR5385923.fasta,missing
training,SRR5385924,data/camda_amr_2025/processed/assemblies/train/SRR5385924.fasta,missing
training,SRR5385925,data/camda_amr_2025/processed/assemblies/train/SRR5385925.fasta,missing
training,SRR5385926,data/camda_amr_2025/processed/assemblies/train/SRR5385926.fasta,missing
training,SRR5385928,data/camda_amr_2025/processed/assemblies/train/SRR5385928.fasta,missing
training,SRR5385929,data/camda_amr_2025/processed/assemblies/train/SRR5385929.fasta,missing
training,SRR5385930,data/camda_amr_2025/processed/assemblies/train/SRR5385930.fasta,missing
training,SRR5385931,data/camda_amr_2025/processed/assemblies/train/SRR5385931.fasta,missing
training,SRR5385932,data/camda_amr_2025/processed/assemblies/train/SRR5385932.fasta,missing
training,SRR5385935,data/camda_amr_2025/processed/assemblies/train/SRR5385935.fasta,missing
training,SRR5385937,data/camda_amr_2025/processed/assemblies/train/SRR5385937.fasta,missing
training,SRR5385944,data/camda_amr_2025/processed/assemblies/train/SRR5385944.fasta,missing
training,SRR5385946,data/camda_amr_2025/processed/assemblies/train/SRR5385946.fasta,missing
training,SRR5385953,data/camda_amr_2025/processed/assemblies/train/SRR5385953.fasta,missing
training,SRR5385964,data/camda_amr_2025/processed/assemblies/train/SRR5385964.fasta,missing
training,SRR5385967,data/camda_amr_2025/processed/assemblies/train/SRR5385967.fasta,missing
training,SRR5385976,data/camda_amr_2025/processed/assemblies/train/SRR5385976.fasta,missing
training,SRR5385978,data/camda_amr_2025/processed/assemblies/train/SRR5385978.fasta,missing
training,SRR5385984,data/camda_amr_2025/processed/assemblies/train/SRR5385984.fasta,missing
training,SRR5385992,data/camda_amr_2025/processed/assemblies/train/SRR5385992.fasta,missing
training,SRR5385999,data/camda_amr_2025/processed/assemblies/train/SRR5385999.fasta,missing
training,SRR5386003,data/camda_amr_2025/processed/assemblies/train/SRR5386003.fasta,missing
training,SRR5386025,data/camda_amr_2025/processed/assemblies/train/SRR5386025.fasta,missing
training,SRR5386027,data/camda_amr_2025/processed/assemblies/train/SRR5386027.fasta,missing
training,SRR5386030,data/camda_amr_2025/processed/assemblies/train/SRR5386030.fasta,missing
training,SRR5386032,data/camda_amr_2025/processed/assemblies/train/SRR5386032.fasta,missing
training,SRR5386036,data/camda_amr_2025/processed/assemblies/train/SRR5386036.fasta,missing
training,SRR5386037,data/camda_amr_2025/processed/assemblies/train/SRR5386037.fasta,missing
training,SRR5386038,data/camda_amr_2025/processed/assemblies/train/SRR5386038.fasta,missing
training,SRR5386039,data/camda_amr_2025/processed/assemblies/train/SRR5386039.fasta,missing
training,SRR5386041,data/camda_amr_2025/processed/assemblies/train/SRR5386041.fasta,missing
training,SRR5386042,data/camda_amr_2025/processed/assemblies/train/SRR5386042.fasta,missing
training,SRR5386043,data/camda_amr_2025/processed/assemblies/train/SRR5386043.fasta,missing
training,SRR5386049,data/camda_amr_2025/processed/assemblies/train/SRR5386049.fasta,missing
training,SRR5386050,data/camda_amr_2025/processed/assemblies/train/SRR5386050.fasta,missing
training,SRR5386052,data/camda_amr_2025/processed/assemblies/train/SRR5386052.fasta,missing
training,SRR5386057,data/camda_amr_2025/processed/assemblies/train/SRR5386057.fasta,missing
training,SRR5386062,data/camda_amr_2025/processed/assemblies/train/SRR5386062.fasta,missing
training,SRR5386068,data/camda_amr_2025/processed/assemblies/train/SRR5386068.fasta,missing
training,SRR5386069,data/camda_amr_2025/processed/assemblies/train/SRR5386069.fasta,missing
training,SRR5386072,data/camda_amr_2025/processed/assemblies/train/SRR5386072.fasta,missing
training,SRR5386075,data/camda_amr_2025/processed/assemblies/train/SRR5386075.fasta,missing
training,SRR5386078,data/camda_amr_2025/processed/assemblies/train/SRR5386078.fasta,missing
training,SRR5386079,data/camda_amr_2025/processed/assemblies/train/SRR5386079.fasta,missing
training,SRR5386084,data/camda_amr_2025/processed/assemblies/train/SRR5386084.fasta,missing
training,SRR5386087,data/camda_amr_2025/processed/assemblies/train/SRR5386087.fasta,missing
training,SRR5386092,data/camda_amr_2025/processed/assemblies/train/SRR5386092.fasta,missing
training,SRR5386093,data/camda_amr_2025/processed/assemblies/train/SRR5386093.fasta,missing
training,SRR5386096,data/camda_amr_2025/processed/assemblies/train/SRR5386096.fasta,missing
training,SRR5386101,data/camda_amr_2025/processed/assemblies/train/SRR5386101.fasta,missing
training,SRR5386103,data/camda_amr_2025/processed/assemblies/train/SRR5386103.fasta,missing
training,SRR5386107,data/camda_amr_2025/processed/assemblies/train/SRR5386107.fasta,missing
training,SRR5386109,data/camda_amr_2025/processed/assemblies/train/SRR5386109.fasta,missing
training,SRR5386121,data/camda_amr_2025/processed/assemblies/train/SRR5386121.fasta,missing
training,SRR5386122,data/camda_amr_2025/processed/assemblies/train/SRR5386122.fasta,missing
training,SRR5386126,data/camda_amr_2025/processed/assemblies/train/SRR5386126.fasta,missing
training,SRR5386127,data/camda_amr_2025/processed/assemblies/train/SRR5386127.fasta,missing
training,SRR5386130,data/camda_amr_2025/processed/assemblies/train/SRR5386130.fasta,missing
training,SRR5386131,data/camda_amr_2025/processed/assemblies/train/SRR5386131.fasta,missing
training,SRR5386135,data/camda_amr_2025/processed/assemblies/train/SRR5386135.fasta,missing
training,SRR5386137,data/camda_amr_2025/processed/assemblies/train/SRR5386137.fasta,missing
training,SRR5386143,data/camda_amr_2025/processed/assemblies/train/SRR5386143.fasta,missing
training,SRR5386148,data/camda_amr_2025/processed/assemblies/train/SRR5386148.fasta,missing
training,SRR5386149,data/camda_amr_2025/processed/assemblies/train/SRR5386149.fasta,missing
training,SRR5386154,data/camda_amr_2025/processed/assemblies/train/SRR5386154.fasta,missing
training,SRR5386155,data/camda_amr_2025/processed/assemblies/train/SRR5386155.fasta,missing
training,SRR5386163,data/camda_amr_2025/processed/assemblies/train/SRR5386163.fasta,missing
training,SRR5386165,data/camda_amr_2025/processed/assemblies/train/SRR5386165.fasta,missing
training,SRR5386166,data/camda_amr_2025/processed/assemblies/train/SRR5386166.fasta,missing
training,SRR5386168,data/camda_amr_2025/processed/assemblies/train/SRR5386168.fasta,missing
training,SRR5386170,data/camda_amr_2025/processed/assemblies/train/SRR5386170.fasta,missing
training,SRR5386171,data/camda_amr_2025/processed/assemblies/train/SRR5386171.fasta,missing
training,SRR5386179,data/camda_amr_2025/processed/assemblies/train/SRR5386179.fasta,missing
training,SRR5386182,data/camda_amr_2025/processed/assemblies/train/SRR5386182.fasta,missing
training,SRR5386183,data/camda_amr_2025/processed/assemblies/train/SRR5386183.fasta,missing
training,SRR5386186,data/camda_amr_2025/processed/assemblies/train/SRR5386186.fasta,missing
training,SRR5386191,data/camda_amr_2025/processed/assemblies/train/SRR5386191.fasta,missing
training,SRR5386192,data/camda_amr_2025/processed/assemblies/train/SRR5386192.fasta,missing
training,SRR5386193,data/camda_amr_2025/processed/assemblies/train/SRR5386193.fasta,missing
training,SRR5386194,data/camda_amr_2025/processed/assemblies/train/SRR5386194.fasta,missing
training,SRR5386196,data/camda_amr_2025/processed/assemblies/train/SRR5386196.fasta,missing
training,SRR5386197,data/camda_amr_2025/processed/assemblies/train/SRR5386197.fasta,missing
training,SRR5386199,data/camda_amr_2025/processed/assemblies/train/SRR5386199.fasta,missing
training,SRR5386203,data/camda_amr_2025/processed/assemblies/train/SRR5386203.fasta,missing
training,SRR5386206,data/camda_amr_2025/processed/assemblies/train/SRR5386206.fasta,missing
training,SRR5386207,data/camda_amr_2025/processed/assemblies/train/SRR5386207.fasta,missing
training,SRR5386210,data/camda_amr_2025/processed/assemblies/train/SRR5386210.fasta,missing
training,SRR5386213,data/camda_amr_2025/processed/assemblies/train/SRR5386213.fasta,missing
training,SRR5386215,data/camda_amr_2025/processed/assemblies/train/SRR5386215.fasta,missing
training,SRR5386221,data/camda_amr_2025/processed/assemblies/train/SRR5386221.fasta,missing
training,SRR5386222,data/camda_amr_2025/processed/assemblies/train/SRR5386222.fasta,missing
training,SRR5386224,data/camda_amr_2025/processed/assemblies/train/SRR5386224.fasta,missing
training,SRR5386225,data/camda_amr_2025/processed/assemblies/train/SRR5386225.fasta,missing
training,SRR5386226,data/camda_amr_2025/processed/assemblies/train/SRR5386226.fasta,missing
training,SRR5386228,data/camda_amr_2025/processed/assemblies/train/SRR5386228.fasta,missing
training,SRR5386229,data/camda_amr_2025/processed/assemblies/train/SRR5386229.fasta,missing
training,SRR5386236,data/camda_amr_2025/processed/assemblies/train/SRR5386236.fasta,missing
training,SRR5386239,data/camda_amr_2025/processed/assemblies/train/SRR5386239.fasta,missing
training,SRR5386241,data/camda_amr_2025/processed/assemblies/train/SRR5386241.fasta,missing
training,SRR5386246,data/camda_amr_2025/processed/assemblies/train/SRR5386246.fasta,missing
training,SRR5386249,data/camda_amr_2025/processed/assemblies/train/SRR5386249.fasta,missing
training,SRR5386250,data/camda_amr_2025/processed/assemblies/train/SRR5386250.fasta,missing
training,SRR5386257,data/camda_amr_2025/processed/assemblies/train/SRR5386257.fasta,missing
training,SRR5386258,data/camda_amr_2025/processed/assemblies/train/SRR5386258.fasta,missing
training,SRR5386259,data/camda_amr_2025/processed/assemblies/train/SRR5386259.fasta,missing
training,SRR5386260,data/camda_amr_2025/processed/assemblies/train/SRR5386260.fasta,missing
training,SRR5386265,data/camda_amr_2025/processed/assemblies/train/SRR5386265.fasta,missing
training,SRR5386266,data/camda_amr_2025/processed/assemblies/train/SRR5386266.fasta,missing
training,SRR5386268,data/camda_amr_2025/processed/assemblies/train/SRR5386268.fasta,missing
training,SRR5386270,data/camda_amr_2025/processed/assemblies/train/SRR5386270.fasta,missing
training,SRR5386273,data/camda_amr_2025/processed/assemblies/train/SRR5386273.fasta,missing
training,SRR5386285,data/camda_amr_2025/processed/assemblies/train/SRR5386285.fasta,missing
training,SRR5386289,data/camda_amr_2025/processed/assemblies/train/SRR5386289.fasta,missing
training,SRR5386293,data/camda_amr_2025/processed/assemblies/train/SRR5386293.fasta,missing
training,SRR5386297,data/camda_amr_2025/processed/assemblies/train/SRR5386297.fasta,missing
training,SRR5386298,data/camda_amr_2025/processed/assemblies/train/SRR5386298.fasta,missing
training,SRR5386301,data/camda_amr_2025/processed/assemblies/train/SRR5386301.fasta,missing
training,SRR5386304,data/camda_amr_2025/processed/assemblies/train/SRR5386304.fasta,missing
training,SRR5386305,data/camda_amr_2025/processed/assemblies/train/SRR5386305.fasta,missing
training,SRR5386306,data/camda_amr_2025/processed/assemblies/train/SRR5386306.fasta,missing
training,SRR5386307,data/camda_amr_2025/processed/assemblies/train/SRR5386307.fasta,missing
training,SRR5386309,data/camda_amr_2025/processed/assemblies/train/SRR5386309.fasta,missing
training,SRR5386310,data/camda_amr_2025/processed/assemblies/train/SRR5386310.fasta,missing
training,SRR5386313,data/camda_amr_2025/processed/assemblies/train/SRR5386313.fasta,missing
training,SRR5386314,data/camda_amr_2025/processed/assemblies/train/SRR5386314.fasta,missing
training,SRR5386319,data/camda_amr_2025/processed/assemblies/train/SRR5386319.fasta,missing
training,SRR5386323,data/camda_amr_2025/processed/assemblies/train/SRR5386323.fasta,missing
training,SRR5386324,data/camda_amr_2025/processed/assemblies/train/SRR5386324.fasta,missing
training,SRR5386325,data/camda_amr_2025/processed/assemblies/train/SRR5386325.fasta,missing
training,SRR5386328,data/camda_amr_2025/processed/assemblies/train/SRR5386328.fasta,missing
training,SRR5386332,data/camda_amr_2025/processed/assemblies/train/SRR5386332.fasta,missing
training,SRR5386333,data/camda_amr_2025/processed/assemblies/train/SRR5386333.fasta,missing
training,SRR5386335,data/camda_amr_2025/processed/assemblies/train/SRR5386335.fasta,missing
training,SRR5386345,data/camda_amr_2025/processed/assemblies/train/SRR5386345.fasta,missing
training,SRR5386346,data/camda_amr_2025/processed/assemblies/train/SRR5386346.fasta,missing
training,SRR5386356,data/camda_amr_2025/processed/assemblies/train/SRR5386356.fasta,missing
training,SRR5386357,data/camda_amr_2025/processed/assemblies/train/SRR5386357.fasta,missing
training,SRR5386359,data/camda_amr_2025/processed/assemblies/train/SRR5386359.fasta,missing
training,SRR5386370,data/camda_amr_2025/processed/assemblies/train/SRR5386370.fasta,missing
training,SRR5386371,data/camda_amr_2025/processed/assemblies/train/SRR5386371.fasta,missing
training,SRR5386373,data/camda_amr_2025/processed/assemblies/train/SRR5386373.fasta,missing
training,SRR5386374,data/camda_amr_2025/processed/assemblies/train/SRR5386374.fasta,missing
training,SRR5386383,data/camda_amr_2025/processed/assemblies/train/SRR5386383.fasta,missing
training,SRR5386387,data/camda_amr_2025/processed/assemblies/train/SRR5386387.fasta,missing
training,SRR5386391,data/camda_amr_2025/processed/assemblies/train/SRR5386391.fasta,missing
training,SRR5386393,data/camda_amr_2025/processed/assemblies/train/SRR5386393.fasta,missing
training,SRR5386394,data/camda_amr_2025/processed/assemblies/train/SRR5386394.fasta,missing
training,SRR5386415,data/camda_amr_2025/processed/assemblies/train/SRR5386415.fasta,missing
training,SRR5386416,data/camda_amr_2025/processed/assemblies/train/SRR5386416.fasta,missing
training,SRR5386420,data/camda_amr_2025/processed/assemblies/train/SRR5386420.fasta,missing
training,SRR5386428,data/camda_amr_2025/processed/assemblies/train/SRR5386428.fasta,missing
training,SRR5386429,data/camda_amr_2025/processed/assemblies/train/SRR5386429.fasta,missing
training,SRR5386439,data/camda_amr_2025/processed/assemblies/train/SRR5386439.fasta,missing
training,SRR5386451,data/camda_amr_2025/processed/assemblies/train/SRR5386451.fasta,missing
training,SRR5386453,data/camda_amr_2025/processed/assemblies/train/SRR5386453.fasta,missing
training,SRR5386454,data/camda_amr_2025/processed/assemblies/train/SRR5386454.fasta,missing
training,SRR5386456,data/camda_amr_2025/processed/assemblies/train/SRR5386456.fasta,missing
training,SRR5386468,data/camda_amr_2025/processed/assemblies/train/SRR5386468.fasta,missing
training,SRR5386469,data/camda_amr_2025/processed/assemblies/train/SRR5386469.fasta,missing
training,SRR5386476,data/camda_amr_2025/processed/assemblies/train/SRR5386476.fasta,missing
training,SRR5386479,data/camda_amr_2025/processed/assemblies/train/SRR5386479.fasta,missing
training,SRR5386486,data/camda_amr_2025/processed/assemblies/train/SRR5386486.fasta,missing
training,SRR5386492,data/camda_amr_2025/processed/assemblies/train/SRR5386492.fasta,missing
training,SRR5386498,data/camda_amr_2025/processed/assemblies/train/SRR5386498.fasta,missing
training,SRR5386503,data/camda_amr_2025/processed/assemblies/train/SRR5386503.fasta,missing
training,SRR5386504,data/camda_amr_2025/processed/assemblies/train/SRR5386504.fasta,missing
training,SRR5386507,data/camda_amr_2025/processed/assemblies/train/SRR5386507.fasta,missing
training,SRR5386511,data/camda_amr_2025/processed/assemblies/train/SRR5386511.fasta,missing
training,SRR5386520,data/camda_amr_2025/processed/assemblies/train/SRR5386520.fasta,missing
training,SRR5386524,data/camda_amr_2025/processed/assemblies/train/SRR5386524.fasta,missing
training,SRR5386532,data/camda_amr_2025/processed/assemblies/train/SRR5386532.fasta,missing
training,SRR5386537,data/camda_amr_2025/processed/assemblies/train/SRR5386537.fasta,missing
training,SRR5386538,data/camda_amr_2025/processed/assemblies/train/SRR5386538.fasta,missing
training,SRR5386540,data/camda_amr_2025/processed/assemblies/train/SRR5386540.fasta,missing
training,SRR5386542,data/camda_amr_2025/processed/assemblies/train/SRR5386542.fasta,missing
training,SRR5386547,data/camda_amr_2025/processed/assemblies/train/SRR5386547.fasta,missing
training,SRR5386552,data/camda_amr_2025/processed/assemblies/train/SRR5386552.fasta,missing
training,SRR5386555,data/camda_amr_2025/processed/assemblies/train/SRR5386555.fasta,missing
training,SRR5386556,data/camda_amr_2025/processed/assemblies/train/SRR5386556.fasta,missing
training,SRR5386563,data/camda_amr_2025/processed/assemblies/train/SRR5386563.fasta,missing
training,SRR5386568,data/camda_amr_2025/processed/assemblies/train/SRR5386568.fasta,missing
training,SRR5386573,data/camda_amr_2025/processed/assemblies/train/SRR5386573.fasta,missing
training,SRR5386574,data/camda_amr_2025/processed/assemblies/train/SRR5386574.fasta,missing
training,SRR5386591,data/camda_amr_2025/processed/assemblies/train/SRR5386591.fasta,missing
training,SRR5386595,data/camda_amr_2025/processed/assemblies/train/SRR5386595.fasta,missing
training,SRR5386596,data/camda_amr_2025/processed/assemblies/train/SRR5386596.fasta,missing
training,SRR5386599,data/camda_amr_2025/processed/assemblies/train/SRR5386599.fasta,missing
training,SRR5386600,data/camda_amr_2025/processed/assemblies/train/SRR5386600.fasta,missing
training,SRR5386601,data/camda_amr_2025/processed/assemblies/train/SRR5386601.fasta,missing
training,SRR5386602,data/camda_amr_2025/processed/assemblies/train/SRR5386602.fasta,missing
training,SRR5386614,data/camda_amr_2025/processed/assemblies/train/SRR5386614.fasta,missing
training,SRR5386615,data/camda_amr_2025/processed/assemblies/train/SRR5386615.fasta,missing
training,SRR5386622,data/camda_amr_2025/processed/assemblies/train/SRR5386622.fasta,missing
training,SRR5386623,data/camda_amr_2025/processed/assemblies/train/SRR5386623.fasta,missing
training,SRR5386627,data/camda_amr_2025/processed/assemblies/train/SRR5386627.fasta,missing
training,SRR5386629,data/camda_amr_2025/processed/assemblies/train/SRR5386629.fasta,missing
training,SRR5386630,data/camda_amr_2025/processed/assemblies/train/SRR5386630.fasta,missing
training,SRR5386636,data/camda_amr_2025/processed/assemblies/train/SRR5386636.fasta,missing
training,SRR5386637,data/camda_amr_2025/processed/assemblies/train/SRR5386637.fasta,missing
training,SRR5386638,data/camda_amr_2025/processed/assemblies/train/SRR5386638.fasta,missing
training,SRR5386644,data/camda_amr_2025/processed/assemblies/train/SRR5386644.fasta,missing
training,SRR5386654,data/camda_amr_2025/processed/assemblies/train/SRR5386654.fasta,missing
training,SRR5386656,data/camda_amr_2025/processed/assemblies/train/SRR5386656.fasta,missing
training,SRR5386660,data/camda_amr_2025/processed/assemblies/train/SRR5386660.fasta,missing
training,SRR5386661,data/camda_amr_2025/processed/assemblies/train/SRR5386661.fasta,missing
training,SRR5386666,data/camda_amr_2025/processed/assemblies/train/SRR5386666.fasta,missing
training,SRR5386668,data/camda_amr_2025/processed/assemblies/train/SRR5386668.fasta,missing
training,SRR5386675,data/camda_amr_2025/processed/assemblies/train/SRR5386675.fasta,missing
training,SRR5386682,data/camda_amr_2025/processed/assemblies/train/SRR5386682.fasta,missing
training,SRR5386699,data/camda_amr_2025/processed/assemblies/train/SRR5386699.fasta,missing
training,SRR5386700,data/camda_amr_2025/processed/assemblies/train/SRR5386700.fasta,missing
training,SRR5386701,data/camda_amr_2025/processed/assemblies/train/SRR5386701.fasta,missing
training,SRR5386706,data/camda_amr_2025/processed/assemblies/train/SRR5386706.fasta,missing
training,SRR5386720,data/camda_amr_2025/processed/assemblies/train/SRR5386720.fasta,missing
training,SRR5386721,data/camda_amr_2025/processed/assemblies/train/SRR5386721.fasta,missing
training,SRR5386724,data/camda_amr_2025/processed/assemblies/train/SRR5386724.fasta,missing
training,SRR5386742,data/camda_amr_2025/processed/assemblies/train/SRR5386742.fasta,missing
training,SRR5386743,data/camda_amr_2025/processed/assemblies/train/SRR5386743.fasta,missing
training,SRR5386748,data/camda_amr_2025/processed/assemblies/train/SRR5386748.fasta,missing
training,SRR5386749,data/camda_amr_2025/processed/assemblies/train/SRR5386749.fasta,missing
training,SRR5386755,data/camda_amr_2025/processed/assemblies/train/SRR5386755.fasta,missing
training,SRR5386756,data/camda_amr_2025/processed/assemblies/train/SRR5386756.fasta,missing
training,SRR5386758,data/camda_amr_2025/processed/assemblies/train/SRR5386758.fasta,missing
training,SRR5386759,data/camda_amr_2025/processed/assemblies/train/SRR5386759.fasta,missing
training,SRR5386761,data/camda_amr_2025/processed/assemblies/train/SRR5386761.fasta,missing
training,SRR5386765,data/camda_amr_2025/processed/assemblies/train/SRR5386765.fasta,missing
training,SRR5386770,data/camda_amr_2025/processed/assemblies/train/SRR5386770.fasta,missing
training,SRR5386776,data/camda_amr_2025/processed/assemblies/train/SRR5386776.fasta,missing
training,SRR5386784,data/camda_amr_2025/processed/assemblies/train/SRR5386784.fasta,missing
training,SRR5386785,data/camda_amr_2025/processed/assemblies/train/SRR5386785.fasta,missing
training,SRR5386796,data/camda_amr_2025/processed/assemblies/train/SRR5386796.fasta,missing
training,SRR5386802,data/camda_amr_2025/processed/assemblies/train/SRR5386802.fasta,missing
training,SRR5386806,data/camda_amr_2025/processed/assemblies/train/SRR5386806.fasta,missing
training,SRR5386811,data/camda_amr_2025/processed/assemblies/train/SRR5386811.fasta,missing
training,SRR5386812,data/camda_amr_2025/processed/assemblies/train/SRR5386812.fasta,missing
training,SRR5386814,data/camda_amr_2025/processed/assemblies/train/SRR5386814.fasta,missing
training,SRR5386820,data/camda_amr_2025/processed/assemblies/train/SRR5386820.fasta,missing
training,SRR5386827,data/camda_amr_2025/processed/assemblies/train/SRR5386827.fasta,missing
training,SRR5386828,data/camda_amr_2025/processed/assemblies/train/SRR5386828.fasta,missing
training,SRR5386830,data/camda_amr_2025/processed/assemblies/train/SRR5386830.fasta,missing
training,SRR5386831,data/camda_amr_2025/processed/assemblies/train/SRR5386831.fasta,missing
training,SRR5386842,data/camda_amr_2025/processed/assemblies/train/SRR5386842.fasta,missing
training,SRR5386843,data/camda_amr_2025/processed/assemblies/train/SRR5386843.fasta,missing
training,SRR5386844,data/camda_amr_2025/processed/assemblies/train/SRR5386844.fasta,missing
training,SRR5386846,data/camda_amr_2025/processed/assemblies/train/SRR5386846.fasta,missing
training,SRR5386848,data/camda_amr_2025/processed/assemblies/train/SRR5386848.fasta,missing
training,SRR5386852,data/camda_amr_2025/processed/assemblies/train/SRR5386852.fasta,missing
training,SRR5386924,data/camda_amr_2025/processed/assemblies/train/SRR5386924.fasta,missing
training,SRR5386925,data/camda_amr_2025/processed/assemblies/train/SRR5386925.fasta,missing
training,SRR5386926,data/camda_amr_2025/processed/assemblies/train/SRR5386926.fasta,missing
training,SRR5386945,data/camda_amr_2025/processed/assemblies/train/SRR5386945.fasta,missing
training,SRR5386955,data/camda_amr_2025/processed/assemblies/train/SRR5386955.fasta,missing
training,SRR5386958,data/camda_amr_2025/processed/assemblies/train/SRR5386958.fasta,missing
training,SRR5386959,data/camda_amr_2025/processed/assemblies/train/SRR5386959.fasta,missing
training,SRR5386967,data/camda_amr_2025/processed/assemblies/train/SRR5386967.fasta,missing
training,SRR5386968,data/camda_amr_2025/processed/assemblies/train/SRR5386968.fasta,missing
training,SRR5386969,data/camda_amr_2025/processed/assemblies/train/SRR5386969.fasta,missing
training,SRR5386970,data/camda_amr_2025/processed/assemblies/train/SRR5386970.fasta,missing
training,SRR5386976,data/camda_amr_2025/processed/assemblies/train/SRR5386976.fasta,missing
training,SRR5386982,data/camda_amr_2025/processed/assemblies/train/SRR5386982.fasta,missing
training,SRR5386984,data/camda_amr_2025/processed/assemblies/train/SRR5386984.fasta,missing
training,SRR5386998,data/camda_amr_2025/processed/assemblies/train/SRR5386998.fasta,missing
training,SRR5386999,data/camda_amr_2025/processed/assemblies/train/SRR5386999.fasta,missing
training,SRR5387001,data/camda_amr_2025/processed/assemblies/train/SRR5387001.fasta,missing
training,SRR5387003,data/camda_amr_2025/processed/assemblies/train/SRR5387003.fasta,missing
training,SRR5387007,data/camda_amr_2025/processed/assemblies/train/SRR5387007.fasta,missing
training,SRR5387021,data/camda_amr_2025/processed/assemblies/train/SRR5387021.fasta,missing
training,SRR5387023,data/camda_amr_2025/processed/assemblies/train/SRR5387023.fasta,missing
training,SRR5387025,data/camda_amr_2025/processed/assemblies/train/SRR5387025.fasta,missing
training,SRR5387027,data/camda_amr_2025/processed/assemblies/train/SRR5387027.fasta,missing
training,SRR5387029,data/camda_amr_2025/processed/assemblies/train/SRR5387029.fasta,missing
training,SRR5387031,data/camda_amr_2025/processed/assemblies/train/SRR5387031.fasta,missing
training,SRR5387033,data/camda_amr_2025/processed/assemblies/train/SRR5387033.fasta,missing
training,SRR5387037,data/camda_amr_2025/processed/assemblies/train/SRR5387037.fasta,missing
training,SRR5387156,data/camda_amr_2025/processed/assemblies/train/SRR5387156.fasta,missing
training,SRR5387159,data/camda_amr_2025/processed/assemblies/train/SRR5387159.fasta,missing
training,SRR5387161,data/camda_amr_2025/processed/assemblies/train/SRR5387161.fasta,missing
training,SRR5387162,data/camda_amr_2025/processed/assemblies/train/SRR5387162.fasta,missing
training,SRR5387164,data/camda_amr_2025/processed/assemblies/train/SRR5387164.fasta,missing
training,SRR5387168,data/camda_amr_2025/processed/assemblies/train/SRR5387168.fasta,missing
training,SRR5387169,data/camda_amr_2025/processed/assemblies/train/SRR5387169.fasta,missing
training,SRR5387175,data/camda_amr_2025/processed/assemblies/train/SRR5387175.fasta,missing
training,SRR5387179,data/camda_amr_2025/processed/assemblies/train/SRR5387179.fasta,missing
training,SRR5387184,data/camda_amr_2025/processed/assemblies/train/SRR5387184.fasta,missing
training,SRR5387191,data/camda_amr_2025/processed/assemblies/train/SRR5387191.fasta,missing
training,SRR5387193,data/camda_amr_2025/processed/assemblies/train/SRR5387193.fasta,missing
training,SRR5387197,data/camda_amr_2025/processed/assemblies/train/SRR5387197.fasta,missing
training,SRR5387199,data/camda_amr_2025/processed/assemblies/train/SRR5387199.fasta,missing
training,SRR5387200,data/camda_amr_2025/processed/assemblies/train/SRR5387200.fasta,missing
training,SRR5387210,data/camda_amr_2025/processed/assemblies/train/SRR5387210.fasta,missing
training,SRR5387211,data/camda_amr_2025/processed/assemblies/train/SRR5387211.fasta,missing
training,SRR5387212,data/camda_amr_2025/processed/assemblies/train/SRR5387212.fasta,missing
training,SRR5387214,data/camda_amr_2025/processed/assemblies/train/SRR5387214.fasta,missing
training,SRR5387221,data/camda_amr_2025/processed/assemblies/train/SRR5387221.fasta,missing
training,SRR5387222,data/camda_amr_2025/processed/assemblies/train/SRR5387222.fasta,missing
training,SRR5387223,data/camda_amr_2025/processed/assemblies/train/SRR5387223.fasta,missing
training,SRR5387224,data/camda_amr_2025/processed/assemblies/train/SRR5387224.fasta,missing
training,SRR5387227,data/camda_amr_2025/processed/assemblies/train/SRR5387227.fasta,missing
training,SRR5387229,data/camda_amr_2025/processed/assemblies/train/SRR5387229.fasta,missing
training,SRR5387234,data/camda_amr_2025/processed/assemblies/train/SRR5387234.fasta,missing
training,SRR5387241,data/camda_amr_2025/processed/assemblies/train/SRR5387241.fasta,missing
training,SRR5387245,data/camda_amr_2025/processed/assemblies/train/SRR5387245.fasta,missing
training,SRR5387247,data/camda_amr_2025/processed/assemblies/train/SRR5387247.fasta,missing
training,SRR5387249,data/camda_amr_2025/processed/assemblies/train/SRR5387249.fasta,missing
training,SRR5387254,data/camda_amr_2025/processed/assemblies/train/SRR5387254.fasta,missing
training,SRR5387258,data/camda_amr_2025/processed/assemblies/train/SRR5387258.fasta,missing
training,SRR5387260,data/camda_amr_2025/processed/assemblies/train/SRR5387260.fasta,missing
training,SRR5387261,data/camda_amr_2025/processed/assemblies/train/SRR5387261.fasta,missing
training,SRR5387268,data/camda_amr_2025/processed/assemblies/train/SRR5387268.fasta,missing
training,SRR5387270,data/camda_amr_2025/processed/assemblies/train/SRR5387270.fasta,missing
training,SRR5387277,data/camda_amr_2025/processed/assemblies/train/SRR5387277.fasta,missing
training,SRR5387280,data/camda_amr_2025/processed/assemblies/train/SRR5387280.fasta,missing
training,SRR5387282,data/camda_amr_2025/processed/assemblies/train/SRR5387282.fasta,missing
training,SRR5387284,data/camda_amr_2025/processed/assemblies/train/SRR5387284.fasta,missing
training,SRR5387287,data/camda_amr_2025/processed/assemblies/train/SRR5387287.fasta,missing
training,SRR5387288,data/camda_amr_2025/processed/assemblies/train/SRR5387288.fasta,missing
training,SRR5387293,data/camda_amr_2025/processed/assemblies/train/SRR5387293.fasta,missing
training,SRR5387294,data/camda_amr_2025/processed/assemblies/train/SRR5387294.fasta,missing
training,SRR5387295,data/camda_amr_2025/processed/assemblies/train/SRR5387295.fasta,missing
training,SRR5387296,data/camda_amr_2025/processed/assemblies/train/SRR5387296.fasta,missing
training,SRR5387299,data/camda_amr_2025/processed/assemblies/train/SRR5387299.fasta,missing
training,SRR5387307,data/camda_amr_2025/processed/assemblies/train/SRR5387307.fasta,missing
training,SRR5387310,data/camda_amr_2025/processed/assemblies/train/SRR5387310.fasta,missing
training,SRR5387311,data/camda_amr_2025/processed/assemblies/train/SRR5387311.fasta,missing
training,SRR5387313,data/camda_amr_2025/processed/assemblies/train/SRR5387313.fasta,missing
training,SRR5387315,data/camda_amr_2025/processed/assemblies/train/SRR5387315.fasta,missing
training,SRR5387321,data/camda_amr_2025/processed/assemblies/train/SRR5387321.fasta,missing
training,SRR5387322,data/camda_amr_2025/processed/assemblies/train/SRR5387322.fasta,missing
training,SRR5387325,data/camda_amr_2025/processed/assemblies/train/SRR5387325.fasta,missing
training,SRR5387335,data/camda_amr_2025/processed/assemblies/train/SRR5387335.fasta,missing
training,SRR5387350,data/camda_amr_2025/processed/assemblies/train/SRR5387350.fasta,missing
training,SRR5387353,data/camda_amr_2025/processed/assemblies/train/SRR5387353.fasta,missing
training,SRR5387355,data/camda_amr_2025/processed/assemblies/train/SRR5387355.fasta,missing
training,SRR5387356,data/camda_amr_2025/processed/assemblies/train/SRR5387356.fasta,missing
training,SRR5387361,data/camda_amr_2025/processed/assemblies/train/SRR5387361.fasta,missing
training,SRR5387362,data/camda_amr_2025/processed/assemblies/train/SRR5387362.fasta,missing
training,SRR5387365,data/camda_amr_2025/processed/assemblies/train/SRR5387365.fasta,missing
training,SRR5387372,data/camda_amr_2025/processed/assemblies/train/SRR5387372.fasta,missing
training,SRR5387374,data/camda_amr_2025/processed/assemblies/train/SRR5387374.fasta,missing
training,SRR5387375,data/camda_amr_2025/processed/assemblies/train/SRR5387375.fasta,missing
training,SRR5387376,data/camda_amr_2025/processed/assemblies/train/SRR5387376.fasta,missing
training,SRR5387377,data/camda_amr_2025/processed/assemblies/train/SRR5387377.fasta,missing
training,SRR5387379,data/camda_amr_2025/processed/assemblies/train/SRR5387379.fasta,missing
training,SRR5387390,data/camda_amr_2025/processed/assemblies/train/SRR5387390.fasta,missing
training,SRR5387400,data/camda_amr_2025/processed/assemblies/train/SRR5387400.fasta,missing
training,SRR5387409,data/camda_amr_2025/processed/assemblies/train/SRR5387409.fasta,missing
training,SRR5387411,data/camda_amr_2025/processed/assemblies/train/SRR5387411.fasta,missing
training,SRR5387419,data/camda_amr_2025/processed/assemblies/train/SRR5387419.fasta,missing
training,SRR5387421,data/camda_amr_2025/processed/assemblies/train/SRR5387421.fasta,missing
training,SRR5398450,data/camda_amr_2025/processed/assemblies/train/SRR5398450.fasta,missing
training,SRR5398452,data/camda_amr_2025/processed/assemblies/train/SRR5398452.fasta,missing
training,SRR5420063,data/camda_amr_2025/processed/assemblies/train/SRR5420063.fasta,missing
training,SRR5420065,data/camda_amr_2025/processed/assemblies/train/SRR5420065.fasta,missing
training,SRR5420067,data/camda_amr_2025/processed/assemblies/train/SRR5420067.fasta,missing
training,SRR5420068,data/camda_amr_2025/processed/assemblies/train/SRR5420068.fasta,missing
training,SRR5420070,data/camda_amr_2025/processed/assemblies/train/SRR5420070.fasta,missing
training,SRR5420071,data/camda_amr_2025/processed/assemblies/train/SRR5420071.fasta,missing
training,SRR5445911,data/camda_amr_2025/processed/assemblies/train/SRR5445911.fasta,missing
training,SRR5445913,data/camda_amr_2025/processed/assemblies/train/SRR5445913.fasta,missing
training,SRR5445916,data/camda_amr_2025/processed/assemblies/train/SRR5445916.fasta,missing
training,SRR5445917,data/camda_amr_2025/processed/assemblies/train/SRR5445917.fasta,missing
training,SRR5445918,data/camda_amr_2025/processed/assemblies/train/SRR5445918.fasta,missing
training,SRR5445919,data/camda_amr_2025/processed/assemblies/train/SRR5445919.fasta,missing
training,SRR5445921,data/camda_amr_2025/processed/assemblies/train/SRR5445921.fasta,missing
training,SRR5445922,data/camda_amr_2025/processed/assemblies/train/SRR5445922.fasta,missing
training,SRR5445923,data/camda_amr_2025/processed/assemblies/train/SRR5445923.fasta,missing
training,SRR5445925,data/camda_amr_2025/processed/assemblies/train/SRR5445925.fasta,missing
training,SRR5477433,data/camda_amr_2025/processed/assemblies/train/SRR5477433.fasta,missing
training,SRR5477437,data/camda_amr_2025/processed/assemblies/train/SRR5477437.fasta,missing
training,SRR5482170,data/camda_amr_2025/processed/assemblies/train/SRR5482170.fasta,missing
training,SRR5573042,data/camda_amr_2025/processed/assemblies/train/SRR5573042.fasta,missing
training,SRR5573052,data/camda_amr_2025/processed/assemblies/train/SRR5573052.fasta,missing
training,SRR5573056,data/camda_amr_2025/processed/assemblies/train/SRR5573056.fasta,missing
training,SRR5573063,data/camda_amr_2025/processed/assemblies/train/SRR5573063.fasta,missing
training,SRR5573064,data/camda_amr_2025/processed/assemblies/train/SRR5573064.fasta,missing
training,SRR5573066,data/camda_amr_2025/processed/assemblies/train/SRR5573066.fasta,missing
training,SRR5573075,data/camda_amr_2025/processed/assemblies/train/SRR5573075.fasta,missing
training,SRR5573076,data/camda_amr_2025/processed/assemblies/train/SRR5573076.fasta,missing
training,SRR5573108,data/camda_amr_2025/processed/assemblies/train/SRR5573108.fasta,missing
training,SRR5573113,data/camda_amr_2025/processed/assemblies/train/SRR5573113.fasta,missing
training,SRR5573127,data/camda_amr_2025/processed/assemblies/train/SRR5573127.fasta,missing
training,SRR5573134,data/camda_amr_2025/processed/assemblies/train/SRR5573134.fasta,missing
training,SRR5573144,data/camda_amr_2025/processed/assemblies/train/SRR5573144.fasta,missing
training,SRR5642371,data/camda_amr_2025/processed/assemblies/train/SRR5642371.fasta,missing
training,SRR5642372,data/camda_amr_2025/processed/assemblies/train/SRR5642372.fasta,missing
training,SRR5642373,data/camda_amr_2025/processed/assemblies/train/SRR5642373.fasta,missing
training,SRR5642374,data/camda_amr_2025/processed/assemblies/train/SRR5642374.fasta,missing
training,SRR5642375,data/camda_amr_2025/processed/assemblies/train/SRR5642375.fasta,missing
training,SRR5642376,data/camda_amr_2025/processed/assemblies/train/SRR5642376.fasta,missing
training,SRR5642377,data/camda_amr_2025/processed/assemblies/train/SRR5642377.fasta,missing
training,SRR5642378,data/camda_amr_2025/processed/assemblies/train/SRR5642378.fasta,missing
training,SRR5642379,data/camda_amr_2025/processed/assemblies/train/SRR5642379.fasta,missing
training,SRR5642380,data/camda_amr_2025/processed/assemblies/train/SRR5642380.fasta,missing
training,SRR5642502,data/camda_amr_2025/processed/assemblies/train/SRR5642502.fasta,missing
training,SRR5642503,data/camda_amr_2025/processed/assemblies/train/SRR5642503.fasta,missing
training,SRR5642504,data/camda_amr_2025/processed/assemblies/train/SRR5642504.fasta,missing
training,SRR5642507,data/camda_amr_2025/processed/assemblies/train/SRR5642507.fasta,missing
training,SRR5642508,data/camda_amr_2025/processed/assemblies/train/SRR5642508.fasta,missing
training,SRR5642509,data/camda_amr_2025/processed/assemblies/train/SRR5642509.fasta,missing
training,SRR5642510,data/camda_amr_2025/processed/assemblies/train/SRR5642510.fasta,missing
training,SRR5642511,data/camda_amr_2025/processed/assemblies/train/SRR5642511.fasta,missing
training,SRR5642512,data/camda_amr_2025/processed/assemblies/train/SRR5642512.fasta,missing
training,SRR5642513,data/camda_amr_2025/processed/assemblies/train/SRR5642513.fasta,missing
training,SRR5642514,data/camda_amr_2025/processed/assemblies/train/SRR5642514.fasta,missing
training,SRR5642515,data/camda_amr_2025/processed/assemblies/train/SRR5642515.fasta,missing
training,SRR5642517,data/camda_amr_2025/processed/assemblies/train/SRR5642517.fasta,missing
training,SRR5642518,data/camda_amr_2025/processed/assemblies/train/SRR5642518.fasta,missing
training,SRR5642519,data/camda_amr_2025/processed/assemblies/train/SRR5642519.fasta,missing
training,SRR5658721,data/camda_amr_2025/processed/assemblies/train/SRR5658721.fasta,missing
training,SRR5658733,data/camda_amr_2025/processed/assemblies/train/SRR5658733.fasta,missing
training,SRR5659146,data/camda_amr_2025/processed/assemblies/train/SRR5659146.fasta,missing
training,SRR5724753,data/camda_amr_2025/processed/assemblies/train/SRR5724753.fasta,missing
training,SRR5740776,data/camda_amr_2025/processed/assemblies/train/SRR5740776.fasta,missing
training,SRR5740850,data/camda_amr_2025/processed/assemblies/train/SRR5740850.fasta,missing
training,SRR5740852,data/camda_amr_2025/processed/assemblies/train/SRR5740852.fasta,missing
training,SRR5742247,data/camda_amr_2025/processed/assemblies/train/SRR5742247.fasta,missing
training,SRR5742257,data/camda_amr_2025/processed/assemblies/train/SRR5742257.fasta,missing
training,SRR5742259,data/camda_amr_2025/processed/assemblies/train/SRR5742259.fasta,missing
training,SRR5742589,data/camda_amr_2025/processed/assemblies/train/SRR5742589.fasta,missing
training,SRR5746514,data/camda_amr_2025/processed/assemblies/train/SRR5746514.fasta,missing
training,SRR5749732,data/camda_amr_2025/processed/assemblies/train/SRR5749732.fasta,missing
training,SRR5750295,data/camda_amr_2025/processed/assemblies/train/SRR5750295.fasta,missing
training,SRR5750456,data/camda_amr_2025/processed/assemblies/train/SRR5750456.fasta,missing
training,SRR5750458,data/camda_amr_2025/processed/assemblies/train/SRR5750458.fasta,missing
training,SRR5750471,data/camda_amr_2025/processed/assemblies/train/SRR5750471.fasta,missing
training,SRR5750477,data/camda_amr_2025/processed/assemblies/train/SRR5750477.fasta,missing
training,SRR5750770,data/camda_amr_2025/processed/assemblies/train/SRR5750770.fasta,missing
training,SRR5753142,data/camda_amr_2025/processed/assemblies/train/SRR5753142.fasta,missing
training,SRR5806867,data/camda_amr_2025/processed/assemblies/train/SRR5806867.fasta,missing
training,SRR5806874,data/camda_amr_2025/processed/assemblies/train/SRR5806874.fasta,missing
training,SRR5806875,data/camda_amr_2025/processed/assemblies/train/SRR5806875.fasta,missing
training,SRR5806876,data/camda_amr_2025/processed/assemblies/train/SRR5806876.fasta,missing
training,SRR5806877,data/camda_amr_2025/processed/assemblies/train/SRR5806877.fasta,missing
training,SRR5806879,data/camda_amr_2025/processed/assemblies/train/SRR5806879.fasta,missing
training,SRR5806880,data/camda_amr_2025/processed/assemblies/train/SRR5806880.fasta,missing
training,SRR5810504,data/camda_amr_2025/processed/assemblies/train/SRR5810504.fasta,missing
training,SRR5810505,data/camda_amr_2025/processed/assemblies/train/SRR5810505.fasta,missing
training,SRR5810510,data/camda_amr_2025/processed/assemblies/train/SRR5810510.fasta,missing
training,SRR5810511,data/camda_amr_2025/processed/assemblies/train/SRR5810511.fasta,missing
training,SRR5810512,data/camda_amr_2025/processed/assemblies/train/SRR5810512.fasta,missing
training,SRR5810513,data/camda_amr_2025/processed/assemblies/train/SRR5810513.fasta,missing
training,SRR5810514,data/camda_amr_2025/processed/assemblies/train/SRR5810514.fasta,missing
training,SRR5827018,data/camda_amr_2025/processed/assemblies/train/SRR5827018.fasta,missing
training,SRR5827020,data/camda_amr_2025/processed/assemblies/train/SRR5827020.fasta,missing
training,SRR5827021,data/camda_amr_2025/processed/assemblies/train/SRR5827021.fasta,missing
training,SRR5827022,data/camda_amr_2025/processed/assemblies/train/SRR5827022.fasta,missing
training,SRR5827023,data/camda_amr_2025/processed/assemblies/train/SRR5827023.fasta,missing
training,SRR5827024,data/camda_amr_2025/processed/assemblies/train/SRR5827024.fasta,missing
training,SRR5827026,data/camda_amr_2025/processed/assemblies/train/SRR5827026.fasta,missing
training,SRR5827030,data/camda_amr_2025/processed/assemblies/train/SRR5827030.fasta,missing
training,SRR5827033,data/camda_amr_2025/processed/assemblies/train/SRR5827033.fasta,missing
training,SRR5827034,data/camda_amr_2025/processed/assemblies/train/SRR5827034.fasta,missing
training,SRR5827035,data/camda_amr_2025/processed/assemblies/train/SRR5827035.fasta,missing
training,SRR5827036,data/camda_amr_2025/processed/assemblies/train/SRR5827036.fasta,missing
training,SRR5827037,data/camda_amr_2025/processed/assemblies/train/SRR5827037.fasta,missing
training,SRR5827040,data/camda_amr_2025/processed/assemblies/train/SRR5827040.fasta,missing
training,SRR5827042,data/camda_amr_2025/processed/assemblies/train/SRR5827042.fasta,missing
training,SRR5827045,data/camda_amr_2025/processed/assemblies/train/SRR5827045.fasta,missing
training,SRR5827046,data/camda_amr_2025/processed/assemblies/train/SRR5827046.fasta,missing
training,SRR5827049,data/camda_amr_2025/processed/assemblies/train/SRR5827049.fasta,missing
training,SRR5827050,data/camda_amr_2025/processed/assemblies/train/SRR5827050.fasta,missing
training,SRR5827055,data/camda_amr_2025/processed/assemblies/train/SRR5827055.fasta,missing
training,SRR5827056,data/camda_amr_2025/processed/assemblies/train/SRR5827056.fasta,missing
training,SRR5827061,data/camda_amr_2025/processed/assemblies/train/SRR5827061.fasta,missing
training,SRR5827063,data/camda_amr_2025/processed/assemblies/train/SRR5827063.fasta,missing
training,SRR5827064,data/camda_amr_2025/processed/assemblies/train/SRR5827064.fasta,missing
training,SRR5827065,data/camda_amr_2025/processed/assemblies/train/SRR5827065.fasta,missing
training,SRR5827066,data/camda_amr_2025/processed/assemblies/train/SRR5827066.fasta,missing
training,SRR5827067,data/camda_amr_2025/processed/assemblies/train/SRR5827067.fasta,missing
training,SRR5827068,data/camda_amr_2025/processed/assemblies/train/SRR5827068.fasta,missing
training,SRR5827072,data/camda_amr_2025/processed/assemblies/train/SRR5827072.fasta,missing
training,SRR5827076,data/camda_amr_2025/processed/assemblies/train/SRR5827076.fasta,missing
training,SRR5827077,data/camda_amr_2025/processed/assemblies/train/SRR5827077.fasta,missing
training,SRR5827080,data/camda_amr_2025/processed/assemblies/train/SRR5827080.fasta,missing
training,SRR5827081,data/camda_amr_2025/processed/assemblies/train/SRR5827081.fasta,missing
training,SRR5827083,data/camda_amr_2025/processed/assemblies/train/SRR5827083.fasta,missing
training,SRR5827086,data/camda_amr_2025/processed/assemblies/train/SRR5827086.fasta,missing
training,SRR5827087,data/camda_amr_2025/processed/assemblies/train/SRR5827087.fasta,missing
training,SRR5827088,data/camda_amr_2025/processed/assemblies/train/SRR5827088.fasta,missing
training,SRR5827089,data/camda_amr_2025/processed/assemblies/train/SRR5827089.fasta,missing
training,SRR5827090,data/camda_amr_2025/processed/assemblies/train/SRR5827090.fasta,missing
training,SRR5827092,data/camda_amr_2025/processed/assemblies/train/SRR5827092.fasta,missing
training,SRR5827094,data/camda_amr_2025/processed/assemblies/train/SRR5827094.fasta,missing
training,SRR5827097,data/camda_amr_2025/processed/assemblies/train/SRR5827097.fasta,missing
training,SRR5827099,data/camda_amr_2025/processed/assemblies/train/SRR5827099.fasta,missing
training,SRR5827103,data/camda_amr_2025/processed/assemblies/train/SRR5827103.fasta,missing
training,SRR5827104,data/camda_amr_2025/processed/assemblies/train/SRR5827104.fasta,missing
training,SRR5827111,data/camda_amr_2025/processed/assemblies/train/SRR5827111.fasta,missing
training,SRR5827112,data/camda_amr_2025/processed/assemblies/train/SRR5827112.fasta,missing
training,SRR5827115,data/camda_amr_2025/processed/assemblies/train/SRR5827115.fasta,missing
training,SRR5827116,data/camda_amr_2025/processed/assemblies/train/SRR5827116.fasta,missing
training,SRR5827117,data/camda_amr_2025/processed/assemblies/train/SRR5827117.fasta,missing
training,SRR5827118,data/camda_amr_2025/processed/assemblies/train/SRR5827118.fasta,missing
training,SRR5827119,data/camda_amr_2025/processed/assemblies/train/SRR5827119.fasta,missing
training,SRR5827120,data/camda_amr_2025/processed/assemblies/train/SRR5827120.fasta,missing
training,SRR5827124,data/camda_amr_2025/processed/assemblies/train/SRR5827124.fasta,missing
training,SRR5827125,data/camda_amr_2025/processed/assemblies/train/SRR5827125.fasta,missing
training,SRR5827126,data/camda_amr_2025/processed/assemblies/train/SRR5827126.fasta,missing
training,SRR5827137,data/camda_amr_2025/processed/assemblies/train/SRR5827137.fasta,missing
training,SRR5827138,data/camda_amr_2025/processed/assemblies/train/SRR5827138.fasta,missing
training,SRR5827141,data/camda_amr_2025/processed/assemblies/train/SRR5827141.fasta,missing
training,SRR5827142,data/camda_amr_2025/processed/assemblies/train/SRR5827142.fasta,missing
training,SRR5827143,data/camda_amr_2025/processed/assemblies/train/SRR5827143.fasta,missing
training,SRR5827145,data/camda_amr_2025/processed/assemblies/train/SRR5827145.fasta,missing
training,SRR5827148,data/camda_amr_2025/processed/assemblies/train/SRR5827148.fasta,missing
training,SRR5827149,data/camda_amr_2025/processed/assemblies/train/SRR5827149.fasta,missing
training,SRR5827150,data/camda_amr_2025/processed/assemblies/train/SRR5827150.fasta,missing
training,SRR5827151,data/camda_amr_2025/processed/assemblies/train/SRR5827151.fasta,missing
training,SRR5827152,data/camda_amr_2025/processed/assemblies/train/SRR5827152.fasta,missing
training,SRR5827154,data/camda_amr_2025/processed/assemblies/train/SRR5827154.fasta,missing
training,SRR5827157,data/camda_amr_2025/processed/assemblies/train/SRR5827157.fasta,missing
training,SRR5827159,data/camda_amr_2025/processed/assemblies/train/SRR5827159.fasta,missing
training,SRR5827160,data/camda_amr_2025/processed/assemblies/train/SRR5827160.fasta,missing
training,SRR5827162,data/camda_amr_2025/processed/assemblies/train/SRR5827162.fasta,missing
training,SRR5827163,data/camda_amr_2025/processed/assemblies/train/SRR5827163.fasta,missing
training,SRR5827164,data/camda_amr_2025/processed/assemblies/train/SRR5827164.fasta,missing
training,SRR5827165,data/camda_amr_2025/processed/assemblies/train/SRR5827165.fasta,missing
training,SRR5827166,data/camda_amr_2025/processed/assemblies/train/SRR5827166.fasta,missing
training,SRR5827169,data/camda_amr_2025/processed/assemblies/train/SRR5827169.fasta,missing
training,SRR5827172,data/camda_amr_2025/processed/assemblies/train/SRR5827172.fasta,missing
training,SRR5827173,data/camda_amr_2025/processed/assemblies/train/SRR5827173.fasta,missing
training,SRR5827178,data/camda_amr_2025/processed/assemblies/train/SRR5827178.fasta,missing
training,SRR5827180,data/camda_amr_2025/processed/assemblies/train/SRR5827180.fasta,missing
training,SRR5827183,data/camda_amr_2025/processed/assemblies/train/SRR5827183.fasta,missing
training,SRR5827184,data/camda_amr_2025/processed/assemblies/train/SRR5827184.fasta,missing
training,SRR5827188,data/camda_amr_2025/processed/assemblies/train/SRR5827188.fasta,missing
training,SRR5827189,data/camda_amr_2025/processed/assemblies/train/SRR5827189.fasta,missing
training,SRR5827190,data/camda_amr_2025/processed/assemblies/train/SRR5827190.fasta,missing
training,SRR5827193,data/camda_amr_2025/processed/assemblies/train/SRR5827193.fasta,missing
training,SRR5827194,data/camda_amr_2025/processed/assemblies/train/SRR5827194.fasta,missing
training,SRR5827197,data/camda_amr_2025/processed/assemblies/train/SRR5827197.fasta,missing
training,SRR5827201,data/camda_amr_2025/processed/assemblies/train/SRR5827201.fasta,missing
training,SRR5827202,data/camda_amr_2025/processed/assemblies/train/SRR5827202.fasta,missing
training,SRR5827207,data/camda_amr_2025/processed/assemblies/train/SRR5827207.fasta,missing
training,SRR5827208,data/camda_amr_2025/processed/assemblies/train/SRR5827208.fasta,missing
training,SRR5827210,data/camda_amr_2025/processed/assemblies/train/SRR5827210.fasta,missing
training,SRR5827211,data/camda_amr_2025/processed/assemblies/train/SRR5827211.fasta,missing
training,SRR5827212,data/camda_amr_2025/processed/assemblies/train/SRR5827212.fasta,missing
training,SRR5827213,data/camda_amr_2025/processed/assemblies/train/SRR5827213.fasta,missing
training,SRR5827214,data/camda_amr_2025/processed/assemblies/train/SRR5827214.fasta,missing
training,SRR5827215,data/camda_amr_2025/processed/assemblies/train/SRR5827215.fasta,missing
training,SRR5827217,data/camda_amr_2025/processed/assemblies/train/SRR5827217.fasta,missing
training,SRR5827221,data/camda_amr_2025/processed/assemblies/train/SRR5827221.fasta,missing
training,SRR5827222,data/camda_amr_2025/processed/assemblies/train/SRR5827222.fasta,missing
training,SRR5827224,data/camda_amr_2025/processed/assemblies/train/SRR5827224.fasta,missing
training,SRR5827229,data/camda_amr_2025/processed/assemblies/train/SRR5827229.fasta,missing
training,SRR5827231,data/camda_amr_2025/processed/assemblies/train/SRR5827231.fasta,missing
training,SRR5827232,data/camda_amr_2025/processed/assemblies/train/SRR5827232.fasta,missing
training,SRR5827235,data/camda_amr_2025/processed/assemblies/train/SRR5827235.fasta,missing
training,SRR5827236,data/camda_amr_2025/processed/assemblies/train/SRR5827236.fasta,missing
training,SRR5827237,data/camda_amr_2025/processed/assemblies/train/SRR5827237.fasta,missing
training,SRR5827238,data/camda_amr_2025/processed/assemblies/train/SRR5827238.fasta,missing
training,SRR5827240,data/camda_amr_2025/processed/assemblies/train/SRR5827240.fasta,missing
training,SRR5827252,data/camda_amr_2025/processed/assemblies/train/SRR5827252.fasta,missing
training,SRR5827255,data/camda_amr_2025/processed/assemblies/train/SRR5827255.fasta,missing
training,SRR5827257,data/camda_amr_2025/processed/assemblies/train/SRR5827257.fasta,missing
training,SRR5827260,data/camda_amr_2025/processed/assemblies/train/SRR5827260.fasta,missing
training,SRR5827264,data/camda_amr_2025/processed/assemblies/train/SRR5827264.fasta,missing
training,SRR5827271,data/camda_amr_2025/processed/assemblies/train/SRR5827271.fasta,missing
training,SRR5827272,data/camda_amr_2025/processed/assemblies/train/SRR5827272.fasta,missing
training,SRR5827275,data/camda_amr_2025/processed/assemblies/train/SRR5827275.fasta,missing
training,SRR5827279,data/camda_amr_2025/processed/assemblies/train/SRR5827279.fasta,missing
training,SRR5827280,data/camda_amr_2025/processed/assemblies/train/SRR5827280.fasta,missing
training,SRR5827284,data/camda_amr_2025/processed/assemblies/train/SRR5827284.fasta,missing
training,SRR5827285,data/camda_amr_2025/processed/assemblies/train/SRR5827285.fasta,missing
training,SRR5827286,data/camda_amr_2025/processed/assemblies/train/SRR5827286.fasta,missing
training,SRR5827287,data/camda_amr_2025/processed/assemblies/train/SRR5827287.fasta,missing
training,SRR5827288,data/camda_amr_2025/processed/assemblies/train/SRR5827288.fasta,missing
training,SRR5827291,data/camda_amr_2025/processed/assemblies/train/SRR5827291.fasta,missing
training,SRR5827293,data/camda_amr_2025/processed/assemblies/train/SRR5827293.fasta,missing
training,SRR5827294,data/camda_amr_2025/processed/assemblies/train/SRR5827294.fasta,missing
training,SRR5827296,data/camda_amr_2025/processed/assemblies/train/SRR5827296.fasta,missing
training,SRR5827299,data/camda_amr_2025/processed/assemblies/train/SRR5827299.fasta,missing
training,SRR5827300,data/camda_amr_2025/processed/assemblies/train/SRR5827300.fasta,missing
training,SRR5827301,data/camda_amr_2025/processed/assemblies/train/SRR5827301.fasta,missing
training,SRR5827303,data/camda_amr_2025/processed/assemblies/train/SRR5827303.fasta,missing
training,SRR5827305,data/camda_amr_2025/processed/assemblies/train/SRR5827305.fasta,missing
training,SRR5827306,data/camda_amr_2025/processed/assemblies/train/SRR5827306.fasta,missing
training,SRR5827313,data/camda_amr_2025/processed/assemblies/train/SRR5827313.fasta,missing
training,SRR5827317,data/camda_amr_2025/processed/assemblies/train/SRR5827317.fasta,missing
training,SRR5827318,data/camda_amr_2025/processed/assemblies/train/SRR5827318.fasta,missing
training,SRR5827322,data/camda_amr_2025/processed/assemblies/train/SRR5827322.fasta,missing
training,SRR5827325,data/camda_amr_2025/processed/assemblies/train/SRR5827325.fasta,missing
training,SRR5827327,data/camda_amr_2025/processed/assemblies/train/SRR5827327.fasta,missing
training,SRR5827329,data/camda_amr_2025/processed/assemblies/train/SRR5827329.fasta,missing
training,SRR5827331,data/camda_amr_2025/processed/assemblies/train/SRR5827331.fasta,missing
training,SRR5827334,data/camda_amr_2025/processed/assemblies/train/SRR5827334.fasta,missing
training,SRR5827335,data/camda_amr_2025/processed/assemblies/train/SRR5827335.fasta,missing
training,SRR5827337,data/camda_amr_2025/processed/assemblies/train/SRR5827337.fasta,missing
training,SRR5827339,data/camda_amr_2025/processed/assemblies/train/SRR5827339.fasta,missing
training,SRR5827340,data/camda_amr_2025/processed/assemblies/train/SRR5827340.fasta,missing
training,SRR5827341,data/camda_amr_2025/processed/assemblies/train/SRR5827341.fasta,missing
training,SRR5827342,data/camda_amr_2025/processed/assemblies/train/SRR5827342.fasta,missing
training,SRR5827344,data/camda_amr_2025/processed/assemblies/train/SRR5827344.fasta,missing
training,SRR5827347,data/camda_amr_2025/processed/assemblies/train/SRR5827347.fasta,missing
training,SRR5827348,data/camda_amr_2025/processed/assemblies/train/SRR5827348.fasta,missing
training,SRR5827350,data/camda_amr_2025/processed/assemblies/train/SRR5827350.fasta,missing
training,SRR5827352,data/camda_amr_2025/processed/assemblies/train/SRR5827352.fasta,missing
training,SRR5827353,data/camda_amr_2025/processed/assemblies/train/SRR5827353.fasta,missing
training,SRR5827354,data/camda_amr_2025/processed/assemblies/train/SRR5827354.fasta,missing
training,SRR5827359,data/camda_amr_2025/processed/assemblies/train/SRR5827359.fasta,missing
training,SRR5827360,data/camda_amr_2025/processed/assemblies/train/SRR5827360.fasta,missing
training,SRR5827364,data/camda_amr_2025/processed/assemblies/train/SRR5827364.fasta,missing
training,SRR5827366,data/camda_amr_2025/processed/assemblies/train/SRR5827366.fasta,missing
training,SRR5827368,data/camda_amr_2025/processed/assemblies/train/SRR5827368.fasta,missing
training,SRR5827370,data/camda_amr_2025/processed/assemblies/train/SRR5827370.fasta,missing
training,SRR5827371,data/camda_amr_2025/processed/assemblies/train/SRR5827371.fasta,missing
training,SRR5827372,data/camda_amr_2025/processed/assemblies/train/SRR5827372.fasta,missing
training,SRR5827374,data/camda_amr_2025/processed/assemblies/train/SRR5827374.fasta,missing
training,SRR5827376,data/camda_amr_2025/processed/assemblies/train/SRR5827376.fasta,missing
training,SRR5827379,data/camda_amr_2025/processed/assemblies/train/SRR5827379.fasta,missing
training,SRR5827380,data/camda_amr_2025/processed/assemblies/train/SRR5827380.fasta,missing
training,SRR5827383,data/camda_amr_2025/processed/assemblies/train/SRR5827383.fasta,missing
training,SRR5827384,data/camda_amr_2025/processed/assemblies/train/SRR5827384.fasta,missing
training,SRR5827385,data/camda_amr_2025/processed/assemblies/train/SRR5827385.fasta,missing
training,SRR5827387,data/camda_amr_2025/processed/assemblies/train/SRR5827387.fasta,missing
training,SRR5827391,data/camda_amr_2025/processed/assemblies/train/SRR5827391.fasta,missing
training,SRR5827393,data/camda_amr_2025/processed/assemblies/train/SRR5827393.fasta,missing
training,SRR5827395,data/camda_amr_2025/processed/assemblies/train/SRR5827395.fasta,missing
training,SRR5827396,data/camda_amr_2025/processed/assemblies/train/SRR5827396.fasta,missing
training,SRR5827398,data/camda_amr_2025/processed/assemblies/train/SRR5827398.fasta,missing
training,SRR5827399,data/camda_amr_2025/processed/assemblies/train/SRR5827399.fasta,missing
training,SRR5827401,data/camda_amr_2025/processed/assemblies/train/SRR5827401.fasta,missing
training,SRR5827402,data/camda_amr_2025/processed/assemblies/train/SRR5827402.fasta,missing
training,SRR5827403,data/camda_amr_2025/processed/assemblies/train/SRR5827403.fasta,missing
training,SRR5827404,data/camda_amr_2025/processed/assemblies/train/SRR5827404.fasta,missing
training,SRR5827411,data/camda_amr_2025/processed/assemblies/train/SRR5827411.fasta,missing
training,SRR5827412,data/camda_amr_2025/processed/assemblies/train/SRR5827412.fasta,missing
training,SRR5862467,data/camda_amr_2025/processed/assemblies/train/SRR5862467.fasta,missing
training,SRR5862468,data/camda_amr_2025/processed/assemblies/train/SRR5862468.fasta,missing
training,SRR5862472,data/camda_amr_2025/processed/assemblies/train/SRR5862472.fasta,missing
training,SRR5862475,data/camda_amr_2025/processed/assemblies/train/SRR5862475.fasta,missing
training,SRR5862477,data/camda_amr_2025/processed/assemblies/train/SRR5862477.fasta,missing
training,SRR5862478,data/camda_amr_2025/processed/assemblies/train/SRR5862478.fasta,missing
training,SRR5891472,data/camda_amr_2025/processed/assemblies/train/SRR5891472.fasta,missing
training,SRR5891473,data/camda_amr_2025/processed/assemblies/train/SRR5891473.fasta,missing
training,SRR5891475,data/camda_amr_2025/processed/assemblies/train/SRR5891475.fasta,missing
training,SRR5891477,data/camda_amr_2025/processed/assemblies/train/SRR5891477.fasta,missing
training,SRR5891479,data/camda_amr_2025/processed/assemblies/train/SRR5891479.fasta,missing
training,SRR5891481,data/camda_amr_2025/processed/assemblies/train/SRR5891481.fasta,missing
training,SRR5891485,data/camda_amr_2025/processed/assemblies/train/SRR5891485.fasta,missing
training,SRR5891486,data/camda_amr_2025/processed/assemblies/train/SRR5891486.fasta,missing
training,SRR5891487,data/camda_amr_2025/processed/assemblies/train/SRR5891487.fasta,missing
training,SRR5891491,data/camda_amr_2025/processed/assemblies/train/SRR5891491.fasta,missing
training,SRR5891492,data/camda_amr_2025/processed/assemblies/train/SRR5891492.fasta,missing
training,SRR5891493,data/camda_amr_2025/processed/assemblies/train/SRR5891493.fasta,missing
training,SRR5891495,data/camda_amr_2025/processed/assemblies/train/SRR5891495.fasta,missing
training,SRR5891499,data/camda_amr_2025/processed/assemblies/train/SRR5891499.fasta,missing
training,SRR5901125,data/camda_amr_2025/processed/assemblies/train/SRR5901125.fasta,missing
training,SRR5901126,data/camda_amr_2025/processed/assemblies/train/SRR5901126.fasta,missing
training,SRR5901129,data/camda_amr_2025/processed/assemblies/train/SRR5901129.fasta,missing
training,SRR5901132,data/camda_amr_2025/processed/assemblies/train/SRR5901132.fasta,missing
training,SRR5901134,data/camda_amr_2025/processed/assemblies/train/SRR5901134.fasta,missing
training,SRR5901135,data/camda_amr_2025/processed/assemblies/train/SRR5901135.fasta,missing
training,SRR5901137,data/camda_amr_2025/processed/assemblies/train/SRR5901137.fasta,missing
training,SRR5901138,data/camda_amr_2025/processed/assemblies/train/SRR5901138.fasta,missing
training,SRR5901139,data/camda_amr_2025/processed/assemblies/train/SRR5901139.fasta,missing
training,SRR5973236,data/camda_amr_2025/processed/assemblies/train/SRR5973236.fasta,missing
training,SRR5973237,data/camda_amr_2025/processed/assemblies/train/SRR5973237.fasta,missing
training,SRR5973238,data/camda_amr_2025/processed/assemblies/train/SRR5973238.fasta,missing
training,SRR5973239,data/camda_amr_2025/processed/assemblies/train/SRR5973239.fasta,missing
training,SRR5973241,data/camda_amr_2025/processed/assemblies/train/SRR5973241.fasta,missing
training,SRR5973244,data/camda_amr_2025/processed/assemblies/train/SRR5973244.fasta,missing
training,SRR5973252,data/camda_amr_2025/processed/assemblies/train/SRR5973252.fasta,missing
training,SRR5973254,data/camda_amr_2025/processed/assemblies/train/SRR5973254.fasta,missing
training,SRR5973255,data/camda_amr_2025/processed/assemblies/train/SRR5973255.fasta,missing
training,SRR5973258,data/camda_amr_2025/processed/assemblies/train/SRR5973258.fasta,missing
training,SRR5973264,data/camda_amr_2025/processed/assemblies/train/SRR5973264.fasta,missing
training,SRR5973266,data/camda_amr_2025/processed/assemblies/train/SRR5973266.fasta,missing
training,SRR5973267,data/camda_amr_2025/processed/assemblies/train/SRR5973267.fasta,missing
training,SRR5973268,data/camda_amr_2025/processed/assemblies/train/SRR5973268.fasta,missing
training,SRR5973276,data/camda_amr_2025/processed/assemblies/train/SRR5973276.fasta,missing
training,SRR5973279,data/camda_amr_2025/processed/assemblies/train/SRR5973279.fasta,missing
training,SRR5973290,data/camda_amr_2025/processed/assemblies/train/SRR5973290.fasta,missing
training,SRR5973296,data/camda_amr_2025/processed/assemblies/train/SRR5973296.fasta,missing
training,SRR5973300,data/camda_amr_2025/processed/assemblies/train/SRR5973300.fasta,missing
training,SRR5973304,data/camda_amr_2025/processed/assemblies/train/SRR5973304.fasta,missing
training,SRR5973307,data/camda_amr_2025/processed/assemblies/train/SRR5973307.fasta,missing
training,SRR5973314,data/camda_amr_2025/processed/assemblies/train/SRR5973314.fasta,missing
training,SRR5973315,data/camda_amr_2025/processed/assemblies/train/SRR5973315.fasta,missing
training,SRR5973318,data/camda_amr_2025/processed/assemblies/train/SRR5973318.fasta,missing
training,SRR5973320,data/camda_amr_2025/processed/assemblies/train/SRR5973320.fasta,missing
training,SRR5973325,data/camda_amr_2025/processed/assemblies/train/SRR5973325.fasta,missing
training,SRR5973331,data/camda_amr_2025/processed/assemblies/train/SRR5973331.fasta,missing
training,SRR5973332,data/camda_amr_2025/processed/assemblies/train/SRR5973332.fasta,missing
training,SRR5973334,data/camda_amr_2025/processed/assemblies/train/SRR5973334.fasta,missing
training,SRR5973339,data/camda_amr_2025/processed/assemblies/train/SRR5973339.fasta,missing
training,SRR5973340,data/camda_amr_2025/processed/assemblies/train/SRR5973340.fasta,missing
training,SRR5973341,data/camda_amr_2025/processed/assemblies/train/SRR5973341.fasta,missing
training,SRR5973344,data/camda_amr_2025/processed/assemblies/train/SRR5973344.fasta,missing
training,SRR5973347,data/camda_amr_2025/processed/assemblies/train/SRR5973347.fasta,missing
training,SRR5973349,data/camda_amr_2025/processed/assemblies/train/SRR5973349.fasta,missing
training,SRR5973353,data/camda_amr_2025/processed/assemblies/train/SRR5973353.fasta,missing
training,SRR5973354,data/camda_amr_2025/processed/assemblies/train/SRR5973354.fasta,missing
training,SRR5973355,data/camda_amr_2025/processed/assemblies/train/SRR5973355.fasta,missing
training,SRR5973359,data/camda_amr_2025/processed/assemblies/train/SRR5973359.fasta,missing
training,SRR5973360,data/camda_amr_2025/processed/assemblies/train/SRR5973360.fasta,missing
training,SRR5973361,data/camda_amr_2025/processed/assemblies/train/SRR5973361.fasta,missing
training,SRR5973363,data/camda_amr_2025/processed/assemblies/train/SRR5973363.fasta,missing
training,SRR5973364,data/camda_amr_2025/processed/assemblies/train/SRR5973364.fasta,missing
training,SRR5973367,data/camda_amr_2025/processed/assemblies/train/SRR5973367.fasta,missing
training,SRR5973368,data/camda_amr_2025/processed/assemblies/train/SRR5973368.fasta,missing
training,SRR5973370,data/camda_amr_2025/processed/assemblies/train/SRR5973370.fasta,missing
training,SRR5973373,data/camda_amr_2025/processed/assemblies/train/SRR5973373.fasta,missing
training,SRR5973380,data/camda_amr_2025/processed/assemblies/train/SRR5973380.fasta,missing
training,SRR5973382,data/camda_amr_2025/processed/assemblies/train/SRR5973382.fasta,missing
training,SRR5973385,data/camda_amr_2025/processed/assemblies/train/SRR5973385.fasta,missing
training,SRR5973386,data/camda_amr_2025/processed/assemblies/train/SRR5973386.fasta,missing
training,SRR5973387,data/camda_amr_2025/processed/assemblies/train/SRR5973387.fasta,missing
training,SRR5973390,data/camda_amr_2025/processed/assemblies/train/SRR5973390.fasta,missing
training,SRR5973393,data/camda_amr_2025/processed/assemblies/train/SRR5973393.fasta,missing
training,SRR5973394,data/camda_amr_2025/processed/assemblies/train/SRR5973394.fasta,missing
training,SRR5973406,data/camda_amr_2025/processed/assemblies/train/SRR5973406.fasta,missing
training,SRR5973407,data/camda_amr_2025/processed/assemblies/train/SRR5973407.fasta,missing
training,SRR5973408,data/camda_amr_2025/processed/assemblies/train/SRR5973408.fasta,missing
training,SRR6037661,data/camda_amr_2025/processed/assemblies/train/SRR6037661.fasta,missing
training,SRR6037662,data/camda_amr_2025/processed/assemblies/train/SRR6037662.fasta,missing
training,SRR6037663,data/camda_amr_2025/processed/assemblies/train/SRR6037663.fasta,missing
training,SRR6238585,data/camda_amr_2025/processed/assemblies/train/SRR6238585.fasta,missing
training,SRR6310475,data/camda_amr_2025/processed/assemblies/train/SRR6310475.fasta,missing
training,SRR654213,data/camda_amr_2025/processed/assemblies/train/SRR654213.fasta,missing
training,SRR654250,data/camda_amr_2025/processed/assemblies/train/SRR654250.fasta,missing
training,SRR654292,data/camda_amr_2025/processed/assemblies/train/SRR654292.fasta,missing
training,SRR654338,data/camda_amr_2025/processed/assemblies/train/SRR654338.fasta,missing
training,SRR654382,data/camda_amr_2025/processed/assemblies/train/SRR654382.fasta,missing
training,SRR654415,data/camda_amr_2025/processed/assemblies/train/SRR654415.fasta,missing
training,SRR6703158,data/camda_amr_2025/processed/assemblies/train/SRR6703158.fasta,missing
training,SRR6703161,data/camda_amr_2025/processed/assemblies/train/SRR6703161.fasta,missing
training,SRR6799223,data/camda_amr_2025/processed/assemblies/train/SRR6799223.fasta,missing
training,SRR6799372,data/camda_amr_2025/processed/assemblies/train/SRR6799372.fasta,missing
training,SRR6799376,data/camda_amr_2025/processed/assemblies/train/SRR6799376.fasta,missing
training,SRR6799378,data/camda_amr_2025/processed/assemblies/train/SRR6799378.fasta,missing
training,SRR6799380,data/camda_amr_2025/processed/assemblies/train/SRR6799380.fasta,missing
training,SRR6799383,data/camda_amr_2025/processed/assemblies/train/SRR6799383.fasta,missing
training,SRR6799386,data/camda_amr_2025/processed/assemblies/train/SRR6799386.fasta,missing
training,SRR6799388,data/camda_amr_2025/processed/assemblies/train/SRR6799388.fasta,missing
training,SRR6799390,data/camda_amr_2025/processed/assemblies/train/SRR6799390.fasta,missing
training,SRR6799401,data/camda_amr_2025/processed/assemblies/train/SRR6799401.fasta,missing
training,SRR6799403,data/camda_amr_2025/processed/assemblies/train/SRR6799403.fasta,missing
training,SRR6799406,data/camda_amr_2025/processed/assemblies/train/SRR6799406.fasta,missing
training,SRR6799409,data/camda_amr_2025/processed/assemblies/train/SRR6799409.fasta,missing
training,SRR6799416,data/camda_amr_2025/processed/assemblies/train/SRR6799416.fasta,missing
training,SRR6807650,data/camda_amr_2025/processed/assemblies/train/SRR6807650.fasta,missing
training,SRR6807652,data/camda_amr_2025/processed/assemblies/train/SRR6807652.fasta,missing
training,SRR6807658,data/camda_amr_2025/processed/assemblies/train/SRR6807658.fasta,missing
training,SRR6817615,data/camda_amr_2025/processed/assemblies/train/SRR6817615.fasta,missing
training,SRR6818604,data/camda_amr_2025/processed/assemblies/train/SRR6818604.fasta,missing
training,SRR6818605,data/camda_amr_2025/processed/assemblies/train/SRR6818605.fasta,missing
training,SRR6818794,data/camda_amr_2025/processed/assemblies/train/SRR6818794.fasta,missing
training,SRR6818824,data/camda_amr_2025/processed/assemblies/train/SRR6818824.fasta,missing
training,SRR6818875,data/camda_amr_2025/processed/assemblies/train/SRR6818875.fasta,missing
training,SRR6985636,data/camda_amr_2025/processed/assemblies/train/SRR6985636.fasta,missing
training,SRR6985639,data/camda_amr_2025/processed/assemblies/train/SRR6985639.fasta,missing
training,SRR6985643,data/camda_amr_2025/processed/assemblies/train/SRR6985643.fasta,missing
training,SRR6985644,data/camda_amr_2025/processed/assemblies/train/SRR6985644.fasta,missing
training,SRR6985647,data/camda_amr_2025/processed/assemblies/train/SRR6985647.fasta,missing
training,SRR6985650,data/camda_amr_2025/processed/assemblies/train/SRR6985650.fasta,missing
training,SRR6985655,data/camda_amr_2025/processed/assemblies/train/SRR6985655.fasta,missing
training,SRR6985658,data/camda_amr_2025/processed/assemblies/train/SRR6985658.fasta,missing
training,SRR6985662,data/camda_amr_2025/processed/assemblies/train/SRR6985662.fasta,missing
training,SRR6985671,data/camda_amr_2025/processed/assemblies/train/SRR6985671.fasta,missing
training,SRR6985676,data/camda_amr_2025/processed/assemblies/train/SRR6985676.fasta,missing
training,SRR6985679,data/camda_amr_2025/processed/assemblies/train/SRR6985679.fasta,missing
training,SRR6985682,data/camda_amr_2025/processed/assemblies/train/SRR6985682.fasta,missing
training,SRR6985684,data/camda_amr_2025/processed/assemblies/train/SRR6985684.fasta,missing
training,SRR6985685,data/camda_amr_2025/processed/assemblies/train/SRR6985685.fasta,missing
training,SRR6985689,data/camda_amr_2025/processed/assemblies/train/SRR6985689.fasta,missing
training,SRR6985693,data/camda_amr_2025/processed/assemblies/train/SRR6985693.fasta,missing
training,SRR6985696,data/camda_amr_2025/processed/assemblies/train/SRR6985696.fasta,missing
training,SRR6985697,data/camda_amr_2025/processed/assemblies/train/SRR6985697.fasta,missing
training,SRR6985700,data/camda_amr_2025/processed/assemblies/train/SRR6985700.fasta,missing
training,SRR6985702,data/camda_amr_2025/processed/assemblies/train/SRR6985702.fasta,missing
training,SRR6985705,data/camda_amr_2025/processed/assemblies/train/SRR6985705.fasta,missing
training,SRR6985706,data/camda_amr_2025/processed/assemblies/train/SRR6985706.fasta,missing
training,SRR6985709,data/camda_amr_2025/processed/assemblies/train/SRR6985709.fasta,missing
training,SRR6985711,data/camda_amr_2025/processed/assemblies/train/SRR6985711.fasta,missing
training,SRR6985712,data/camda_amr_2025/processed/assemblies/train/SRR6985712.fasta,missing
training,SRR6985715,data/camda_amr_2025/processed/assemblies/train/SRR6985715.fasta,missing
training,SRR6985716,data/camda_amr_2025/processed/assemblies/train/SRR6985716.fasta,missing
training,SRR6985719,data/camda_amr_2025/processed/assemblies/train/SRR6985719.fasta,missing
training,SRR6985722,data/camda_amr_2025/processed/assemblies/train/SRR6985722.fasta,missing
training,SRR6985724,data/camda_amr_2025/processed/assemblies/train/SRR6985724.fasta,missing
training,SRR6985727,data/camda_amr_2025/processed/assemblies/train/SRR6985727.fasta,missing
training,SRR6985732,data/camda_amr_2025/processed/assemblies/train/SRR6985732.fasta,missing
training,SRR6985734,data/camda_amr_2025/processed/assemblies/train/SRR6985734.fasta,missing
training,SRR6985738,data/camda_amr_2025/processed/assemblies/train/SRR6985738.fasta,missing
training,SRR6985740,data/camda_amr_2025/processed/assemblies/train/SRR6985740.fasta,missing
training,SRR6994965,data/camda_amr_2025/processed/assemblies/train/SRR6994965.fasta,missing
training,SRR6994975,data/camda_amr_2025/processed/assemblies/train/SRR6994975.fasta,missing
training,SRR6994976,data/camda_amr_2025/processed/assemblies/train/SRR6994976.fasta,missing
training,SRR6994978,data/camda_amr_2025/processed/assemblies/train/SRR6994978.fasta,missing
training,SRR6994980,data/camda_amr_2025/processed/assemblies/train/SRR6994980.fasta,missing
training,SRR6994983,data/camda_amr_2025/processed/assemblies/train/SRR6994983.fasta,missing
training,SRR6994986,data/camda_amr_2025/processed/assemblies/train/SRR6994986.fasta,missing
training,SRR6994988,data/camda_amr_2025/processed/assemblies/train/SRR6994988.fasta,missing
training,SRR6994989,data/camda_amr_2025/processed/assemblies/train/SRR6994989.fasta,missing
training,SRR6994991,data/camda_amr_2025/processed/assemblies/train/SRR6994991.fasta,missing
training,SRR6994993,data/camda_amr_2025/processed/assemblies/train/SRR6994993.fasta,missing
training,SRR6994997,data/camda_amr_2025/processed/assemblies/train/SRR6994997.fasta,missing
training,SRR6995000,data/camda_amr_2025/processed/assemblies/train/SRR6995000.fasta,missing
training,SRR6995002,data/camda_amr_2025/processed/assemblies/train/SRR6995002.fasta,missing
training,SRR6995003,data/camda_amr_2025/processed/assemblies/train/SRR6995003.fasta,missing
training,SRR6995006,data/camda_amr_2025/processed/assemblies/train/SRR6995006.fasta,missing
training,SRR6995007,data/camda_amr_2025/processed/assemblies/train/SRR6995007.fasta,missing
training,SRR6995017,data/camda_amr_2025/processed/assemblies/train/SRR6995017.fasta,missing
training,SRR6995020,data/camda_amr_2025/processed/assemblies/train/SRR6995020.fasta,missing
training,SRR721178,data/camda_amr_2025/processed/assemblies/train/SRR721178.fasta,missing
training,SRR721187,data/camda_amr_2025/processed/assemblies/train/SRR721187.fasta,missing
training,SRR721188,data/camda_amr_2025/processed/assemblies/train/SRR721188.fasta,missing
training,SRR721195,data/camda_amr_2025/processed/assemblies/train/SRR721195.fasta,missing
training,SRR721209,data/camda_amr_2025/processed/assemblies/train/SRR721209.fasta,missing
training,SRR721211,data/camda_amr_2025/processed/assemblies/train/SRR721211.fasta,missing
training,SRR721218,data/camda_amr_2025/processed/assemblies/train/SRR721218.fasta,missing
training,SRR7252659,data/camda_amr_2025/processed/assemblies/train/SRR7252659.fasta,missing
training,SRR7252691,data/camda_amr_2025/processed/assemblies/train/SRR7252691.fasta,missing
training,SRR728961,data/camda_amr_2025/processed/assemblies/train/SRR728961.fasta,missing
training,SRR728972,data/camda_amr_2025/processed/assemblies/train/SRR728972.fasta,missing
training,SRR741913,data/camda_amr_2025/processed/assemblies/train/SRR741913.fasta,missing
training,SRR741916,data/camda_amr_2025/processed/assemblies/train/SRR741916.fasta,missing
training,SRR741918,data/camda_amr_2025/processed/assemblies/train/SRR741918.fasta,missing
training,SRR7795229,data/camda_amr_2025/processed/assemblies/train/SRR7795229.fasta,missing
training,SRR7795230,data/camda_amr_2025/processed/assemblies/train/SRR7795230.fasta,missing
training,SRR7795231,data/camda_amr_2025/processed/assemblies/train/SRR7795231.fasta,missing
training,SRR7795232,data/camda_amr_2025/processed/assemblies/train/SRR7795232.fasta,missing
training,SRR7795233,data/camda_amr_2025/processed/assemblies/train/SRR7795233.fasta,missing
training,SRR7817826,data/camda_amr_2025/processed/assemblies/train/SRR7817826.fasta,missing
training,SRR7817909,data/camda_amr_2025/processed/assemblies/train/SRR7817909.fasta,missing
training,SRR7818144,data/camda_amr_2025/processed/assemblies/train/SRR7818144.fasta,missing
training,SRR7818146,data/camda_amr_2025/processed/assemblies/train/SRR7818146.fasta,missing
training,SRR7818258,data/camda_amr_2025/processed/assemblies/train/SRR7818258.fasta,missing
training,SRR7818324,data/camda_amr_2025/processed/assemblies/train/SRR7818324.fasta,missing
training,SRR7818938,data/camda_amr_2025/processed/assemblies/train/SRR7818938.fasta,missing
training,SRR8443717,data/camda_amr_2025/processed/assemblies/train/SRR8443717.fasta,missing
training,SRR8444321,data/camda_amr_2025/processed/assemblies/train/SRR8444321.fasta,missing
training,SRR8445030,data/camda_amr_2025/processed/assemblies/train/SRR8445030.fasta,missing
training,SRR8448315,data/camda_amr_2025/processed/assemblies/train/SRR8448315.fasta,missing
training,SRR8448905,data/camda_amr_2025/processed/assemblies/train/SRR8448905.fasta,missing
training,SRR8449564,data/camda_amr_2025/processed/assemblies/train/SRR8449564.fasta,missing
training,SRR8449826,data/camda_amr_2025/processed/assemblies/train/SRR8449826.fasta,missing
training,SRR850788,data/camda_amr_2025/processed/assemblies/train/SRR850788.fasta,missing
training,SRR850791,data/camda_amr_2025/processed/assemblies/train/SRR850791.fasta,missing
training,SRR850815,data/camda_amr_2025/processed/assemblies/train/SRR850815.fasta,missing
training,SRR850820,data/camda_amr_2025/processed/assemblies/train/SRR850820.fasta,missing
training,SRR850823,data/camda_amr_2025/processed/assemblies/train/SRR850823.fasta,missing
training,SRR850883,data/camda_amr_2025/processed/assemblies/train/SRR850883.fasta,missing
training,SRR850944,data/camda_amr_2025/processed/assemblies/train/SRR850944.fasta,missing
training,SRR850995,data/camda_amr_2025/processed/assemblies/train/SRR850995.fasta,missing
training,SRR850998,data/camda_amr_2025/processed/assemblies/train/SRR850998.fasta,missing
training,SRR851006,data/camda_amr_2025/processed/assemblies/train/SRR851006.fasta,missing
training,SRR8607458,data/camda_amr_2025/processed/assemblies/train/SRR8607458.fasta,missing
training,SRR8607468,data/camda_amr_2025/processed/assemblies/train/SRR8607468.fasta,missing
training,SRR8737281,data/camda_amr_2025/processed/assemblies/train/SRR8737281.fasta,missing
training,SRR8737282,data/camda_amr_2025/processed/assemblies/train/SRR8737282.fasta,missing
training,SRR8737283,data/camda_amr_2025/processed/assemblies/train/SRR8737283.fasta,missing
training,SRR8737284,data/camda_amr_2025/processed/assemblies/train/SRR8737284.fasta,missing
training,SRR8737285,data/camda_amr_2025/processed/assemblies/train/SRR8737285.fasta,missing
training,SRR8737286,data/camda_amr_2025/processed/assemblies/train/SRR8737286.fasta,missing
training,SRR8737287,data/camda_amr_2025/processed/assemblies/train/SRR8737287.fasta,missing
training,SRR8737288,data/camda_amr_2025/processed/assemblies/train/SRR8737288.fasta,missing
training,SRR8737289,data/camda_amr_2025/processed/assemblies/train/SRR8737289.fasta,missing
training,SRR8737290,data/camda_amr_2025/processed/assemblies/train/SRR8737290.fasta,missing
training,SRR8737291,data/camda_amr_2025/processed/assemblies/train/SRR8737291.fasta,missing
training,SRR8737292,data/camda_amr_2025/processed/assemblies/train/SRR8737292.fasta,missing
training,SRR8737293,data/camda_amr_2025/processed/assemblies/train/SRR8737293.fasta,missing
training,SRR8737294,data/camda_amr_2025/processed/assemblies/train/SRR8737294.fasta,missing
training,SRR8737295,data/camda_amr_2025/processed/assemblies/train/SRR8737295.fasta,missing
training,SRR8737296,data/camda_amr_2025/processed/assemblies/train/SRR8737296.fasta,missing
training,SRR8737297,data/camda_amr_2025/processed/assemblies/train/SRR8737297.fasta,missing
training,SRR8737298,data/camda_amr_2025/processed/assemblies/train/SRR8737298.fasta,missing
training,SRR8737299,data/camda_amr_2025/processed/assemblies/train/SRR8737299.fasta,missing
training,SRR8737300,data/camda_amr_2025/processed/assemblies/train/SRR8737300.fasta,missing
training,SRR8737301,data/camda_amr_2025/processed/assemblies/train/SRR8737301.fasta,missing
training,SRR8737302,data/camda_amr_2025/processed/assemblies/train/SRR8737302.fasta,missing
training,SRR8737303,data/camda_amr_2025/processed/assemblies/train/SRR8737303.fasta,missing
training,SRR8737304,data/camda_amr_2025/processed/assemblies/train/SRR8737304.fasta,missing
training,SRR8737305,data/camda_amr_2025/processed/assemblies/train/SRR8737305.fasta,missing
training,SRR8737307,data/camda_amr_2025/processed/assemblies/train/SRR8737307.fasta,missing
training,SRR8737311,data/camda_amr_2025/processed/assemblies/train/SRR8737311.fasta,missing
training,SRR8737312,data/camda_amr_2025/processed/assemblies/train/SRR8737312.fasta,missing
training,SRR8737313,data/camda_amr_2025/processed/assemblies/train/SRR8737313.fasta,missing
training,SRR8737314,data/camda_amr_2025/processed/assemblies/train/SRR8737314.fasta,missing
training,SRR8737315,data/camda_amr_2025/processed/assemblies/train/SRR8737315.fasta,missing
training,SRR8737316,data/camda_amr_2025/processed/assemblies/train/SRR8737316.fasta,missing
training,SRR8737317,data/camda_amr_2025/processed/assemblies/train/SRR8737317.fasta,missing
training,SRR8737318,data/camda_amr_2025/processed/assemblies/train/SRR8737318.fasta,missing
training,SRR8737319,data/camda_amr_2025/processed/assemblies/train/SRR8737319.fasta,missing
training,SRR8737320,data/camda_amr_2025/processed/assemblies/train/SRR8737320.fasta,missing
training,SRR8737321,data/camda_amr_2025/processed/assemblies/train/SRR8737321.fasta,missing
training,SRR8737322,data/camda_amr_2025/processed/assemblies/train/SRR8737322.fasta,missing
training,SRR8737323,data/camda_amr_2025/processed/assemblies/train/SRR8737323.fasta,missing
training,SRR8737324,data/camda_amr_2025/processed/assemblies/train/SRR8737324.fasta,missing
training,SRR8737325,data/camda_amr_2025/processed/assemblies/train/SRR8737325.fasta,missing
training,SRR8737326,data/camda_amr_2025/processed/assemblies/train/SRR8737326.fasta,missing
training,SRR8737327,data/camda_amr_2025/processed/assemblies/train/SRR8737327.fasta,missing
training,SRR8737328,data/camda_amr_2025/processed/assemblies/train/SRR8737328.fasta,missing
training,SRR8737329,data/camda_amr_2025/processed/assemblies/train/SRR8737329.fasta,missing
training,SRR8737330,data/camda_amr_2025/processed/assemblies/train/SRR8737330.fasta,missing
training,SRR8737331,data/camda_amr_2025/processed/assemblies/train/SRR8737331.fasta,missing
training,SRR8737332,data/camda_amr_2025/processed/assemblies/train/SRR8737332.fasta,missing
training,SRR8737333,data/camda_amr_2025/processed/assemblies/train/SRR8737333.fasta,missing
training,SRR8737334,data/camda_amr_2025/processed/assemblies/train/SRR8737334.fasta,missing
training,SRR8737335,data/camda_amr_2025/processed/assemblies/train/SRR8737335.fasta,missing
training,SRR8737336,data/camda_amr_2025/processed/assemblies/train/SRR8737336.fasta,missing
training,SRR8737337,data/camda_amr_2025/processed/assemblies/train/SRR8737337.fasta,missing
training,SRR8737339,data/camda_amr_2025/processed/assemblies/train/SRR8737339.fasta,missing
training,SRR8737340,data/camda_amr_2025/processed/assemblies/train/SRR8737340.fasta,missing
training,SRR8737341,data/camda_amr_2025/processed/assemblies/train/SRR8737341.fasta,missing
training,SRR8737342,data/camda_amr_2025/processed/assemblies/train/SRR8737342.fasta,missing
training,SRR8737343,data/camda_amr_2025/processed/assemblies/train/SRR8737343.fasta,missing
training,SRR8737344,data/camda_amr_2025/processed/assemblies/train/SRR8737344.fasta,missing
training,SRR8737345,data/camda_amr_2025/processed/assemblies/train/SRR8737345.fasta,missing
training,SRR8737346,data/camda_amr_2025/processed/assemblies/train/SRR8737346.fasta,missing
training,SRR8737347,data/camda_amr_2025/processed/assemblies/train/SRR8737347.fasta,missing
training,SRR8737348,data/camda_amr_2025/processed/assemblies/train/SRR8737348.fasta,missing
training,SRR8737349,data/camda_amr_2025/processed/assemblies/train/SRR8737349.fasta,missing
training,SRR8737350,data/camda_amr_2025/processed/assemblies/train/SRR8737350.fasta,missing
training,SRR8737351,data/camda_amr_2025/processed/assemblies/train/SRR8737351.fasta,missing
training,SRR8737352,data/camda_amr_2025/processed/assemblies/train/SRR8737352.fasta,missing
training,SRR8737353,data/camda_amr_2025/processed/assemblies/train/SRR8737353.fasta,missing
training,SRR8737354,data/camda_amr_2025/processed/assemblies/train/SRR8737354.fasta,missing
training,SRR8737355,data/camda_amr_2025/processed/assemblies/train/SRR8737355.fasta,missing
training,SRR8737356,data/camda_amr_2025/processed/assemblies/train/SRR8737356.fasta,missing
training,SRR8737357,data/camda_amr_2025/processed/assemblies/train/SRR8737357.fasta,missing
training,SRR8737358,data/camda_amr_2025/processed/assemblies/train/SRR8737358.fasta,missing
training,SRR8737359,data/camda_amr_2025/processed/assemblies/train/SRR8737359.fasta,missing
training,SRR8737360,data/camda_amr_2025/processed/assemblies/train/SRR8737360.fasta,missing
training,SRR8737361,data/camda_amr_2025/processed/assemblies/train/SRR8737361.fasta,missing
training,SRR8737362,data/camda_amr_2025/processed/assemblies/train/SRR8737362.fasta,missing
training,SRR8737363,data/camda_amr_2025/processed/assemblies/train/SRR8737363.fasta,missing
training,SRR8737364,data/camda_amr_2025/processed/assemblies/train/SRR8737364.fasta,missing
training,SRR8737365,data/camda_amr_2025/processed/assemblies/train/SRR8737365.fasta,missing
training,SRR8737366,data/camda_amr_2025/processed/assemblies/train/SRR8737366.fasta,missing
training,SRR8737367,data/camda_amr_2025/processed/assemblies/train/SRR8737367.fasta,missing
training,SRR8737368,data/camda_amr_2025/processed/assemblies/train/SRR8737368.fasta,missing
training,SRR8737369,data/camda_amr_2025/processed/assemblies/train/SRR8737369.fasta,missing
training,SRR8737370,data/camda_amr_2025/processed/assemblies/train/SRR8737370.fasta,missing
training,SRR8737371,data/camda_amr_2025/processed/assemblies/train/SRR8737371.fasta,missing
training,SRR8737372,data/camda_amr_2025/processed/assemblies/train/SRR8737372.fasta,missing
training,SRR8737373,data/camda_amr_2025/processed/assemblies/train/SRR8737373.fasta,missing
training,SRR8737374,data/camda_amr_2025/processed/assemblies/train/SRR8737374.fasta,missing
training,SRR8737375,data/camda_amr_2025/processed/assemblies/train/SRR8737375.fasta,missing
training,SRR8737376,data/camda_amr_2025/processed/assemblies/train/SRR8737376.fasta,missing
training,SRR8737377,data/camda_amr_2025/processed/assemblies/train/SRR8737377.fasta,missing
training,SRR8737378,data/camda_amr_2025/processed/assemblies/train/SRR8737378.fasta,missing
training,SRR8737379,data/camda_amr_2025/processed/assemblies/train/SRR8737379.fasta,missing
training,SRR8737380,data/camda_amr_2025/processed/assemblies/train/SRR8737380.fasta,missing
training,SRR8737381,data/camda_amr_2025/processed/assemblies/train/SRR8737381.fasta,missing
training,SRR8737382,data/camda_amr_2025/processed/assemblies/train/SRR8737382.fasta,missing
training,SRR8737383,data/camda_amr_2025/processed/assemblies/train/SRR8737383.fasta,missing
training,SRR8737384,data/camda_amr_2025/processed/assemblies/train/SRR8737384.fasta,missing
training,SRR8737385,data/camda_amr_2025/processed/assemblies/train/SRR8737385.fasta,missing
training,SRR8737386,data/camda_amr_2025/processed/assemblies/train/SRR8737386.fasta,missing
training,SRR8737387,data/camda_amr_2025/processed/assemblies/train/SRR8737387.fasta,missing
training,SRR8737388,data/camda_amr_2025/processed/assemblies/train/SRR8737388.fasta,missing
training,SRR8737389,data/camda_amr_2025/processed/assemblies/train/SRR8737389.fasta,missing
training,SRR8737390,data/camda_amr_2025/processed/assemblies/train/SRR8737390.fasta,missing
training,SRR8737391,data/camda_amr_2025/processed/assemblies/train/SRR8737391.fasta,missing
training,SRR8737392,data/camda_amr_2025/processed/assemblies/train/SRR8737392.fasta,missing
training,SRR8737393,data/camda_amr_2025/processed/assemblies/train/SRR8737393.fasta,missing
training,SRR8737394,data/camda_amr_2025/processed/assemblies/train/SRR8737394.fasta,missing
training,SRR8737395,data/camda_amr_2025/processed/assemblies/train/SRR8737395.fasta,missing
training,SRR8737396,data/camda_amr_2025/processed/assemblies/train/SRR8737396.fasta,missing
training,SRR8737397,data/camda_amr_2025/processed/assemblies/train/SRR8737397.fasta,missing
training,SRR8737398,data/camda_amr_2025/processed/assemblies/train/SRR8737398.fasta,missing
training,SRR8737399,data/camda_amr_2025/processed/assemblies/train/SRR8737399.fasta,missing
training,SRR8737400,data/camda_amr_2025/processed/assemblies/train/SRR8737400.fasta,missing
training,SRR8737401,data/camda_amr_2025/processed/assemblies/train/SRR8737401.fasta,missing
training,SRR8737402,data/camda_amr_2025/processed/assemblies/train/SRR8737402.fasta,missing
training,SRR8737403,data/camda_amr_2025/processed/assemblies/train/SRR8737403.fasta,missing
training,SRR8737404,data/camda_amr_2025/processed/assemblies/train/SRR8737404.fasta,missing
training,SRR8737405,data/camda_amr_2025/processed/assemblies/train/SRR8737405.fasta,missing
training,SRR8737406,data/camda_amr_2025/processed/assemblies/train/SRR8737406.fasta,missing
training,SRR8737407,data/camda_amr_2025/processed/assemblies/train/SRR8737407.fasta,missing
training,SRR8737408,data/camda_amr_2025/processed/assemblies/train/SRR8737408.fasta,missing
training,SRR8737409,data/camda_amr_2025/processed/assemblies/train/SRR8737409.fasta,missing
training,SRR8737410,data/camda_amr_2025/processed/assemblies/train/SRR8737410.fasta,missing
training,SRR8737411,data/camda_amr_2025/processed/assemblies/train/SRR8737411.fasta,missing
training,SRR8737412,data/camda_amr_2025/processed/assemblies/train/SRR8737412.fasta,missing
training,SRR8737413,data/camda_amr_2025/processed/assemblies/train/SRR8737413.fasta,missing
training,SRR8737414,data/camda_amr_2025/processed/assemblies/train/SRR8737414.fasta,missing
training,SRR8737415,data/camda_amr_2025/processed/assemblies/train/SRR8737415.fasta,missing
training,SRR8737416,data/camda_amr_2025/processed/assemblies/train/SRR8737416.fasta,missing
training,SRR8737417,data/camda_amr_2025/processed/assemblies/train/SRR8737417.fasta,missing
training,SRR8737418,data/camda_amr_2025/processed/assemblies/train/SRR8737418.fasta,missing
training,SRR8737419,data/camda_amr_2025/processed/assemblies/train/SRR8737419.fasta,missing
training,SRR8737420,data/camda_amr_2025/processed/assemblies/train/SRR8737420.fasta,missing
training,SRR8737421,data/camda_amr_2025/processed/assemblies/train/SRR8737421.fasta,missing
training,SRR8737422,data/camda_amr_2025/processed/assemblies/train/SRR8737422.fasta,missing
training,SRR8737423,data/camda_amr_2025/processed/assemblies/train/SRR8737423.fasta,missing
training,SRR8737424,data/camda_amr_2025/processed/assemblies/train/SRR8737424.fasta,missing
training,SRR8737425,data/camda_amr_2025/processed/assemblies/train/SRR8737425.fasta,missing
training,SRR8737426,data/camda_amr_2025/processed/assemblies/train/SRR8737426.fasta,missing
training,SRR8737427,data/camda_amr_2025/processed/assemblies/train/SRR8737427.fasta,missing
training,SRR8737428,data/camda_amr_2025/processed/assemblies/train/SRR8737428.fasta,missing
training,SRR8737429,data/camda_amr_2025/processed/assemblies/train/SRR8737429.fasta,missing
training,SRR8737430,data/camda_amr_2025/processed/assemblies/train/SRR8737430.fasta,missing
training,SRR8737431,data/camda_amr_2025/processed/assemblies/train/SRR8737431.fasta,missing
training,SRR8737432,data/camda_amr_2025/processed/assemblies/train/SRR8737432.fasta,missing
training,SRR8737433,data/camda_amr_2025/processed/assemblies/train/SRR8737433.fasta,missing
training,SRR8737434,data/camda_amr_2025/processed/assemblies/train/SRR8737434.fasta,missing
training,SRR8737435,data/camda_amr_2025/processed/assemblies/train/SRR8737435.fasta,missing
training,SRR8737436,data/camda_amr_2025/processed/assemblies/train/SRR8737436.fasta,missing
training,SRR8737437,data/camda_amr_2025/processed/assemblies/train/SRR8737437.fasta,missing
training,SRR8737438,data/camda_amr_2025/processed/assemblies/train/SRR8737438.fasta,missing
training,SRR8737439,data/camda_amr_2025/processed/assemblies/train/SRR8737439.fasta,missing
training,SRR8737440,data/camda_amr_2025/processed/assemblies/train/SRR8737440.fasta,missing
training,SRR8737441,data/camda_amr_2025/processed/assemblies/train/SRR8737441.fasta,missing
training,SRR8737442,data/camda_amr_2025/processed/assemblies/train/SRR8737442.fasta,missing
training,SRR8737443,data/camda_amr_2025/processed/assemblies/train/SRR8737443.fasta,missing
training,SRR8737444,data/camda_amr_2025/processed/assemblies/train/SRR8737444.fasta,missing
training,SRR8737445,data/camda_amr_2025/processed/assemblies/train/SRR8737445.fasta,missing
training,SRR8737446,data/camda_amr_2025/processed/assemblies/train/SRR8737446.fasta,missing
training,SRR8737447,data/camda_amr_2025/processed/assemblies/train/SRR8737447.fasta,missing
training,SRR8737448,data/camda_amr_2025/processed/assemblies/train/SRR8737448.fasta,missing
training,SRR8737449,data/camda_amr_2025/processed/assemblies/train/SRR8737449.fasta,missing
training,SRR8737450,data/camda_amr_2025/processed/assemblies/train/SRR8737450.fasta,missing
training,SRR8737451,data/camda_amr_2025/processed/assemblies/train/SRR8737451.fasta,missing
training,SRR8737452,data/camda_amr_2025/processed/assemblies/train/SRR8737452.fasta,missing
training,SRR8737453,data/camda_amr_2025/processed/assemblies/train/SRR8737453.fasta,missing
training,SRR8737454,data/camda_amr_2025/processed/assemblies/train/SRR8737454.fasta,missing
training,SRR8737455,data/camda_amr_2025/processed/assemblies/train/SRR8737455.fasta,missing
training,SRR8737456,data/camda_amr_2025/processed/assemblies/train/SRR8737456.fasta,missing
training,SRR8737457,data/camda_amr_2025/processed/assemblies/train/SRR8737457.fasta,missing
training,SRR8737458,data/camda_amr_2025/processed/assemblies/train/SRR8737458.fasta,missing
training,SRR8737459,data/camda_amr_2025/processed/assemblies/train/SRR8737459.fasta,missing
training,SRR8737460,data/camda_amr_2025/processed/assemblies/train/SRR8737460.fasta,missing
training,SRR8737461,data/camda_amr_2025/processed/assemblies/train/SRR8737461.fasta,missing
training,SRR8737462,data/camda_amr_2025/processed/assemblies/train/SRR8737462.fasta,missing
training,SRR8737463,data/camda_amr_2025/processed/assemblies/train/SRR8737463.fasta,missing
training,SRR8737464,data/camda_amr_2025/processed/assemblies/train/SRR8737464.fasta,missing
training,SRR8737465,data/camda_amr_2025/processed/assemblies/train/SRR8737465.fasta,missing
training,SRR8737466,data/camda_amr_2025/processed/assemblies/train/SRR8737466.fasta,missing
training,SRR8737467,data/camda_amr_2025/processed/assemblies/train/SRR8737467.fasta,missing
training,SRR8737468,data/camda_amr_2025/processed/assemblies/train/SRR8737468.fasta,missing
training,SRR8737469,data/camda_amr_2025/processed/assemblies/train/SRR8737469.fasta,missing
training,SRR8737470,data/camda_amr_2025/processed/assemblies/train/SRR8737470.fasta,missing
training,SRR8737471,data/camda_amr_2025/processed/assemblies/train/SRR8737471.fasta,missing
training,SRR8737472,data/camda_amr_2025/processed/assemblies/train/SRR8737472.fasta,missing
training,SRR8737473,data/camda_amr_2025/processed/assemblies/train/SRR8737473.fasta,missing
training,SRR8737474,data/camda_amr_2025/processed/assemblies/train/SRR8737474.fasta,missing
training,SRR8737475,data/camda_amr_2025/processed/assemblies/train/SRR8737475.fasta,missing
training,SRR8737476,data/camda_amr_2025/processed/assemblies/train/SRR8737476.fasta,missing
training,SRR8737477,data/camda_amr_2025/processed/assemblies/train/SRR8737477.fasta,missing
training,SRR8737478,data/camda_amr_2025/processed/assemblies/train/SRR8737478.fasta,missing
training,SRR8737479,data/camda_amr_2025/processed/assemblies/train/SRR8737479.fasta,missing
training,SRR8737480,data/camda_amr_2025/processed/assemblies/train/SRR8737480.fasta,missing
training,SRR8737481,data/camda_amr_2025/processed/assemblies/train/SRR8737481.fasta,missing
training,SRR8737482,data/camda_amr_2025/processed/assemblies/train/SRR8737482.fasta,missing
training,SRR8737483,data/camda_amr_2025/processed/assemblies/train/SRR8737483.fasta,missing
training,SRR8737484,data/camda_amr_2025/processed/assemblies/train/SRR8737484.fasta,missing
training,SRR8737485,data/camda_amr_2025/processed/assemblies/train/SRR8737485.fasta,missing
training,SRR8737486,data/camda_amr_2025/processed/assemblies/train/SRR8737486.fasta,missing
training,SRR8737487,data/camda_amr_2025/processed/assemblies/train/SRR8737487.fasta,missing
training,SRR8737488,data/camda_amr_2025/processed/assemblies/train/SRR8737488.fasta,missing
training,SRR8737489,data/camda_amr_2025/processed/assemblies/train/SRR8737489.fasta,missing
training,SRR8737490,data/camda_amr_2025/processed/assemblies/train/SRR8737490.fasta,missing
training,SRR8737491,data/camda_amr_2025/processed/assemblies/train/SRR8737491.fasta,missing
training,SRR8737492,data/camda_amr_2025/processed/assemblies/train/SRR8737492.fasta,missing
training,SRR8737493,data/camda_amr_2025/processed/assemblies/train/SRR8737493.fasta,missing
training,SRR8737494,data/camda_amr_2025/processed/assemblies/train/SRR8737494.fasta,missing
training,SRR8737495,data/camda_amr_2025/processed/assemblies/train/SRR8737495.fasta,missing
training,SRR8737496,data/camda_amr_2025/processed/assemblies/train/SRR8737496.fasta,missing
training,SRR8737497,data/camda_amr_2025/processed/assemblies/train/SRR8737497.fasta,missing
training,SRR8737498,data/camda_amr_2025/processed/assemblies/train/SRR8737498.fasta,missing
training,SRR8737499,data/camda_amr_2025/processed/assemblies/train/SRR8737499.fasta,missing
training,SRR8737500,data/camda_amr_2025/processed/assemblies/train/SRR8737500.fasta,missing
training,SRR8737501,data/camda_amr_2025/processed/assemblies/train/SRR8737501.fasta,missing
training,SRR8737502,data/camda_amr_2025/processed/assemblies/train/SRR8737502.fasta,missing
training,SRR8737503,data/camda_amr_2025/processed/assemblies/train/SRR8737503.fasta,missing
training,SRR8737504,data/camda_amr_2025/processed/assemblies/train/SRR8737504.fasta,missing
training,SRR8737505,data/camda_amr_2025/processed/assemblies/train/SRR8737505.fasta,missing
training,SRR8737506,data/camda_amr_2025/processed/assemblies/train/SRR8737506.fasta,missing
training,SRR8737507,data/camda_amr_2025/processed/assemblies/train/SRR8737507.fasta,missing
training,SRR8737508,data/camda_amr_2025/processed/assemblies/train/SRR8737508.fasta,missing
training,SRR8737509,data/camda_amr_2025/processed/assemblies/train/SRR8737509.fasta,missing
training,SRR8737510,data/camda_amr_2025/processed/assemblies/train/SRR8737510.fasta,missing
training,SRR8737511,data/camda_amr_2025/processed/assemblies/train/SRR8737511.fasta,missing
training,SRR8737512,data/camda_amr_2025/processed/assemblies/train/SRR8737512.fasta,missing
training,SRR8737513,data/camda_amr_2025/processed/assemblies/train/SRR8737513.fasta,missing
training,SRR8737514,data/camda_amr_2025/processed/assemblies/train/SRR8737514.fasta,missing
training,SRR8737515,data/camda_amr_2025/processed/assemblies/train/SRR8737515.fasta,missing
training,SRR8737516,data/camda_amr_2025/processed/assemblies/train/SRR8737516.fasta,missing
training,SRR8737517,data/camda_amr_2025/processed/assemblies/train/SRR8737517.fasta,missing
training,SRR8737518,data/camda_amr_2025/processed/assemblies/train/SRR8737518.fasta,missing
training,SRR8737519,data/camda_amr_2025/processed/assemblies/train/SRR8737519.fasta,missing
training,SRR8737520,data/camda_amr_2025/processed/assemblies/train/SRR8737520.fasta,missing
training,SRR8737521,data/camda_amr_2025/processed/assemblies/train/SRR8737521.fasta,missing
training,SRR8737522,data/camda_amr_2025/processed/assemblies/train/SRR8737522.fasta,missing
training,SRR8737523,data/camda_amr_2025/processed/assemblies/train/SRR8737523.fasta,missing
training,SRR8737524,data/camda_amr_2025/processed/assemblies/train/SRR8737524.fasta,missing
training,SRR8737525,data/camda_amr_2025/processed/assemblies/train/SRR8737525.fasta,missing
training,SRR8737526,data/camda_amr_2025/processed/assemblies/train/SRR8737526.fasta,missing
training,SRR8737528,data/camda_amr_2025/processed/assemblies/train/SRR8737528.fasta,missing
training,SRR8737529,data/camda_amr_2025/processed/assemblies/train/SRR8737529.fasta,missing
training,SRR8737530,data/camda_amr_2025/processed/assemblies/train/SRR8737530.fasta,missing
training,SRR8737531,data/camda_amr_2025/processed/assemblies/train/SRR8737531.fasta,missing
training,SRR8737532,data/camda_amr_2025/processed/assemblies/train/SRR8737532.fasta,missing
training,SRR8737533,data/camda_amr_2025/processed/assemblies/train/SRR8737533.fasta,missing
training,SRR8737534,data/camda_amr_2025/processed/assemblies/train/SRR8737534.fasta,missing
training,SRR8737535,data/camda_amr_2025/processed/assemblies/train/SRR8737535.fasta,missing
training,SRR8737536,data/camda_amr_2025/processed/assemblies/train/SRR8737536.fasta,missing
training,SRR8737537,data/camda_amr_2025/processed/assemblies/train/SRR8737537.fasta,missing
training,SRR8737538,data/camda_amr_2025/processed/assemblies/train/SRR8737538.fasta,missing
training,SRR8737539,data/camda_amr_2025/processed/assemblies/train/SRR8737539.fasta,missing
training,SRR8737540,data/camda_amr_2025/processed/assemblies/train/SRR8737540.fasta,missing
training,SRR8737541,data/camda_amr_2025/processed/assemblies/train/SRR8737541.fasta,missing
training,SRR8737542,data/camda_amr_2025/processed/assemblies/train/SRR8737542.fasta,missing
training,SRR8737543,data/camda_amr_2025/processed/assemblies/train/SRR8737543.fasta,missing
training,SRR8737544,data/camda_amr_2025/processed/assemblies/train/SRR8737544.fasta,missing
training,SRR8737545,data/camda_amr_2025/processed/assemblies/train/SRR8737545.fasta,missing
training,SRR8737546,data/camda_amr_2025/processed/assemblies/train/SRR8737546.fasta,missing
training,SRR8737547,data/camda_amr_2025/processed/assemblies/train/SRR8737547.fasta,missing
training,SRR8737548,data/camda_amr_2025/processed/assemblies/train/SRR8737548.fasta,missing
training,SRR8737549,data/camda_amr_2025/processed/assemblies/train/SRR8737549.fasta,missing
training,SRR8737550,data/camda_amr_2025/processed/assemblies/train/SRR8737550.fasta,missing
training,SRR8737551,data/camda_amr_2025/processed/assemblies/train/SRR8737551.fasta,missing
training,SRR8737552,data/camda_amr_2025/processed/assemblies/train/SRR8737552.fasta,missing
training,SRR8737553,data/camda_amr_2025/processed/assemblies/train/SRR8737553.fasta,missing
training,SRR8737554,data/camda_amr_2025/processed/assemblies/train/SRR8737554.fasta,missing
training,SRR8737555,data/camda_amr_2025/processed/assemblies/train/SRR8737555.fasta,missing
training,SRR8737556,data/camda_amr_2025/processed/assemblies/train/SRR8737556.fasta,missing
training,SRR8737557,data/camda_amr_2025/processed/assemblies/train/SRR8737557.fasta,missing
training,SRR8737558,data/camda_amr_2025/processed/assemblies/train/SRR8737558.fasta,missing
training,SRR8737559,data/camda_amr_2025/processed/assemblies/train/SRR8737559.fasta,missing
training,SRR8737560,data/camda_amr_2025/processed/assemblies/train/SRR8737560.fasta,missing
training,SRR8737561,data/camda_amr_2025/processed/assemblies/train/SRR8737561.fasta,missing
training,SRR8737562,data/camda_amr_2025/processed/assemblies/train/SRR8737562.fasta,missing
training,SRR8737563,data/camda_amr_2025/processed/assemblies/train/SRR8737563.fasta,missing
training,SRR8737564,data/camda_amr_2025/processed/assemblies/train/SRR8737564.fasta,missing
training,SRR8737565,data/camda_amr_2025/processed/assemblies/train/SRR8737565.fasta,missing
training,SRR8737566,data/camda_amr_2025/processed/assemblies/train/SRR8737566.fasta,missing
training,SRR8737567,data/camda_amr_2025/processed/assemblies/train/SRR8737567.fasta,missing
training,SRR8737568,data/camda_amr_2025/processed/assemblies/train/SRR8737568.fasta,missing
training,SRR8737569,data/camda_amr_2025/processed/assemblies/train/SRR8737569.fasta,missing
training,SRR8737570,data/camda_amr_2025/processed/assemblies/train/SRR8737570.fasta,missing
training,SRR8737571,data/camda_amr_2025/processed/assemblies/train/SRR8737571.fasta,missing
training,SRR8737572,data/camda_amr_2025/processed/assemblies/train/SRR8737572.fasta,missing
training,SRR8737573,data/camda_amr_2025/processed/assemblies/train/SRR8737573.fasta,missing
training,SRR8737574,data/camda_amr_2025/processed/assemblies/train/SRR8737574.fasta,missing
training,SRR8737575,data/camda_amr_2025/processed/assemblies/train/SRR8737575.fasta,missing
training,SRR8737576,data/camda_amr_2025/processed/assemblies/train/SRR8737576.fasta,missing
training,SRR8737577,data/camda_amr_2025/processed/assemblies/train/SRR8737577.fasta,missing
training,SRR8737578,data/camda_amr_2025/processed/assemblies/train/SRR8737578.fasta,missing
training,SRR8737579,data/camda_amr_2025/processed/assemblies/train/SRR8737579.fasta,missing
training,SRR8737580,data/camda_amr_2025/processed/assemblies/train/SRR8737580.fasta,missing
training,SRR8737581,data/camda_amr_2025/processed/assemblies/train/SRR8737581.fasta,missing
training,SRR8737582,data/camda_amr_2025/processed/assemblies/train/SRR8737582.fasta,missing
training,SRR8737583,data/camda_amr_2025/processed/assemblies/train/SRR8737583.fasta,missing
training,SRR8737584,data/camda_amr_2025/processed/assemblies/train/SRR8737584.fasta,missing
training,SRR8737585,data/camda_amr_2025/processed/assemblies/train/SRR8737585.fasta,missing
training,SRR8737586,data/camda_amr_2025/processed/assemblies/train/SRR8737586.fasta,missing
training,SRR8737587,data/camda_amr_2025/processed/assemblies/train/SRR8737587.fasta,missing
training,SRR8737588,data/camda_amr_2025/processed/assemblies/train/SRR8737588.fasta,missing
training,SRR8737589,data/camda_amr_2025/processed/assemblies/train/SRR8737589.fasta,missing
training,SRR8737590,data/camda_amr_2025/processed/assemblies/train/SRR8737590.fasta,missing
training,SRR8737591,data/camda_amr_2025/processed/assemblies/train/SRR8737591.fasta,missing
training,SRR8737592,data/camda_amr_2025/processed/assemblies/train/SRR8737592.fasta,missing
training,SRR8737593,data/camda_amr_2025/processed/assemblies/train/SRR8737593.fasta,missing
training,SRR8737594,data/camda_amr_2025/processed/assemblies/train/SRR8737594.fasta,missing
training,SRR8737595,data/camda_amr_2025/processed/assemblies/train/SRR8737595.fasta,missing
training,SRR8737596,data/camda_amr_2025/processed/assemblies/train/SRR8737596.fasta,missing
training,SRR8737597,data/camda_amr_2025/processed/assemblies/train/SRR8737597.fasta,missing
training,SRR8737598,data/camda_amr_2025/processed/assemblies/train/SRR8737598.fasta,missing
training,SRR8737599,data/camda_amr_2025/processed/assemblies/train/SRR8737599.fasta,missing
training,SRR8737600,data/camda_amr_2025/processed/assemblies/train/SRR8737600.fasta,missing
training,SRR8737601,data/camda_amr_2025/processed/assemblies/train/SRR8737601.fasta,missing
training,SRR8737602,data/camda_amr_2025/processed/assemblies/train/SRR8737602.fasta,missing
training,SRR8737603,data/camda_amr_2025/processed/assemblies/train/SRR8737603.fasta,missing
training,SRR8737604,data/camda_amr_2025/processed/assemblies/train/SRR8737604.fasta,missing
training,SRR8737605,data/camda_amr_2025/processed/assemblies/train/SRR8737605.fasta,missing
training,SRR8737606,data/camda_amr_2025/processed/assemblies/train/SRR8737606.fasta,missing
training,SRR8737607,data/camda_amr_2025/processed/assemblies/train/SRR8737607.fasta,missing
training,SRR8737608,data/camda_amr_2025/processed/assemblies/train/SRR8737608.fasta,missing
training,SRR8737609,data/camda_amr_2025/processed/assemblies/train/SRR8737609.fasta,missing
training,SRR8737610,data/camda_amr_2025/processed/assemblies/train/SRR8737610.fasta,missing
training,SRR8737611,data/camda_amr_2025/processed/assemblies/train/SRR8737611.fasta,missing
training,SRR8737612,data/camda_amr_2025/processed/assemblies/train/SRR8737612.fasta,missing
training,SRR8737613,data/camda_amr_2025/processed/assemblies/train/SRR8737613.fasta,missing
training,SRR8737614,data/camda_amr_2025/processed/assemblies/train/SRR8737614.fasta,missing
training,SRR8737615,data/camda_amr_2025/processed/assemblies/train/SRR8737615.fasta,missing
training,SRR8737616,data/camda_amr_2025/processed/assemblies/train/SRR8737616.fasta,missing
training,SRR8737617,data/camda_amr_2025/processed/assemblies/train/SRR8737617.fasta,missing
training,SRR8737618,data/camda_amr_2025/processed/assemblies/train/SRR8737618.fasta,missing
training,SRR8737619,data/camda_amr_2025/processed/assemblies/train/SRR8737619.fasta,missing
training,SRR8737620,data/camda_amr_2025/processed/assemblies/train/SRR8737620.fasta,missing
training,SRR8737621,data/camda_amr_2025/processed/assemblies/train/SRR8737621.fasta,missing
training,SRR8737622,data/camda_amr_2025/processed/assemblies/train/SRR8737622.fasta,missing
training,SRR8737623,data/camda_amr_2025/processed/assemblies/train/SRR8737623.fasta,missing
training,SRR8737624,data/camda_amr_2025/processed/assemblies/train/SRR8737624.fasta,missing
training,SRR8737625,data/camda_amr_2025/processed/assemblies/train/SRR8737625.fasta,missing
training,SRR8737626,data/camda_amr_2025/processed/assemblies/train/SRR8737626.fasta,missing
training,SRR8737627,data/camda_amr_2025/processed/assemblies/train/SRR8737627.fasta,missing
training,SRR8737628,data/camda_amr_2025/processed/assemblies/train/SRR8737628.fasta,missing
training,SRR8737629,data/camda_amr_2025/processed/assemblies/train/SRR8737629.fasta,missing
training,SRR8737630,data/camda_amr_2025/processed/assemblies/train/SRR8737630.fasta,missing
training,SRR8737631,data/camda_amr_2025/processed/assemblies/train/SRR8737631.fasta,missing
training,SRR8737632,data/camda_amr_2025/processed/assemblies/train/SRR8737632.fasta,missing
training,SRR8737633,data/camda_amr_2025/processed/assemblies/train/SRR8737633.fasta,missing
training,SRR8737634,data/camda_amr_2025/processed/assemblies/train/SRR8737634.fasta,missing
training,SRR8737635,data/camda_amr_2025/processed/assemblies/train/SRR8737635.fasta,missing
training,SRR8737636,data/camda_amr_2025/processed/assemblies/train/SRR8737636.fasta,missing
training,SRR8737637,data/camda_amr_2025/processed/assemblies/train/SRR8737637.fasta,missing
training,SRR8737638,data/camda_amr_2025/processed/assemblies/train/SRR8737638.fasta,missing
training,SRR8737639,data/camda_amr_2025/processed/assemblies/train/SRR8737639.fasta,missing
training,SRR8737640,data/camda_amr_2025/processed/assemblies/train/SRR8737640.fasta,missing
training,SRR8737641,data/camda_amr_2025/processed/assemblies/train/SRR8737641.fasta,missing
training,SRR8737642,data/camda_amr_2025/processed/assemblies/train/SRR8737642.fasta,missing
training,SRR8737643,data/camda_amr_2025/processed/assemblies/train/SRR8737643.fasta,missing
training,SRR8737644,data/camda_amr_2025/processed/assemblies/train/SRR8737644.fasta,missing
training,SRR8737645,data/camda_amr_2025/processed/assemblies/train/SRR8737645.fasta,missing
training,SRR8737646,data/camda_amr_2025/processed/assemblies/train/SRR8737646.fasta,missing
training,SRR8737647,data/camda_amr_2025/processed/assemblies/train/SRR8737647.fasta,missing
training,SRR8737648,data/camda_amr_2025/processed/assemblies/train/SRR8737648.fasta,missing
training,SRR8737649,data/camda_amr_2025/processed/assemblies/train/SRR8737649.fasta,missing
training,SRR8737650,data/camda_amr_2025/processed/assemblies/train/SRR8737650.fasta,missing
training,SRR8737651,data/camda_amr_2025/processed/assemblies/train/SRR8737651.fasta,missing
training,SRR8737652,data/camda_amr_2025/processed/assemblies/train/SRR8737652.fasta,missing
training,SRR8737653,data/camda_amr_2025/processed/assemblies/train/SRR8737653.fasta,missing
training,SRR8737654,data/camda_amr_2025/processed/assemblies/train/SRR8737654.fasta,missing
training,SRR8737655,data/camda_amr_2025/processed/assemblies/train/SRR8737655.fasta,missing
training,SRR8737656,data/camda_amr_2025/processed/assemblies/train/SRR8737656.fasta,missing
training,SRR8737657,data/camda_amr_2025/processed/assemblies/train/SRR8737657.fasta,missing
training,SRR8737658,data/camda_amr_2025/processed/assemblies/train/SRR8737658.fasta,missing
training,SRR8737659,data/camda_amr_2025/processed/assemblies/train/SRR8737659.fasta,missing
training,SRR8737660,data/camda_amr_2025/processed/assemblies/train/SRR8737660.fasta,missing
training,SRR8737667,data/camda_amr_2025/processed/assemblies/train/SRR8737667.fasta,missing
training,SRR8737668,data/camda_amr_2025/processed/assemblies/train/SRR8737668.fasta,missing
training,SRR8737669,data/camda_amr_2025/processed/assemblies/train/SRR8737669.fasta,missing
training,SRR8737670,data/camda_amr_2025/processed/assemblies/train/SRR8737670.fasta,missing
training,SRR8737671,data/camda_amr_2025/processed/assemblies/train/SRR8737671.fasta,missing
training,SRR8737672,data/camda_amr_2025/processed/assemblies/train/SRR8737672.fasta,missing
training,SRR8737673,data/camda_amr_2025/processed/assemblies/train/SRR8737673.fasta,missing
training,SRR8737674,data/camda_amr_2025/processed/assemblies/train/SRR8737674.fasta,missing
training,SRR8737675,data/camda_amr_2025/processed/assemblies/train/SRR8737675.fasta,missing
training,SRR8737676,data/camda_amr_2025/processed/assemblies/train/SRR8737676.fasta,missing
training,SRR8737677,data/camda_amr_2025/processed/assemblies/train/SRR8737677.fasta,missing
training,SRR8737678,data/camda_amr_2025/processed/assemblies/train/SRR8737678.fasta,missing
training,SRR8737679,data/camda_amr_2025/processed/assemblies/train/SRR8737679.fasta,missing
training,SRR8737680,data/camda_amr_2025/processed/assemblies/train/SRR8737680.fasta,missing
training,SRR8737682,data/camda_amr_2025/processed/assemblies/train/SRR8737682.fasta,missing
training,SRR8737683,data/camda_amr_2025/processed/assemblies/train/SRR8737683.fasta,missing
training,SRR8737684,data/camda_amr_2025/processed/assemblies/train/SRR8737684.fasta,missing
training,SRR8737685,data/camda_amr_2025/processed/assemblies/train/SRR8737685.fasta,missing
training,SRR8737686,data/camda_amr_2025/processed/assemblies/train/SRR8737686.fasta,missing
training,SRR8737687,data/camda_amr_2025/processed/assemblies/train/SRR8737687.fasta,missing
training,SRR8737688,data/camda_amr_2025/processed/assemblies/train/SRR8737688.fasta,missing
training,SRR8737689,data/camda_amr_2025/processed/assemblies/train/SRR8737689.fasta,missing
training,SRR8737690,data/camda_amr_2025/processed/assemblies/train/SRR8737690.fasta,missing
training,SRR8737691,data/camda_amr_2025/processed/assemblies/train/SRR8737691.fasta,missing
training,SRR8737692,data/camda_amr_2025/processed/assemblies/train/SRR8737692.fasta,missing
training,SRR8737693,data/camda_amr_2025/processed/assemblies/train/SRR8737693.fasta,missing
training,SRR8737694,data/camda_amr_2025/processed/assemblies/train/SRR8737694.fasta,missing
training,SRR8756094,data/camda_amr_2025/processed/assemblies/train/SRR8756094.fasta,missing
training,SRR900126,data/camda_amr_2025/processed/assemblies/train/SRR900126.fasta,missing
training,SRR900133,data/camda_amr_2025/processed/assemblies/train/SRR900133.fasta,missing
training,SRR900152,data/camda_amr_2025/processed/assemblies/train/SRR900152.fasta,missing
training,SRR900155,data/camda_amr_2025/processed/assemblies/train/SRR900155.fasta,missing
training,SRR900168,data/camda_amr_2025/processed/assemblies/train/SRR900168.fasta,missing
training,SRR900183,data/camda_amr_2025/processed/assemblies/train/SRR900183.fasta,missing
training,SRR900184,data/camda_amr_2025/processed/assemblies/train/SRR900184.fasta,missing
training,SRR900207,data/camda_amr_2025/processed/assemblies/train/SRR900207.fasta,missing
training,SRR9207841,data/camda_amr_2025/processed/assemblies/train/SRR9207841.fasta,missing
training,SRR9207844,data/camda_amr_2025/processed/assemblies/train/SRR9207844.fasta,missing
training,SRR9207847,data/camda_amr_2025/processed/assemblies/train/SRR9207847.fasta,missing
training,SRR921382,data/camda_amr_2025/processed/assemblies/train/SRR921382.fasta,missing
training,SRR959017,data/camda_amr_2025/processed/assemblies/train/SRR959017.fasta,missing
training,SRR960878,data/camda_amr_2025/processed/assemblies/train/SRR960878.fasta,missing
training,SRR960879,data/camda_amr_2025/processed/assemblies/train/SRR960879.fasta,missing
training,SRR960880,data/camda_amr_2025/processed/assemblies/train/SRR960880.fasta,missing
training,SRR960883,data/camda_amr_2025/processed/assemblies/train/SRR960883.fasta,missing
training,SRR969045,data/camda_amr_2025/processed/assemblies/train/SRR969045.fasta,missing
training,SRR969336,data/camda_amr_2025/processed/assemblies/train/SRR969336.fasta,missing
training,SRR969341,data/camda_amr_2025/processed/assemblies/train/SRR969341.fasta,missing
training,SRR969345,data/camda_amr_2025/processed/assemblies/train/SRR969345.fasta,missing
training,SRR969348,data/camda_amr_2025/processed/assemblies/train/SRR969348.fasta,missing
training,SRR969351,data/camda_amr_2025/processed/assemblies/train/SRR969351.fasta,missing
training,SRR969352,data/camda_amr_2025/processed/assemblies/train/SRR969352.fasta,missing
training,SRR969377,data/camda_amr_2025/processed/assemblies/train/SRR969377.fasta,missing
training,SRR969378,data/camda_amr_2025/processed/assemblies/train/SRR969378.fasta,missing
training,SRR969379,data/camda_amr_2025/processed/assemblies/train/SRR969379.fasta,missing
training,SRR969380,data/camda_amr_2025/processed/assemblies/train/SRR969380.fasta,missing
training,SRR969382,data/camda_amr_2025/processed/assemblies/train/SRR969382.fasta,missing
training,SRR969386,data/camda_amr_2025/processed/assemblies/train/SRR969386.fasta,missing
training,SRR969389,data/camda_amr_2025/processed/assemblies/train/SRR969389.fasta,missing
training,SRR969391,data/camda_amr_2025/processed/assemblies/train/SRR969391.fasta,missing
training,SRR969392,data/camda_amr_2025/processed/assemblies/train/SRR969392.fasta,missing
